2025-08-26 11:44:19,333 - ERROR - e48d496c-e7d1-4345-8fc2-42fbc78b3b28: file count mismatch (expected 317, found 313)
2025-08-26 11:44:19,408 - ERROR - 0071dfd2-06b0-4396-81aa-d071c22ab5ff: file count mismatch (expected 597, found 593)
2025-08-26 11:44:19,503 - ERROR - f51bc494-dfee-44b2-a6b6-9711862379c0: file count mismatch (expected 507, found 503)
2025-08-26 11:44:19,570 - ERROR - 5c6e17e8-af46-4bec-a41d-75a467c244c3: file count mismatch (expected 297, found 293)
2025-08-26 11:44:19,819 - INFO - 7213d88e-ca07-429f-b031-b471a6e36dae: status processing manually  :: intel_after_mv -> processing
2025-08-26 11:44:19,848 - ERROR - ef7484dc-1413-4aad-9144-2fd73143cd11: file count mismatch (expected 243, found 217)
2025-08-26 11:44:20,073 - INFO - 047a588b-46ff-4582-8bfd-7bd5397e34e5: status None -> processed
2025-08-26 11:44:20,366 - ERROR - ba432851-fde0-460e-930e-a461999e1c8c: file count mismatch (expected 2672, found 2632)
2025-08-26 11:44:20,676 - INFO - fe438cc2-f57f-42d9-a8c7-b4e1d6417689: status failed -> processing
2025-08-26 11:44:21,153 - ERROR - 3dafdf27-2805-4c55-b420-453241092c8d: file count mismatch (expected 1170, found 1171)
2025-08-26 11:44:21,854 - INFO - bb2e5f70-70b7-4a12-ad56-69e3fbea5119: status failed -> processing
2025-08-26 11:44:21,927 - INFO - finalize: moving code/odm_georeferencing -> odm_georeferencing
2025-08-26 11:44:21,957 - INFO - finalize: moving code/img_list.txt -> img_list.txt
2025-08-26 11:44:21,959 - INFO - finalize: moving code/images.json -> images.json
2025-08-26 11:44:21,960 - INFO - finalize: moving code/benchmark.txt -> benchmark.txt
2025-08-26 11:44:21,961 - INFO - finalize: moving code/opensfm -> opensfm
2025-08-26 11:44:21,963 - INFO - finalize: moving code/cameras.json -> cameras.json
2025-08-26 11:44:21,964 - INFO - finalize: moving code/odm_filterpoints -> odm_filterpoints
2025-08-26 11:44:21,966 - INFO - finalize: moving code/odm_meshing -> odm_meshing
2025-08-26 11:44:21,967 - INFO - finalize: moving code/odm_texturing -> odm_texturing
2025-08-26 11:44:21,969 - INFO - finalize: moving code/odm_texturing_25d -> odm_texturing_25d
2025-08-26 11:44:21,970 - INFO - finalize: moving code/odm_dem -> odm_dem
2025-08-26 11:44:21,971 - INFO - finalize: moving code/odm_orthophoto -> odm_orthophoto
2025-08-26 11:44:21,973 - INFO - finalize: moving code/log.json -> log.json
2025-08-26 11:44:21,975 - INFO - finalize: removing empty code dir
2025-08-26 11:44:22,675 - INFO - d66818ec-73b5-45fe-9506-d693c29dd302: status processing -> ortho generated
2025-08-26 11:44:22,801 - INFO - 0c07e618-e640-4dac-8e61-bb50c2119db8: status failed -> processing
2025-08-26 11:44:23,050 - INFO - 74cd34de-af1f-49f0-8e00-c2074e3f941e: status failed -> processing
2025-08-26 11:44:23,244 - INFO - 8e1edddf-6bd9-4441-a8e9-b81a43954efd: status failed -> processing
2025-08-26 11:44:23,326 - INFO - 74181cbf-5ffb-4c6a-abbb-34d8dba2f8b9: status failed -> processing
2025-08-26 11:44:23,492 - INFO - c7c0d80a-c68d-4514-8307-0df440709517: status failed -> processing
2025-08-26 11:44:23,780 - INFO - 25f8de7a-ecb1-49a9-9580-2e7d3ba6c567: status failed -> processing
2025-08-26 11:44:24,243 - ERROR - c2ae26df-ec78-44e3-9572-b5b32edb76db: file count mismatch (expected 5950, found 5929)
2025-08-26 11:44:24,522 - INFO - 28210c94-ce93-4bd5-bfa7-83db6daff457: status failed -> processing
2025-08-26 11:44:24,722 - INFO - a76e8a66-ce2d-4f9f-8745-4c63720a45df: status failed -> processing
2025-08-26 11:44:25,132 - INFO - 56353f98-5315-41e3-8206-cbc29767fdbf: status failed -> processing
2025-08-26 11:44:25,147 - ERROR - c0600676-638e-4435-9816-6621760b3d95: file count mismatch (expected 238, found 217)
2025-08-26 11:44:25,439 - INFO - 69b18411-5f63-4832-91f8-46df717daf12: status processing manually -> processed
2025-08-26 11:44:25,625 - INFO - ca6abca8-8fd7-4454-ac7b-b1d79a5e133d: status failed -> processing
2025-08-26 11:44:26,364 - INFO - 7120972c-fe76-4571-b36a-d17a1215246d: status failed -> processing
2025-08-26 11:44:26,602 - INFO - 69006bde-56ac-49f2-8f27-fc6ee802bd6a: status failed -> processing
2025-08-26 11:44:26,756 - INFO - 30a94e8a-3137-4a95-8eb9-b5eb41cbd028: status failed -> processing
2025-08-26 11:44:27,088 - INFO - f093f376-6936-4ea0-91a3-0380d3fa7381: status failed -> processing
2025-08-26 11:44:27,271 - INFO - finalize: moving code/odm_georeferencing -> odm_georeferencing
2025-08-26 11:44:27,273 - INFO - finalize: moving code/img_list.txt -> img_list.txt
2025-08-26 11:44:27,275 - INFO - finalize: moving code/images.json -> images.json
2025-08-26 11:44:27,277 - INFO - finalize: moving code/benchmark.txt -> benchmark.txt
2025-08-26 11:44:27,279 - INFO - finalize: moving code/opensfm -> opensfm
2025-08-26 11:44:27,281 - INFO - finalize: moving code/cameras.json -> cameras.json
2025-08-26 11:44:27,301 - INFO - finalize: moving code/odm_filterpoints -> odm_filterpoints
2025-08-26 11:44:27,303 - INFO - finalize: moving code/odm_meshing -> odm_meshing
2025-08-26 11:44:27,304 - INFO - finalize: moving code/odm_texturing -> odm_texturing
2025-08-26 11:44:27,306 - INFO - finalize: moving code/odm_texturing_25d -> odm_texturing_25d
2025-08-26 11:44:27,308 - INFO - finalize: moving code/odm_dem -> odm_dem
2025-08-26 11:44:27,309 - INFO - finalize: moving code/odm_orthophoto -> odm_orthophoto
2025-08-26 11:44:27,381 - INFO - d607d7ee-6c9e-4093-9420-1974c3c93e61: status failed -> ortho generated
2025-08-26 11:44:27,704 - INFO - 1638f64f-b695-48e2-9fe1-d3b237cc8240: status failed -> processing
2025-08-26 11:44:27,951 - ERROR - aeeb1d9d-875c-4e75-a2a5-35c5c11b8372: file count mismatch (expected 2667, found 2632)
2025-08-26 11:44:28,216 - INFO - 26d83881-6d5f-4298-836f-cdfa2efd9801: status failed -> processing
2025-08-26 11:44:28,555 - INFO - 2c6f8497-6e6a-4a93-9749-094f875bd3ea: status failed -> processing
2025-08-26 11:44:28,902 - INFO - eea17167-e9cf-4a7a-b761-319b881053e6: status processing manually  :: intel_check_veg_index -> processed
2025-08-26 11:44:29,090 - INFO - 9f226068-35e9-438d-a6ba-43fd9421a20e: status failed -> processing
2025-08-26 11:44:29,336 - INFO - 48275e3e-ca94-417a-bff3-e6a1f3ad0d13: status failed -> processing
2025-08-26 11:44:29,773 - INFO - 83b3aae5-d56f-40d7-9e05-0b97e682c68d: status failed -> processed
2025-08-26 11:44:30,022 - INFO - 7fbb23c2-a323-4a6b-b4b7-c38b2c570e47: status processing manually  :: intel_check_veg_index -> processed
2025-08-26 11:44:30,253 - INFO - e8c8d322-19d8-4851-8bc7-af07a1b9ff32: status failed -> processing
2025-08-26 11:44:30,453 - INFO - 34447d9d-489b-43be-b2d8-d04904623b2d: status failed -> processing
2025-08-26 11:44:30,703 - INFO - 7ec0a32c-0835-46c6-a8c6-b8297d9231ab: status failed -> processing
2025-08-26 11:44:30,872 - ERROR - c36399cd-575d-4d74-99db-6d4b0c024b04: file count mismatch (expected 203, found 182)
2025-08-26 11:44:31,082 - INFO - a20ea33f-228f-429c-bbe9-4b803b5dfaee: status failed -> processing
2025-08-26 11:44:31,225 - INFO - 2e1c4a10-c388-4067-be32-2a9b70bbfa63: status failed -> processing
2025-08-26 11:44:31,561 - INFO - d9b0589d-f2cc-4847-8c10-4e7c02622063: status processing manually  :: intel_check_veg_index -> processed
2025-08-26 11:44:31,816 - INFO - 309e89e1-6875-4f84-9751-f9e774d51ac1: status failed -> processing
2025-08-26 11:44:32,038 - INFO - 0fca3820-0473-4cdf-be58-cebae9978216: status failed -> processing
2025-08-26 11:44:32,289 - INFO - 2448ba6c-8d2d-4b75-a5b2-ba829b7cb15e: status failed -> processing
2025-08-26 11:44:32,500 - INFO - 20e183ec-5107-437e-bd8c-1821f4d86624: status processing manually  :: intel_check_veg_index -> processed
2025-08-26 11:44:32,704 - INFO - 5e8fa477-a57f-4885-b087-f3d9bd7f9841: status failed -> processing
2025-08-26 11:44:32,899 - INFO - c38475b7-2747-4898-9761-332380b34b26: status failed -> processing
2025-08-26 11:44:33,137 - INFO - ba695574-85fd-4c12-beb8-2f9355991b3f: status failed -> processing
2025-08-26 11:44:33,459 - INFO - 97ef348b-22c8-469d-9cea-1d4e61727c45: status failed -> processing
2025-08-26 11:44:33,601 - INFO - c0b21a9d-dd6a-4355-84b0-92ef9e0ac963: status processing manually  :: intel_check_veg_index -> processed
2025-08-26 11:44:34,384 - INFO - 76feb0e4-e773-4dc3-bc46-62a00907fade: status processing manually  :: intel_after_mv -> processed
2025-08-26 11:44:35,070 - INFO - a5bff733-25f9-4c98-8186-c84e505baeff: status failed -> processing
2025-08-26 11:44:35,332 - INFO - fd3e70c6-23f6-4c5c-9e92-f07c3e3b65df: status failed -> processing
2025-08-26 11:44:35,976 - ERROR - 9b1802b9-4f27-4511-9814-6e5b56d61d91: file count mismatch (expected 4004, found 3990)
2025-08-26 11:44:36,369 - INFO - 9fb9f8ae-dce7-4a83-982e-3a4e9251c69f: status failed -> processing
2025-08-26 11:44:36,564 - ERROR - 40321b11-c7df-4b70-8438-2e95ac7a3d14: file count mismatch (expected 2219, found 2205)
2025-08-26 11:44:36,983 - INFO - 3dbb0f71-ff87-45eb-9752-7fc9b0d46b9b: status processing manually  :: intel_after_mv -> processed
2025-08-26 11:44:37,208 - INFO - 3a3ff4a7-ab15-46f9-882b-4a32111f1c1e: status processing manually  :: intel_after_mv -> processed
2025-08-26 11:44:37,461 - INFO - f9e272a9-0916-4098-af12-58679d072159: status failed -> processing
2025-08-26 11:44:37,665 - INFO - abd8e72a-f983-409f-a302-cd3172a30af1: status failed -> processing
2025-08-26 11:44:37,927 - INFO - 0db1afad-c1f8-4f2e-92e0-8178532cddd5: status processing manually  :: intel_after_mv -> processed
2025-08-26 11:44:38,207 - INFO - 3001b4ca-61e5-43c1-bc99-2ab034fdb35d: status processing manually  :: intel_after_mv -> processed
2025-08-26 11:44:38,488 - INFO - 6fe76aef-f906-4e5e-baf3-864d7098d919: status processing manually  :: intel_after_mv -> processed
2025-08-26 11:44:38,658 - INFO - a4f3b058-6bfb-457c-b691-67a765fb3091: status failed -> processing
2025-08-26 11:44:38,795 - INFO - f396f606-124f-466d-ad72-8ddd8c66f803: status failed -> processing
2025-08-26 11:44:39,251 - ERROR - 6a808c36-df1a-4203-84b5-7fe5d9351fa7: file count mismatch (expected 6685, found 6664)
2025-08-26 11:44:39,686 - INFO - 7061ca72-5c2e-42db-9940-6d15b7c43ce6: status processing manually  :: intel_after_mv -> processed
2025-08-26 11:44:39,999 - INFO - 42abfaef-b50f-4985-b757-6a32a3682224: status processing manually  :: intel_after_mv -> processed
2025-08-26 11:44:40,187 - INFO - efd9ce4e-0f36-45bd-9397-425082d1d2c0: status failed -> processing
2025-08-26 11:44:40,388 - INFO - c5613a81-fb0a-4dd2-bafe-050deb4462df: status failed -> processing
2025-08-26 11:44:40,891 - INFO - 83e057c5-18c2-4d77-8e5b-3b594c791760: status processing manually  :: intel_after_mv -> processed
2025-08-26 11:44:41,094 - INFO - 0b9ceb16-8739-4cce-9055-9f546bf1f684: status failed -> processing
2025-08-26 11:44:41,323 - INFO - 69a41a87-e238-4395-aa00-ee7ee84e60cd: status failed -> processing
2025-08-26 11:44:41,532 - INFO - 3330c78c-ea45-4e74-9d2b-a1cfa05b33bb: status failed -> processing
2025-08-26 11:44:41,685 - INFO - 7618db8f-ba0b-4d25-9540-8755dc85dbeb: status failed -> processing
2025-08-26 11:44:41,815 - INFO - 3e6f979e-b207-400f-a05b-cb658022942b: status failed -> processing
2025-08-26 11:44:41,920 - INFO - a623a66e-e19c-4ff3-937a-6271fb083151: status failed -> processing
2025-08-26 11:44:42,026 - INFO - f273f3c4-c421-459a-bb5b-6c87585580db: status failed -> processing
2025-08-26 11:44:42,240 - INFO - 3f708012-654e-41cd-b8a6-22c95029b332: status failed -> processing
2025-08-26 11:44:42,603 - ERROR - be52b07b-c38a-459b-ad9c-bd8765db6302: file count mismatch (expected 4004, found 3990)
2025-08-26 11:44:42,894 - ERROR - 1ca6ad71-7567-4c58-8ac9-9184b7abe5f5: file count mismatch (expected 2219, found 2205)
2025-08-26 11:44:43,094 - INFO - 637bed33-327a-4028-b15c-f5bff07ea4bf: status failed -> processing
2025-08-26 11:44:43,305 - INFO - cc6a55d6-7c68-4509-8385-14bb087e153b: status failed -> processing
2025-08-26 11:44:43,519 - INFO - 5d630c64-a2f4-4553-aa88-072cb10267bb: status failed -> processing
2025-08-26 11:44:43,679 - INFO - 5f7f453b-c736-495d-8eb4-96793a80d51c: status failed -> processing
2025-08-26 11:44:43,843 - INFO - 2f56ff91-2a69-4b20-825d-9871a7934fe4: status failed -> processing
2025-08-26 11:44:44,144 - INFO - df657d99-c00a-44e4-be4e-7287b7aa31cf: status failed -> processing
2025-08-26 11:44:44,444 - INFO - 9d975ff9-565b-46fa-ac1c-d47199152e35: status failed -> processing
2025-08-26 11:44:44,652 - INFO - 683b5f8f-3b58-40a6-ba29-4f1553160da8: status failed -> processing
2025-08-26 11:44:44,797 - INFO - 5e56a4ea-a086-444f-b14b-1721b8d6ef69: status failed -> processing
2025-08-26 11:44:44,998 - INFO - e622e85b-be0f-4161-a850-0de3ea7e9f80: status failed -> processing
2025-08-26 11:44:45,130 - INFO - 6d1ab919-ad26-4713-9757-4f852c73bdc0: status failed -> processing
2025-08-26 11:44:45,372 - INFO - 2386b000-2ef9-455d-b8b3-91acf09f6c17: status failed -> processing
2025-08-26 11:44:45,483 - INFO - 30de206b-804b-4e88-9c39-37e06b0f45f7: status failed -> processing
2025-08-26 11:44:45,969 - ERROR - 01e17e66-0e67-43f6-bc05-ccba093626aa: file count mismatch (expected 6685, found 6664)
2025-08-26 11:44:46,174 - INFO - efadd558-73c3-4102-9480-9f769e37bb54: status failed -> processing
2025-08-26 11:44:46,392 - INFO - 19f87a61-fdd1-428a-9fd7-d8977654a95a: status failed -> processing
2025-08-26 11:44:46,531 - INFO - da49d5a3-5e89-454b-961d-5ab61b0f8609: status failed -> processing
2025-08-26 11:44:46,812 - INFO - 7b87faa7-badd-4d07-8ab6-6ee372ca40a0: status failed -> processing
2025-08-26 11:44:47,033 - INFO - 656acd35-f33f-41f7-a52d-046bb2a8a26f: status failed -> processing
2025-08-26 11:44:47,210 - INFO - 407e625a-3f62-4aa3-8b0d-53969e7d55de: status failed -> processing
2025-08-26 11:44:47,458 - INFO - 3e2addd9-fc66-4bfa-be8d-51f64830260b: status failed -> processing
2025-08-26 11:44:47,709 - INFO - 5d263db3-a62f-4791-9148-986516e5d90a: status failed -> processing
2025-08-26 11:44:48,373 - ERROR - 75478b84-90d5-48fd-8819-3d0a20744bb5: file count mismatch (expected 9338, found 9324)
2025-08-26 11:44:48,647 - INFO - 55915e8e-2997-4753-8f13-24a484478831: status failed -> processing
2025-08-26 11:44:49,087 - ERROR - 30e7eae3-2038-4f16-841c-4be5100a2425: file count mismatch (expected 6419, found 6398)
2025-08-26 11:44:49,282 - INFO - f8e445b3-7033-428e-b1cd-dd0a732e19d4: status failed -> processing
2025-08-26 11:44:49,478 - INFO - 833dc7ea-1677-4a16-a8a5-a40dbaa3cdd2: status failed -> processing
2025-08-26 11:44:49,679 - INFO - b4f9f8d5-8451-4431-856b-daac7d9d3eb1: status failed -> processing
2025-08-26 11:44:49,870 - INFO - fa9fbca0-f330-494b-a222-28432dc74fce: status failed -> processing
2025-08-26 11:44:50,087 - INFO - a8cc18ec-072c-4d0b-8a95-843e6b99e32f: status failed -> processing
2025-08-26 11:44:50,196 - INFO - 174036a2-afc1-4d82-b07e-eba2f8e7ce25: status failed -> processing
2025-08-26 11:44:50,296 - INFO - 4d5eb225-e86b-4a64-9704-45e9021882ae: status failed -> processing
2025-08-26 11:44:50,399 - INFO - 4853ee87-5c96-47d1-bdd9-a1d0a1050717: status failed -> processing
2025-08-26 11:44:50,614 - INFO - 0f93329f-cd32-4327-864e-00566017be29: status failed -> processing
2025-08-26 11:44:50,830 - INFO - d336cc59-69bb-4fef-870b-5130d40fd65c: status failed -> processing
2025-08-26 11:44:51,006 - INFO - de99dc02-8c17-490a-aa14-c3e8ecae29f7: status failed -> processing
2025-08-26 11:44:51,184 - INFO - e5df5f3c-eec0-418d-b986-402e8db31166: status failed -> processing
2025-08-26 11:44:51,295 - INFO - a8e5d625-fa33-4ab1-92b3-01011e8318ec: status failed -> processing
2025-08-26 11:44:51,492 - INFO - d3a97094-5a2d-4eaa-9ff4-71662649e3ca: status failed -> processing
2025-08-26 11:44:51,587 - INFO - 4c744db5-1b74-42c8-9280-f4614d8737e5: status failed -> processing
2025-08-26 11:44:52,147 - ERROR - 180128d5-a7b1-41b6-ab24-375cec741563: file count mismatch (expected 7112, found 7091)
2025-08-26 11:44:52,805 - ERROR - 6095c9b1-a36d-4c14-a078-6c958c1812f3: file count mismatch (expected 8862, found 8841)
2025-08-26 11:44:53,053 - INFO - 20dba6be-0ac2-4b6b-a9fc-e8724873bf20: status failed -> processing
2025-08-26 11:44:53,253 - INFO - 76c4e94e-0617-4d37-b178-ce9a6344d828: status failed -> processing
2025-08-26 11:44:53,504 - INFO - a608e726-6cef-47a8-9e59-11150509b40d: status failed -> processing
2025-08-26 11:44:53,777 - INFO - 25af4794-1ccd-4d98-a7f1-e5aae92e17d5: status failed -> processing
2025-08-26 11:44:54,070 - INFO - c1db93d9-c9fd-4aca-9110-bb6f4a657e84: status failed -> processing
2025-08-26 11:44:54,300 - INFO - 762a1796-81b6-413f-843b-de4593bbb15e: status failed -> processing
2025-08-26 11:44:54,411 - INFO - 3f577274-1480-4452-8fa6-0cef893e72ce: status failed -> processing
2025-08-26 11:44:54,673 - INFO - b304b19a-efcf-4a76-806f-7a299081c348: status failed -> processing
2025-08-26 11:44:54,846 - INFO - b286b1e4-627e-43a6-82c3-f27da9642fdb: status failed -> processing
2025-08-26 11:44:54,962 - INFO - fc616913-25cf-4ace-b088-348e9dc11a2b: status failed -> processing
2025-08-26 11:44:55,251 - ERROR - 1481b835-3334-48e9-a63d-b4794c7a3a60: file count mismatch (expected 4004, found 3990)
2025-08-26 11:44:55,432 - INFO - 2aa81527-3544-4389-86d1-0e7bd51fee2c: status failed -> processing
2025-08-26 11:44:55,653 - INFO - 727d07c8-f583-4b38-978e-e2797cc6c5d3: status failed -> processing
2025-08-26 11:44:55,863 - ERROR - c5b54aad-9d4c-405b-a8df-49f2b91c363c: file count mismatch (expected 2219, found 2205)
2025-08-26 11:44:56,058 - INFO - 33a38934-d127-4886-82c5-515fcddc416e: status failed -> processing
2025-08-26 11:44:56,180 - INFO - 2bb45006-60c6-4f0f-ba33-45cc6fdb55ed: status failed -> processing
2025-08-26 11:44:56,455 - INFO - cf599248-64e1-4e9e-8079-3db4d22a3d0f: status failed -> processing
2025-08-26 11:44:56,666 - INFO - d23456db-fb52-4b60-a9cf-3f9461f88d19: status failed -> processing
2025-08-26 11:44:56,877 - INFO - bf29b3a6-7be3-43eb-b419-7277490793e9: status failed -> processing
2025-08-26 11:44:57,096 - INFO - a65254ea-36e0-465c-b791-7afe972d4050: status failed -> processing
2025-08-26 11:44:57,375 - INFO - 95636012-d6ef-4823-b170-7b13df21226b: status failed -> processing
2025-08-26 11:44:57,671 - INFO - 1a99048f-8750-44ff-9b89-3b5179a41b30: status failed -> processing
2025-08-26 11:44:57,898 - INFO - 330b9332-747b-45e1-ad4a-a7cef4d69aa6: status failed -> processing
2025-08-26 11:44:58,053 - INFO - d3bbeb8a-5e86-4bed-a6b1-6956462aeb32: status failed -> processing
2025-08-26 11:44:58,228 - INFO - e38eb35c-fa13-4aa6-9cdf-3c1f87ab9ba8: status failed -> processing
2025-08-26 11:44:58,748 - ERROR - e7631886-db3f-4b9c-9388-98b1cf5d6731: file count mismatch (expected 6685, found 6664)
2025-08-26 11:44:59,028 - INFO - 23e0c1dd-642b-4228-99ef-f1f5303868c2: status failed -> processing
2025-08-26 11:44:59,192 - INFO - 2ed92943-97a9-41ca-8a2d-715e2279285d: status failed -> processing
2025-08-26 11:44:59,375 - INFO - 5783828e-74c8-4e86-b450-ab6b9210cc0c: status failed -> processing
2025-08-26 11:44:59,615 - INFO - 298230b4-b6ab-460a-a317-d3b360be38ea: status failed -> processing
2025-08-26 11:44:59,833 - INFO - d9a5c188-42f4-4450-ac80-d5f850c0785e: status failed -> processing
2025-08-26 11:45:00,040 - INFO - 21a8a7e2-3f3d-47c1-a544-f9887f7d2a61: status failed -> processing
2025-08-26 11:45:00,187 - INFO - 969757fb-b6b2-4242-830f-08096ae555db: status failed -> processing
2025-08-26 11:45:00,400 - INFO - a5c24c02-dc1c-43a2-93c0-fc0ccde75b44: status failed -> processing
2025-08-26 11:45:00,636 - INFO - ad2fb795-3ff0-4895-a956-76baaff0a84b: status failed -> processing
2025-08-26 11:45:00,859 - INFO - 03ea445b-2842-4bba-86bf-38f47349040b: status failed -> processing
2025-08-26 11:45:01,103 - INFO - 59424b0b-9db0-41e5-a852-df0a3035e5c0: status failed -> processing
2025-08-26 11:45:01,297 - INFO - 6553b1a6-fadf-4a2a-be37-7e22398e724d: status failed -> processing
2025-08-26 11:45:01,513 - INFO - 47d68277-b5e4-4b0e-979b-217912e84052: status failed -> processing
2025-08-26 11:45:01,728 - INFO - 77a62422-02b4-43c6-a273-084849badc4e: status failed -> processing
2025-08-26 11:45:01,954 - INFO - c4fdbc5c-1273-4fc6-ac14-193189f71ecd: status failed -> processing
2025-08-26 11:45:02,148 - INFO - 355766de-bdcf-44a9-b378-9d2cc9649e79: status failed -> processing
2025-08-26 11:45:02,351 - INFO - 2e14175e-2eb1-42a7-a9ba-943d00e6ff48: status failed -> processing
2025-08-26 11:45:02,451 - INFO - 4b7bec7a-58b8-4fd7-a4e9-ca69f9abbac9: status failed -> processing
2025-08-26 11:45:02,569 - INFO - 465a5bb6-540b-4da4-b572-ed7a19c4d823: status failed -> processing
2025-08-26 11:45:02,669 - INFO - 99f5dd56-3339-41cf-8f67-c5fc8f984e9b: status failed -> processing
2025-08-26 11:45:03,046 - INFO - e8951074-5212-4695-9df8-706692636e40: status failed -> processing
2025-08-26 11:45:03,220 - INFO - dba4dd9a-85cd-4ff7-96ff-9af5b0e4dead: status failed -> processing
2025-08-26 11:45:03,321 - INFO - cd06013c-4afa-4fe4-9d7b-c22526f1cae7: status failed -> processing
2025-08-26 11:45:03,516 - INFO - 8af68feb-a854-4a71-9f12-434723e5dde3: status failed -> processing
2025-08-26 11:45:03,677 - INFO - 8bde1cb8-f843-43ce-bc4f-146f081513e6: status failed -> processing
2025-08-26 13:47:11,230 - ERROR - e48d496c-e7d1-4345-8fc2-42fbc78b3b28: file count mismatch (expected 317, found 313)
2025-08-26 13:47:11,230 - INFO - [dry-run] DB set e48d496c-e7d1-4345-8fc2-42fbc78b3b28: {'stages.odm.state': 'blocked', 'stages.odm.message': 'file count mismatch (expected 317, found 313)'}
2025-08-26 13:47:11,230 - INFO - [dry-run] DB set e48d496c-e7d1-4345-8fc2-42fbc78b3b28: status=file count mismatch
2025-08-26 13:47:11,230 - INFO - Reconciled 1 flights (station=sandhills)
2025-08-26 13:47:22,948 - ERROR - e48d496c-e7d1-4345-8fc2-42fbc78b3b28: file count mismatch (expected 317, found 313)
2025-08-26 13:47:22,948 - INFO - [dry-run] DB set e48d496c-e7d1-4345-8fc2-42fbc78b3b28: {'stages.odm.state': 'blocked', 'stages.odm.message': 'file count mismatch (expected 317, found 313)'}
2025-08-26 13:47:22,949 - INFO - [dry-run] DB set e48d496c-e7d1-4345-8fc2-42fbc78b3b28: status=file count mismatch
2025-08-26 13:47:22,960 - ERROR - 0071dfd2-06b0-4396-81aa-d071c22ab5ff: file count mismatch (expected 597, found 593)
2025-08-26 13:47:22,961 - INFO - [dry-run] DB set 0071dfd2-06b0-4396-81aa-d071c22ab5ff: {'stages.odm.state': 'blocked', 'stages.odm.message': 'file count mismatch (expected 597, found 593)'}
2025-08-26 13:47:22,961 - INFO - [dry-run] DB set 0071dfd2-06b0-4396-81aa-d071c22ab5ff: status=file count mismatch
2025-08-26 13:47:22,979 - ERROR - f51bc494-dfee-44b2-a6b6-9711862379c0: file count mismatch (expected 507, found 503)
2025-08-26 13:47:22,979 - INFO - [dry-run] DB set f51bc494-dfee-44b2-a6b6-9711862379c0: {'stages.odm.state': 'blocked', 'stages.odm.message': 'file count mismatch (expected 507, found 503)'}
2025-08-26 13:47:22,979 - INFO - [dry-run] DB set f51bc494-dfee-44b2-a6b6-9711862379c0: status=file count mismatch
2025-08-26 13:47:22,999 - ERROR - 5c6e17e8-af46-4bec-a41d-75a467c244c3: file count mismatch (expected 297, found 293)
2025-08-26 13:47:22,999 - INFO - [dry-run] DB set 5c6e17e8-af46-4bec-a41d-75a467c244c3: {'stages.odm.state': 'blocked', 'stages.odm.message': 'file count mismatch (expected 297, found 293)'}
2025-08-26 13:47:22,999 - INFO - [dry-run] DB set 5c6e17e8-af46-4bec-a41d-75a467c244c3: status=file count mismatch
2025-08-26 13:47:23,116 - ERROR - Error reconciling 7213d88e-ca07-429f-b031-b471a6e36dae: recompute_overall() missing 1 required positional argument: 'overall_prev'
Traceback (most recent call last):
  File "/usr/local/usrapps/drones/drone-pilot-upload/ortho_processing/reconcile_flights.py", line 333, in main
    reconcile_one(col, meta, dry_run=args.dry_run, finalize=True)
  File "/usr/local/usrapps/drones/drone-pilot-upload/ortho_processing/reconcile_flights.py", line 285, in reconcile_one
    overall = recompute_overall(odm_state, oi_state)
TypeError: recompute_overall() missing 1 required positional argument: 'overall_prev'
2025-08-26 13:47:23,128 - ERROR - ef7484dc-1413-4aad-9144-2fd73143cd11: file count mismatch (expected 243, found 217)
2025-08-26 13:47:23,128 - INFO - [dry-run] DB set ef7484dc-1413-4aad-9144-2fd73143cd11: {'stages.odm.state': 'blocked', 'stages.odm.message': 'file count mismatch (expected 243, found 217)'}
2025-08-26 13:47:23,128 - INFO - [dry-run] DB set ef7484dc-1413-4aad-9144-2fd73143cd11: status=file count mismatch
2025-08-26 13:47:23,175 - ERROR - Error reconciling 047a588b-46ff-4582-8bfd-7bd5397e34e5: recompute_overall() missing 1 required positional argument: 'overall_prev'
Traceback (most recent call last):
  File "/usr/local/usrapps/drones/drone-pilot-upload/ortho_processing/reconcile_flights.py", line 333, in main
    reconcile_one(col, meta, dry_run=args.dry_run, finalize=True)
  File "/usr/local/usrapps/drones/drone-pilot-upload/ortho_processing/reconcile_flights.py", line 285, in reconcile_one
    overall = recompute_overall(odm_state, oi_state)
TypeError: recompute_overall() missing 1 required positional argument: 'overall_prev'
2025-08-26 13:47:23,396 - ERROR - ba432851-fde0-460e-930e-a461999e1c8c: file count mismatch (expected 2672, found 2632)
2025-08-26 13:47:23,396 - INFO - [dry-run] DB set ba432851-fde0-460e-930e-a461999e1c8c: {'stages.odm.state': 'blocked', 'stages.odm.message': 'file count mismatch (expected 2672, found 2632)'}
2025-08-26 13:47:23,396 - INFO - [dry-run] DB set ba432851-fde0-460e-930e-a461999e1c8c: status=file count mismatch
2025-08-26 13:47:23,567 - ERROR - Error reconciling fe438cc2-f57f-42d9-a8c7-b4e1d6417689: recompute_overall() missing 1 required positional argument: 'overall_prev'
Traceback (most recent call last):
  File "/usr/local/usrapps/drones/drone-pilot-upload/ortho_processing/reconcile_flights.py", line 333, in main
    reconcile_one(col, meta, dry_run=args.dry_run, finalize=True)
  File "/usr/local/usrapps/drones/drone-pilot-upload/ortho_processing/reconcile_flights.py", line 285, in reconcile_one
    overall = recompute_overall(odm_state, oi_state)
TypeError: recompute_overall() missing 1 required positional argument: 'overall_prev'
2025-08-26 13:47:23,627 - ERROR - Error reconciling 38c4387c-fc9d-45aa-9fe8-643deba993a2: recompute_overall() missing 1 required positional argument: 'overall_prev'
Traceback (most recent call last):
  File "/usr/local/usrapps/drones/drone-pilot-upload/ortho_processing/reconcile_flights.py", line 333, in main
    reconcile_one(col, meta, dry_run=args.dry_run, finalize=True)
  File "/usr/local/usrapps/drones/drone-pilot-upload/ortho_processing/reconcile_flights.py", line 285, in reconcile_one
    overall = recompute_overall(odm_state, oi_state)
TypeError: recompute_overall() missing 1 required positional argument: 'overall_prev'
2025-08-26 13:47:23,677 - ERROR - Error reconciling a7d5d249-1f45-4bfb-98e6-8c52c9e29a8d: recompute_overall() missing 1 required positional argument: 'overall_prev'
Traceback (most recent call last):
  File "/usr/local/usrapps/drones/drone-pilot-upload/ortho_processing/reconcile_flights.py", line 333, in main
    reconcile_one(col, meta, dry_run=args.dry_run, finalize=True)
  File "/usr/local/usrapps/drones/drone-pilot-upload/ortho_processing/reconcile_flights.py", line 285, in reconcile_one
    overall = recompute_overall(odm_state, oi_state)
TypeError: recompute_overall() missing 1 required positional argument: 'overall_prev'
2025-08-26 13:47:23,760 - ERROR - 3dafdf27-2805-4c55-b420-453241092c8d: file count mismatch (expected 1170, found 1171)
2025-08-26 13:47:23,761 - INFO - [dry-run] DB set 3dafdf27-2805-4c55-b420-453241092c8d: {'stages.odm.state': 'blocked', 'stages.odm.message': 'file count mismatch (expected 1170, found 1171)'}
2025-08-26 13:47:23,761 - INFO - [dry-run] DB set 3dafdf27-2805-4c55-b420-453241092c8d: status=file count mismatch
2025-08-26 13:47:23,808 - ERROR - Error reconciling d427c2d7-fdde-4660-88a7-ca2268a599ac: recompute_overall() missing 1 required positional argument: 'overall_prev'
Traceback (most recent call last):
  File "/usr/local/usrapps/drones/drone-pilot-upload/ortho_processing/reconcile_flights.py", line 333, in main
    reconcile_one(col, meta, dry_run=args.dry_run, finalize=True)
  File "/usr/local/usrapps/drones/drone-pilot-upload/ortho_processing/reconcile_flights.py", line 285, in reconcile_one
    overall = recompute_overall(odm_state, oi_state)
TypeError: recompute_overall() missing 1 required positional argument: 'overall_prev'
2025-08-26 13:47:23,947 - ERROR - Error reconciling 721f8d2f-5f57-492f-b71d-9d3ee6ad9928: recompute_overall() missing 1 required positional argument: 'overall_prev'
Traceback (most recent call last):
  File "/usr/local/usrapps/drones/drone-pilot-upload/ortho_processing/reconcile_flights.py", line 333, in main
    reconcile_one(col, meta, dry_run=args.dry_run, finalize=True)
  File "/usr/local/usrapps/drones/drone-pilot-upload/ortho_processing/reconcile_flights.py", line 285, in reconcile_one
    overall = recompute_overall(odm_state, oi_state)
TypeError: recompute_overall() missing 1 required positional argument: 'overall_prev'
2025-08-26 13:47:24,114 - ERROR - Error reconciling bb2e5f70-70b7-4a12-ad56-69e3fbea5119: recompute_overall() missing 1 required positional argument: 'overall_prev'
Traceback (most recent call last):
  File "/usr/local/usrapps/drones/drone-pilot-upload/ortho_processing/reconcile_flights.py", line 333, in main
    reconcile_one(col, meta, dry_run=args.dry_run, finalize=True)
  File "/usr/local/usrapps/drones/drone-pilot-upload/ortho_processing/reconcile_flights.py", line 285, in reconcile_one
    overall = recompute_overall(odm_state, oi_state)
TypeError: recompute_overall() missing 1 required positional argument: 'overall_prev'
2025-08-26 13:47:24,188 - ERROR - Error reconciling d66818ec-73b5-45fe-9506-d693c29dd302: recompute_overall() missing 1 required positional argument: 'overall_prev'
Traceback (most recent call last):
  File "/usr/local/usrapps/drones/drone-pilot-upload/ortho_processing/reconcile_flights.py", line 333, in main
    reconcile_one(col, meta, dry_run=args.dry_run, finalize=True)
  File "/usr/local/usrapps/drones/drone-pilot-upload/ortho_processing/reconcile_flights.py", line 285, in reconcile_one
    overall = recompute_overall(odm_state, oi_state)
TypeError: recompute_overall() missing 1 required positional argument: 'overall_prev'
2025-08-26 13:47:24,228 - ERROR - Error reconciling 0c07e618-e640-4dac-8e61-bb50c2119db8: recompute_overall() missing 1 required positional argument: 'overall_prev'
Traceback (most recent call last):
  File "/usr/local/usrapps/drones/drone-pilot-upload/ortho_processing/reconcile_flights.py", line 333, in main
    reconcile_one(col, meta, dry_run=args.dry_run, finalize=True)
  File "/usr/local/usrapps/drones/drone-pilot-upload/ortho_processing/reconcile_flights.py", line 285, in reconcile_one
    overall = recompute_overall(odm_state, oi_state)
TypeError: recompute_overall() missing 1 required positional argument: 'overall_prev'
2025-08-26 13:47:24,405 - ERROR - Error reconciling 74cd34de-af1f-49f0-8e00-c2074e3f941e: recompute_overall() missing 1 required positional argument: 'overall_prev'
Traceback (most recent call last):
  File "/usr/local/usrapps/drones/drone-pilot-upload/ortho_processing/reconcile_flights.py", line 333, in main
    reconcile_one(col, meta, dry_run=args.dry_run, finalize=True)
  File "/usr/local/usrapps/drones/drone-pilot-upload/ortho_processing/reconcile_flights.py", line 285, in reconcile_one
    overall = recompute_overall(odm_state, oi_state)
TypeError: recompute_overall() missing 1 required positional argument: 'overall_prev'
2025-08-26 13:47:24,558 - ERROR - Error reconciling 8e1edddf-6bd9-4441-a8e9-b81a43954efd: recompute_overall() missing 1 required positional argument: 'overall_prev'
Traceback (most recent call last):
  File "/usr/local/usrapps/drones/drone-pilot-upload/ortho_processing/reconcile_flights.py", line 333, in main
    reconcile_one(col, meta, dry_run=args.dry_run, finalize=True)
  File "/usr/local/usrapps/drones/drone-pilot-upload/ortho_processing/reconcile_flights.py", line 285, in reconcile_one
    overall = recompute_overall(odm_state, oi_state)
TypeError: recompute_overall() missing 1 required positional argument: 'overall_prev'
2025-08-26 13:47:24,575 - ERROR - Error reconciling 74181cbf-5ffb-4c6a-abbb-34d8dba2f8b9: recompute_overall() missing 1 required positional argument: 'overall_prev'
Traceback (most recent call last):
  File "/usr/local/usrapps/drones/drone-pilot-upload/ortho_processing/reconcile_flights.py", line 333, in main
    reconcile_one(col, meta, dry_run=args.dry_run, finalize=True)
  File "/usr/local/usrapps/drones/drone-pilot-upload/ortho_processing/reconcile_flights.py", line 285, in reconcile_one
    overall = recompute_overall(odm_state, oi_state)
TypeError: recompute_overall() missing 1 required positional argument: 'overall_prev'
2025-08-26 13:47:24,665 - ERROR - Error reconciling c7c0d80a-c68d-4514-8307-0df440709517: recompute_overall() missing 1 required positional argument: 'overall_prev'
Traceback (most recent call last):
  File "/usr/local/usrapps/drones/drone-pilot-upload/ortho_processing/reconcile_flights.py", line 333, in main
    reconcile_one(col, meta, dry_run=args.dry_run, finalize=True)
  File "/usr/local/usrapps/drones/drone-pilot-upload/ortho_processing/reconcile_flights.py", line 285, in reconcile_one
    overall = recompute_overall(odm_state, oi_state)
TypeError: recompute_overall() missing 1 required positional argument: 'overall_prev'
2025-08-26 13:47:24,709 - ERROR - Error reconciling f8e6a024-f9f3-429b-a95e-ae8229ce5083: recompute_overall() missing 1 required positional argument: 'overall_prev'
Traceback (most recent call last):
  File "/usr/local/usrapps/drones/drone-pilot-upload/ortho_processing/reconcile_flights.py", line 333, in main
    reconcile_one(col, meta, dry_run=args.dry_run, finalize=True)
  File "/usr/local/usrapps/drones/drone-pilot-upload/ortho_processing/reconcile_flights.py", line 285, in reconcile_one
    overall = recompute_overall(odm_state, oi_state)
TypeError: recompute_overall() missing 1 required positional argument: 'overall_prev'
2025-08-26 13:47:24,794 - ERROR - Error reconciling 25f8de7a-ecb1-49a9-9580-2e7d3ba6c567: recompute_overall() missing 1 required positional argument: 'overall_prev'
Traceback (most recent call last):
  File "/usr/local/usrapps/drones/drone-pilot-upload/ortho_processing/reconcile_flights.py", line 333, in main
    reconcile_one(col, meta, dry_run=args.dry_run, finalize=True)
  File "/usr/local/usrapps/drones/drone-pilot-upload/ortho_processing/reconcile_flights.py", line 285, in reconcile_one
    overall = recompute_overall(odm_state, oi_state)
TypeError: recompute_overall() missing 1 required positional argument: 'overall_prev'
2025-08-26 13:47:24,838 - ERROR - Error reconciling 2a5fd499-4eed-4492-8e2b-daa3a4ac02df: recompute_overall() missing 1 required positional argument: 'overall_prev'
Traceback (most recent call last):
  File "/usr/local/usrapps/drones/drone-pilot-upload/ortho_processing/reconcile_flights.py", line 333, in main
    reconcile_one(col, meta, dry_run=args.dry_run, finalize=True)
  File "/usr/local/usrapps/drones/drone-pilot-upload/ortho_processing/reconcile_flights.py", line 285, in reconcile_one
    overall = recompute_overall(odm_state, oi_state)
TypeError: recompute_overall() missing 1 required positional argument: 'overall_prev'
2025-08-26 13:47:25,169 - ERROR - c2ae26df-ec78-44e3-9572-b5b32edb76db: file count mismatch (expected 5950, found 5929)
2025-08-26 13:47:25,169 - INFO - [dry-run] DB set c2ae26df-ec78-44e3-9572-b5b32edb76db: {'stages.odm.state': 'blocked', 'stages.odm.message': 'file count mismatch (expected 5950, found 5929)'}
2025-08-26 13:47:25,169 - INFO - [dry-run] DB set c2ae26df-ec78-44e3-9572-b5b32edb76db: status=file count mismatch
2025-08-26 13:47:25,320 - ERROR - Error reconciling 28210c94-ce93-4bd5-bfa7-83db6daff457: recompute_overall() missing 1 required positional argument: 'overall_prev'
Traceback (most recent call last):
  File "/usr/local/usrapps/drones/drone-pilot-upload/ortho_processing/reconcile_flights.py", line 333, in main
    reconcile_one(col, meta, dry_run=args.dry_run, finalize=True)
  File "/usr/local/usrapps/drones/drone-pilot-upload/ortho_processing/reconcile_flights.py", line 285, in reconcile_one
    overall = recompute_overall(odm_state, oi_state)
TypeError: recompute_overall() missing 1 required positional argument: 'overall_prev'
2025-08-26 13:47:25,424 - ERROR - Error reconciling a76e8a66-ce2d-4f9f-8745-4c63720a45df: recompute_overall() missing 1 required positional argument: 'overall_prev'
Traceback (most recent call last):
  File "/usr/local/usrapps/drones/drone-pilot-upload/ortho_processing/reconcile_flights.py", line 333, in main
    reconcile_one(col, meta, dry_run=args.dry_run, finalize=True)
  File "/usr/local/usrapps/drones/drone-pilot-upload/ortho_processing/reconcile_flights.py", line 285, in reconcile_one
    overall = recompute_overall(odm_state, oi_state)
TypeError: recompute_overall() missing 1 required positional argument: 'overall_prev'
2025-08-26 13:47:25,463 - ERROR - Error reconciling b73dc42e-eec8-4781-93fd-f6cfb1e6a90f: recompute_overall() missing 1 required positional argument: 'overall_prev'
Traceback (most recent call last):
  File "/usr/local/usrapps/drones/drone-pilot-upload/ortho_processing/reconcile_flights.py", line 333, in main
    reconcile_one(col, meta, dry_run=args.dry_run, finalize=True)
  File "/usr/local/usrapps/drones/drone-pilot-upload/ortho_processing/reconcile_flights.py", line 285, in reconcile_one
    overall = recompute_overall(odm_state, oi_state)
TypeError: recompute_overall() missing 1 required positional argument: 'overall_prev'
2025-08-26 13:47:25,593 - ERROR - Error reconciling 56353f98-5315-41e3-8206-cbc29767fdbf: recompute_overall() missing 1 required positional argument: 'overall_prev'
Traceback (most recent call last):
  File "/usr/local/usrapps/drones/drone-pilot-upload/ortho_processing/reconcile_flights.py", line 333, in main
    reconcile_one(col, meta, dry_run=args.dry_run, finalize=True)
  File "/usr/local/usrapps/drones/drone-pilot-upload/ortho_processing/reconcile_flights.py", line 285, in reconcile_one
    overall = recompute_overall(odm_state, oi_state)
TypeError: recompute_overall() missing 1 required positional argument: 'overall_prev'
2025-08-26 13:47:25,605 - ERROR - c0600676-638e-4435-9816-6621760b3d95: file count mismatch (expected 238, found 217)
2025-08-26 13:47:25,605 - INFO - [dry-run] DB set c0600676-638e-4435-9816-6621760b3d95: {'stages.odm.state': 'blocked', 'stages.odm.message': 'file count mismatch (expected 238, found 217)'}
2025-08-26 13:47:25,605 - INFO - [dry-run] DB set c0600676-638e-4435-9816-6621760b3d95: status=file count mismatch
2025-08-26 13:47:25,755 - ERROR - Error reconciling 69b18411-5f63-4832-91f8-46df717daf12: recompute_overall() missing 1 required positional argument: 'overall_prev'
Traceback (most recent call last):
  File "/usr/local/usrapps/drones/drone-pilot-upload/ortho_processing/reconcile_flights.py", line 333, in main
    reconcile_one(col, meta, dry_run=args.dry_run, finalize=True)
  File "/usr/local/usrapps/drones/drone-pilot-upload/ortho_processing/reconcile_flights.py", line 285, in reconcile_one
    overall = recompute_overall(odm_state, oi_state)
TypeError: recompute_overall() missing 1 required positional argument: 'overall_prev'
2025-08-26 13:47:25,884 - ERROR - Error reconciling ca6abca8-8fd7-4454-ac7b-b1d79a5e133d: recompute_overall() missing 1 required positional argument: 'overall_prev'
Traceback (most recent call last):
  File "/usr/local/usrapps/drones/drone-pilot-upload/ortho_processing/reconcile_flights.py", line 333, in main
    reconcile_one(col, meta, dry_run=args.dry_run, finalize=True)
  File "/usr/local/usrapps/drones/drone-pilot-upload/ortho_processing/reconcile_flights.py", line 285, in reconcile_one
    overall = recompute_overall(odm_state, oi_state)
TypeError: recompute_overall() missing 1 required positional argument: 'overall_prev'
2025-08-26 13:47:26,088 - ERROR - Error reconciling e3cd90ce-3ba7-40bd-af96-ee9711f5cf44: recompute_overall() missing 1 required positional argument: 'overall_prev'
Traceback (most recent call last):
  File "/usr/local/usrapps/drones/drone-pilot-upload/ortho_processing/reconcile_flights.py", line 333, in main
    reconcile_one(col, meta, dry_run=args.dry_run, finalize=True)
  File "/usr/local/usrapps/drones/drone-pilot-upload/ortho_processing/reconcile_flights.py", line 285, in reconcile_one
    overall = recompute_overall(odm_state, oi_state)
TypeError: recompute_overall() missing 1 required positional argument: 'overall_prev'
2025-08-26 13:47:26,121 - ERROR - Error reconciling 40a80503-9a9b-48f7-bda9-ba3c972dec62: recompute_overall() missing 1 required positional argument: 'overall_prev'
Traceback (most recent call last):
  File "/usr/local/usrapps/drones/drone-pilot-upload/ortho_processing/reconcile_flights.py", line 333, in main
    reconcile_one(col, meta, dry_run=args.dry_run, finalize=True)
  File "/usr/local/usrapps/drones/drone-pilot-upload/ortho_processing/reconcile_flights.py", line 285, in reconcile_one
    overall = recompute_overall(odm_state, oi_state)
TypeError: recompute_overall() missing 1 required positional argument: 'overall_prev'
2025-08-26 13:47:26,284 - ERROR - Error reconciling 7120972c-fe76-4571-b36a-d17a1215246d: recompute_overall() missing 1 required positional argument: 'overall_prev'
Traceback (most recent call last):
  File "/usr/local/usrapps/drones/drone-pilot-upload/ortho_processing/reconcile_flights.py", line 333, in main
    reconcile_one(col, meta, dry_run=args.dry_run, finalize=True)
  File "/usr/local/usrapps/drones/drone-pilot-upload/ortho_processing/reconcile_flights.py", line 285, in reconcile_one
    overall = recompute_overall(odm_state, oi_state)
TypeError: recompute_overall() missing 1 required positional argument: 'overall_prev'
2025-08-26 13:47:26,400 - ERROR - Error reconciling 69006bde-56ac-49f2-8f27-fc6ee802bd6a: recompute_overall() missing 1 required positional argument: 'overall_prev'
Traceback (most recent call last):
  File "/usr/local/usrapps/drones/drone-pilot-upload/ortho_processing/reconcile_flights.py", line 333, in main
    reconcile_one(col, meta, dry_run=args.dry_run, finalize=True)
  File "/usr/local/usrapps/drones/drone-pilot-upload/ortho_processing/reconcile_flights.py", line 285, in reconcile_one
    overall = recompute_overall(odm_state, oi_state)
TypeError: recompute_overall() missing 1 required positional argument: 'overall_prev'
2025-08-26 13:47:26,485 - ERROR - Error reconciling 30a94e8a-3137-4a95-8eb9-b5eb41cbd028: recompute_overall() missing 1 required positional argument: 'overall_prev'
Traceback (most recent call last):
  File "/usr/local/usrapps/drones/drone-pilot-upload/ortho_processing/reconcile_flights.py", line 333, in main
    reconcile_one(col, meta, dry_run=args.dry_run, finalize=True)
  File "/usr/local/usrapps/drones/drone-pilot-upload/ortho_processing/reconcile_flights.py", line 285, in reconcile_one
    overall = recompute_overall(odm_state, oi_state)
TypeError: recompute_overall() missing 1 required positional argument: 'overall_prev'
2025-08-26 13:47:26,547 - ERROR - Error reconciling ec6f85fa-6e5b-4dd6-be79-2ed2ab280489: recompute_overall() missing 1 required positional argument: 'overall_prev'
Traceback (most recent call last):
  File "/usr/local/usrapps/drones/drone-pilot-upload/ortho_processing/reconcile_flights.py", line 333, in main
    reconcile_one(col, meta, dry_run=args.dry_run, finalize=True)
  File "/usr/local/usrapps/drones/drone-pilot-upload/ortho_processing/reconcile_flights.py", line 285, in reconcile_one
    overall = recompute_overall(odm_state, oi_state)
TypeError: recompute_overall() missing 1 required positional argument: 'overall_prev'
2025-08-26 13:47:26,677 - ERROR - Error reconciling f093f376-6936-4ea0-91a3-0380d3fa7381: recompute_overall() missing 1 required positional argument: 'overall_prev'
Traceback (most recent call last):
  File "/usr/local/usrapps/drones/drone-pilot-upload/ortho_processing/reconcile_flights.py", line 333, in main
    reconcile_one(col, meta, dry_run=args.dry_run, finalize=True)
  File "/usr/local/usrapps/drones/drone-pilot-upload/ortho_processing/reconcile_flights.py", line 285, in reconcile_one
    overall = recompute_overall(odm_state, oi_state)
TypeError: recompute_overall() missing 1 required positional argument: 'overall_prev'
2025-08-26 13:47:26,724 - ERROR - Error reconciling 1bef2db0-45a8-4901-8a51-e5bb0f9f61cf: recompute_overall() missing 1 required positional argument: 'overall_prev'
Traceback (most recent call last):
  File "/usr/local/usrapps/drones/drone-pilot-upload/ortho_processing/reconcile_flights.py", line 333, in main
    reconcile_one(col, meta, dry_run=args.dry_run, finalize=True)
  File "/usr/local/usrapps/drones/drone-pilot-upload/ortho_processing/reconcile_flights.py", line 285, in reconcile_one
    overall = recompute_overall(odm_state, oi_state)
TypeError: recompute_overall() missing 1 required positional argument: 'overall_prev'
2025-08-26 13:47:26,798 - ERROR - Error reconciling d607d7ee-6c9e-4093-9420-1974c3c93e61: recompute_overall() missing 1 required positional argument: 'overall_prev'
Traceback (most recent call last):
  File "/usr/local/usrapps/drones/drone-pilot-upload/ortho_processing/reconcile_flights.py", line 333, in main
    reconcile_one(col, meta, dry_run=args.dry_run, finalize=True)
  File "/usr/local/usrapps/drones/drone-pilot-upload/ortho_processing/reconcile_flights.py", line 285, in reconcile_one
    overall = recompute_overall(odm_state, oi_state)
TypeError: recompute_overall() missing 1 required positional argument: 'overall_prev'
2025-08-26 13:47:26,954 - ERROR - Error reconciling 1638f64f-b695-48e2-9fe1-d3b237cc8240: recompute_overall() missing 1 required positional argument: 'overall_prev'
Traceback (most recent call last):
  File "/usr/local/usrapps/drones/drone-pilot-upload/ortho_processing/reconcile_flights.py", line 333, in main
    reconcile_one(col, meta, dry_run=args.dry_run, finalize=True)
  File "/usr/local/usrapps/drones/drone-pilot-upload/ortho_processing/reconcile_flights.py", line 285, in reconcile_one
    overall = recompute_overall(odm_state, oi_state)
TypeError: recompute_overall() missing 1 required positional argument: 'overall_prev'
2025-08-26 13:47:27,129 - ERROR - aeeb1d9d-875c-4e75-a2a5-35c5c11b8372: file count mismatch (expected 2667, found 2632)
2025-08-26 13:47:27,129 - INFO - [dry-run] DB set aeeb1d9d-875c-4e75-a2a5-35c5c11b8372: {'stages.odm.state': 'blocked', 'stages.odm.message': 'file count mismatch (expected 2667, found 2632)'}
2025-08-26 13:47:27,130 - INFO - [dry-run] DB set aeeb1d9d-875c-4e75-a2a5-35c5c11b8372: status=file count mismatch
2025-08-26 13:47:27,130 - INFO - Reconciled 10 flights (station=sandhills)
2025-08-26 13:47:54,018 - ERROR - e48d496c-e7d1-4345-8fc2-42fbc78b3b28: file count mismatch (expected 317, found 313)
2025-08-26 13:47:54,018 - INFO - [dry-run] DB set e48d496c-e7d1-4345-8fc2-42fbc78b3b28: {'stages.odm.state': 'blocked', 'stages.odm.message': 'file count mismatch (expected 317, found 313)'}
2025-08-26 13:47:54,018 - INFO - [dry-run] DB set e48d496c-e7d1-4345-8fc2-42fbc78b3b28: status=file count mismatch
2025-08-26 13:47:54,020 - ERROR - 0071dfd2-06b0-4396-81aa-d071c22ab5ff: file count mismatch (expected 597, found 593)
2025-08-26 13:47:54,020 - INFO - [dry-run] DB set 0071dfd2-06b0-4396-81aa-d071c22ab5ff: {'stages.odm.state': 'blocked', 'stages.odm.message': 'file count mismatch (expected 597, found 593)'}
2025-08-26 13:47:54,020 - INFO - [dry-run] DB set 0071dfd2-06b0-4396-81aa-d071c22ab5ff: status=file count mismatch
2025-08-26 13:47:54,020 - INFO - Reconciled 2 flights (station=sandhills)
2025-08-26 13:48:02,939 - ERROR - e48d496c-e7d1-4345-8fc2-42fbc78b3b28: file count mismatch (expected 317, found 313)
2025-08-26 13:48:02,940 - INFO - [dry-run] DB set e48d496c-e7d1-4345-8fc2-42fbc78b3b28: {'stages.odm.state': 'blocked', 'stages.odm.message': 'file count mismatch (expected 317, found 313)'}
2025-08-26 13:48:02,940 - INFO - [dry-run] DB set e48d496c-e7d1-4345-8fc2-42fbc78b3b28: status=file count mismatch
2025-08-26 13:48:02,941 - ERROR - 0071dfd2-06b0-4396-81aa-d071c22ab5ff: file count mismatch (expected 597, found 593)
2025-08-26 13:48:02,941 - INFO - [dry-run] DB set 0071dfd2-06b0-4396-81aa-d071c22ab5ff: {'stages.odm.state': 'blocked', 'stages.odm.message': 'file count mismatch (expected 597, found 593)'}
2025-08-26 13:48:02,941 - INFO - [dry-run] DB set 0071dfd2-06b0-4396-81aa-d071c22ab5ff: status=file count mismatch
2025-08-26 13:48:02,943 - ERROR - f51bc494-dfee-44b2-a6b6-9711862379c0: file count mismatch (expected 507, found 503)
2025-08-26 13:48:02,943 - INFO - [dry-run] DB set f51bc494-dfee-44b2-a6b6-9711862379c0: {'stages.odm.state': 'blocked', 'stages.odm.message': 'file count mismatch (expected 507, found 503)'}
2025-08-26 13:48:02,943 - INFO - [dry-run] DB set f51bc494-dfee-44b2-a6b6-9711862379c0: status=file count mismatch
2025-08-26 13:48:02,943 - INFO - Reconciled 3 flights (station=sandhills)
2025-08-26 13:48:06,909 - ERROR - e48d496c-e7d1-4345-8fc2-42fbc78b3b28: file count mismatch (expected 317, found 313)
2025-08-26 13:48:06,909 - INFO - [dry-run] DB set e48d496c-e7d1-4345-8fc2-42fbc78b3b28: {'stages.odm.state': 'blocked', 'stages.odm.message': 'file count mismatch (expected 317, found 313)'}
2025-08-26 13:48:06,910 - INFO - [dry-run] DB set e48d496c-e7d1-4345-8fc2-42fbc78b3b28: status=file count mismatch
2025-08-26 13:48:06,911 - ERROR - 0071dfd2-06b0-4396-81aa-d071c22ab5ff: file count mismatch (expected 597, found 593)
2025-08-26 13:48:06,911 - INFO - [dry-run] DB set 0071dfd2-06b0-4396-81aa-d071c22ab5ff: {'stages.odm.state': 'blocked', 'stages.odm.message': 'file count mismatch (expected 597, found 593)'}
2025-08-26 13:48:06,911 - INFO - [dry-run] DB set 0071dfd2-06b0-4396-81aa-d071c22ab5ff: status=file count mismatch
2025-08-26 13:48:06,912 - ERROR - f51bc494-dfee-44b2-a6b6-9711862379c0: file count mismatch (expected 507, found 503)
2025-08-26 13:48:06,912 - INFO - [dry-run] DB set f51bc494-dfee-44b2-a6b6-9711862379c0: {'stages.odm.state': 'blocked', 'stages.odm.message': 'file count mismatch (expected 507, found 503)'}
2025-08-26 13:48:06,912 - INFO - [dry-run] DB set f51bc494-dfee-44b2-a6b6-9711862379c0: status=file count mismatch
2025-08-26 13:48:06,913 - ERROR - 5c6e17e8-af46-4bec-a41d-75a467c244c3: file count mismatch (expected 297, found 293)
2025-08-26 13:48:06,913 - INFO - [dry-run] DB set 5c6e17e8-af46-4bec-a41d-75a467c244c3: {'stages.odm.state': 'blocked', 'stages.odm.message': 'file count mismatch (expected 297, found 293)'}
2025-08-26 13:48:06,913 - INFO - [dry-run] DB set 5c6e17e8-af46-4bec-a41d-75a467c244c3: status=file count mismatch
2025-08-26 13:48:06,914 - INFO - Reconciled 4 flights (station=sandhills)
2025-08-26 13:48:10,795 - ERROR - e48d496c-e7d1-4345-8fc2-42fbc78b3b28: file count mismatch (expected 317, found 313)
2025-08-26 13:48:10,796 - INFO - [dry-run] DB set e48d496c-e7d1-4345-8fc2-42fbc78b3b28: {'stages.odm.state': 'blocked', 'stages.odm.message': 'file count mismatch (expected 317, found 313)'}
2025-08-26 13:48:10,796 - INFO - [dry-run] DB set e48d496c-e7d1-4345-8fc2-42fbc78b3b28: status=file count mismatch
2025-08-26 13:48:10,797 - ERROR - 0071dfd2-06b0-4396-81aa-d071c22ab5ff: file count mismatch (expected 597, found 593)
2025-08-26 13:48:10,797 - INFO - [dry-run] DB set 0071dfd2-06b0-4396-81aa-d071c22ab5ff: {'stages.odm.state': 'blocked', 'stages.odm.message': 'file count mismatch (expected 597, found 593)'}
2025-08-26 13:48:10,798 - INFO - [dry-run] DB set 0071dfd2-06b0-4396-81aa-d071c22ab5ff: status=file count mismatch
2025-08-26 13:48:10,799 - ERROR - f51bc494-dfee-44b2-a6b6-9711862379c0: file count mismatch (expected 507, found 503)
2025-08-26 13:48:10,799 - INFO - [dry-run] DB set f51bc494-dfee-44b2-a6b6-9711862379c0: {'stages.odm.state': 'blocked', 'stages.odm.message': 'file count mismatch (expected 507, found 503)'}
2025-08-26 13:48:10,799 - INFO - [dry-run] DB set f51bc494-dfee-44b2-a6b6-9711862379c0: status=file count mismatch
2025-08-26 13:48:10,800 - ERROR - 5c6e17e8-af46-4bec-a41d-75a467c244c3: file count mismatch (expected 297, found 293)
2025-08-26 13:48:10,800 - INFO - [dry-run] DB set 5c6e17e8-af46-4bec-a41d-75a467c244c3: {'stages.odm.state': 'blocked', 'stages.odm.message': 'file count mismatch (expected 297, found 293)'}
2025-08-26 13:48:10,800 - INFO - [dry-run] DB set 5c6e17e8-af46-4bec-a41d-75a467c244c3: status=file count mismatch
2025-08-26 13:48:10,802 - ERROR - Error reconciling 7213d88e-ca07-429f-b031-b471a6e36dae: recompute_overall() missing 1 required positional argument: 'overall_prev'
Traceback (most recent call last):
  File "/usr/local/usrapps/drones/drone-pilot-upload/ortho_processing/reconcile_flights.py", line 333, in main
    reconcile_one(col, meta, dry_run=args.dry_run, finalize=True)
  File "/usr/local/usrapps/drones/drone-pilot-upload/ortho_processing/reconcile_flights.py", line 285, in reconcile_one
    overall = recompute_overall(odm_state, oi_state)
TypeError: recompute_overall() missing 1 required positional argument: 'overall_prev'
2025-08-26 13:48:10,804 - ERROR - ef7484dc-1413-4aad-9144-2fd73143cd11: file count mismatch (expected 243, found 217)
2025-08-26 13:48:10,804 - INFO - [dry-run] DB set ef7484dc-1413-4aad-9144-2fd73143cd11: {'stages.odm.state': 'blocked', 'stages.odm.message': 'file count mismatch (expected 243, found 217)'}
2025-08-26 13:48:10,804 - INFO - [dry-run] DB set ef7484dc-1413-4aad-9144-2fd73143cd11: status=file count mismatch
2025-08-26 13:48:10,804 - INFO - Reconciled 5 flights (station=sandhills)
2025-08-26 13:50:08,201 - ERROR - e48d496c-e7d1-4345-8fc2-42fbc78b3b28: file count mismatch (expected 317, found 313)
2025-08-26 13:50:08,202 - INFO - [dry-run] DB set e48d496c-e7d1-4345-8fc2-42fbc78b3b28: {'stages.odm.state': 'blocked', 'stages.odm.message': 'file count mismatch (expected 317, found 313)'}
2025-08-26 13:50:08,202 - INFO - [dry-run] DB set e48d496c-e7d1-4345-8fc2-42fbc78b3b28: status=file count mismatch
2025-08-26 13:50:08,203 - ERROR - 0071dfd2-06b0-4396-81aa-d071c22ab5ff: file count mismatch (expected 597, found 593)
2025-08-26 13:50:08,204 - INFO - [dry-run] DB set 0071dfd2-06b0-4396-81aa-d071c22ab5ff: {'stages.odm.state': 'blocked', 'stages.odm.message': 'file count mismatch (expected 597, found 593)'}
2025-08-26 13:50:08,204 - INFO - [dry-run] DB set 0071dfd2-06b0-4396-81aa-d071c22ab5ff: status=file count mismatch
2025-08-26 13:50:08,215 - ERROR - f51bc494-dfee-44b2-a6b6-9711862379c0: file count mismatch (expected 507, found 503)
2025-08-26 13:50:08,215 - INFO - [dry-run] DB set f51bc494-dfee-44b2-a6b6-9711862379c0: {'stages.odm.state': 'blocked', 'stages.odm.message': 'file count mismatch (expected 507, found 503)'}
2025-08-26 13:50:08,215 - INFO - [dry-run] DB set f51bc494-dfee-44b2-a6b6-9711862379c0: status=file count mismatch
2025-08-26 13:50:08,216 - ERROR - 5c6e17e8-af46-4bec-a41d-75a467c244c3: file count mismatch (expected 297, found 293)
2025-08-26 13:50:08,217 - INFO - [dry-run] DB set 5c6e17e8-af46-4bec-a41d-75a467c244c3: {'stages.odm.state': 'blocked', 'stages.odm.message': 'file count mismatch (expected 297, found 293)'}
2025-08-26 13:50:08,217 - INFO - [dry-run] DB set 5c6e17e8-af46-4bec-a41d-75a467c244c3: status=file count mismatch
2025-08-26 13:50:08,219 - INFO - Reconciled 5 flights (station=sandhills)
2025-08-26 13:50:32,066 - ERROR - e48d496c-e7d1-4345-8fc2-42fbc78b3b28: file count mismatch (expected 317, found 313)
2025-08-26 13:50:32,067 - INFO - [dry-run] DB set e48d496c-e7d1-4345-8fc2-42fbc78b3b28: {'stages.odm.state': 'blocked', 'stages.odm.message': 'file count mismatch (expected 317, found 313)'}
2025-08-26 13:50:32,067 - INFO - [dry-run] DB set e48d496c-e7d1-4345-8fc2-42fbc78b3b28: status=file count mismatch
2025-08-26 13:50:32,068 - ERROR - 0071dfd2-06b0-4396-81aa-d071c22ab5ff: file count mismatch (expected 597, found 593)
2025-08-26 13:50:32,068 - INFO - [dry-run] DB set 0071dfd2-06b0-4396-81aa-d071c22ab5ff: {'stages.odm.state': 'blocked', 'stages.odm.message': 'file count mismatch (expected 597, found 593)'}
2025-08-26 13:50:32,068 - INFO - [dry-run] DB set 0071dfd2-06b0-4396-81aa-d071c22ab5ff: status=file count mismatch
2025-08-26 13:50:32,069 - ERROR - f51bc494-dfee-44b2-a6b6-9711862379c0: file count mismatch (expected 507, found 503)
2025-08-26 13:50:32,069 - INFO - [dry-run] DB set f51bc494-dfee-44b2-a6b6-9711862379c0: {'stages.odm.state': 'blocked', 'stages.odm.message': 'file count mismatch (expected 507, found 503)'}
2025-08-26 13:50:32,069 - INFO - [dry-run] DB set f51bc494-dfee-44b2-a6b6-9711862379c0: status=file count mismatch
2025-08-26 13:50:32,070 - ERROR - 5c6e17e8-af46-4bec-a41d-75a467c244c3: file count mismatch (expected 297, found 293)
2025-08-26 13:50:32,070 - INFO - [dry-run] DB set 5c6e17e8-af46-4bec-a41d-75a467c244c3: {'stages.odm.state': 'blocked', 'stages.odm.message': 'file count mismatch (expected 297, found 293)'}
2025-08-26 13:50:32,070 - INFO - [dry-run] DB set 5c6e17e8-af46-4bec-a41d-75a467c244c3: status=file count mismatch
2025-08-26 13:50:32,073 - ERROR - ef7484dc-1413-4aad-9144-2fd73143cd11: file count mismatch (expected 243, found 217)
2025-08-26 13:50:32,073 - INFO - [dry-run] DB set ef7484dc-1413-4aad-9144-2fd73143cd11: {'stages.odm.state': 'blocked', 'stages.odm.message': 'file count mismatch (expected 243, found 217)'}
2025-08-26 13:50:32,074 - INFO - [dry-run] DB set ef7484dc-1413-4aad-9144-2fd73143cd11: status=file count mismatch
2025-08-26 13:50:32,109 - INFO - [dry-run] DB set 047a588b-46ff-4582-8bfd-7bd5397e34e5: artifacts={'orthophoto': '/rs1/shares/cals-research-station/sandhills/flights/047a588b-46ff-4582-8bfd-7bd5397e34e5/odm_orthophoto/odm_orthophoto.tif', 'orthophoto_cog': '/rs1/shares/cals-research-station/sandhills/flights/047a588b-46ff-4582-8bfd-7bd5397e34e5/odm_orthophoto/odm_orthophoto_cog.tif', 'veg_indices_dir': '/rs1/shares/cals-research-station/sandhills/flights/047a588b-46ff-4582-8bfd-7bd5397e34e5/veg_indices'}
2025-08-26 13:50:32,123 - ERROR - ba432851-fde0-460e-930e-a461999e1c8c: file count mismatch (expected 2672, found 2632)
2025-08-26 13:50:32,123 - INFO - [dry-run] DB set ba432851-fde0-460e-930e-a461999e1c8c: {'stages.odm.state': 'blocked', 'stages.odm.message': 'file count mismatch (expected 2672, found 2632)'}
2025-08-26 13:50:32,123 - INFO - [dry-run] DB set ba432851-fde0-460e-930e-a461999e1c8c: status=file count mismatch
2025-08-26 13:50:32,211 - INFO - [dry-run] DB set 38c4387c-fc9d-45aa-9fe8-643deba993a2: artifacts={'orthophoto': '/rs1/shares/cals-research-station/sandhills/flights/38c4387c-fc9d-45aa-9fe8-643deba993a2/odm_orthophoto/odm_orthophoto.tif', 'orthophoto_cog': '/rs1/shares/cals-research-station/sandhills/flights/38c4387c-fc9d-45aa-9fe8-643deba993a2/odm_orthophoto/odm_orthophoto_cog.tif', 'veg_indices_dir': '/rs1/shares/cals-research-station/sandhills/flights/38c4387c-fc9d-45aa-9fe8-643deba993a2/veg_indices'}
2025-08-26 13:50:32,211 - INFO - Reconciled 10 flights (station=sandhills)
2025-08-26 13:51:20,433 - ERROR - e48d496c-e7d1-4345-8fc2-42fbc78b3b28: file count mismatch (expected 317, found 313)
2025-08-26 13:51:20,433 - INFO - [dry-run] DB set e48d496c-e7d1-4345-8fc2-42fbc78b3b28: {'stages.odm.state': 'blocked', 'stages.odm.message': 'file count mismatch (expected 317, found 313)'}
2025-08-26 13:51:20,433 - INFO - [dry-run] DB set e48d496c-e7d1-4345-8fc2-42fbc78b3b28: status=file count mismatch
2025-08-26 13:51:20,434 - ERROR - 0071dfd2-06b0-4396-81aa-d071c22ab5ff: file count mismatch (expected 597, found 593)
2025-08-26 13:51:20,435 - INFO - [dry-run] DB set 0071dfd2-06b0-4396-81aa-d071c22ab5ff: {'stages.odm.state': 'blocked', 'stages.odm.message': 'file count mismatch (expected 597, found 593)'}
2025-08-26 13:51:20,435 - INFO - [dry-run] DB set 0071dfd2-06b0-4396-81aa-d071c22ab5ff: status=file count mismatch
2025-08-26 13:51:20,436 - ERROR - f51bc494-dfee-44b2-a6b6-9711862379c0: file count mismatch (expected 507, found 503)
2025-08-26 13:51:20,436 - INFO - [dry-run] DB set f51bc494-dfee-44b2-a6b6-9711862379c0: {'stages.odm.state': 'blocked', 'stages.odm.message': 'file count mismatch (expected 507, found 503)'}
2025-08-26 13:51:20,436 - INFO - [dry-run] DB set f51bc494-dfee-44b2-a6b6-9711862379c0: status=file count mismatch
2025-08-26 13:51:20,437 - ERROR - 5c6e17e8-af46-4bec-a41d-75a467c244c3: file count mismatch (expected 297, found 293)
2025-08-26 13:51:20,437 - INFO - [dry-run] DB set 5c6e17e8-af46-4bec-a41d-75a467c244c3: {'stages.odm.state': 'blocked', 'stages.odm.message': 'file count mismatch (expected 297, found 293)'}
2025-08-26 13:51:20,437 - INFO - [dry-run] DB set 5c6e17e8-af46-4bec-a41d-75a467c244c3: status=file count mismatch
2025-08-26 13:51:20,441 - ERROR - ef7484dc-1413-4aad-9144-2fd73143cd11: file count mismatch (expected 243, found 217)
2025-08-26 13:51:20,441 - INFO - [dry-run] DB set ef7484dc-1413-4aad-9144-2fd73143cd11: {'stages.odm.state': 'blocked', 'stages.odm.message': 'file count mismatch (expected 243, found 217)'}
2025-08-26 13:51:20,441 - INFO - [dry-run] DB set ef7484dc-1413-4aad-9144-2fd73143cd11: status=file count mismatch
2025-08-26 13:51:20,445 - INFO - [dry-run] DB set 047a588b-46ff-4582-8bfd-7bd5397e34e5: artifacts={'orthophoto': '/rs1/shares/cals-research-station/sandhills/flights/047a588b-46ff-4582-8bfd-7bd5397e34e5/odm_orthophoto/odm_orthophoto.tif', 'orthophoto_cog': '/rs1/shares/cals-research-station/sandhills/flights/047a588b-46ff-4582-8bfd-7bd5397e34e5/odm_orthophoto/odm_orthophoto_cog.tif', 'veg_indices_dir': '/rs1/shares/cals-research-station/sandhills/flights/047a588b-46ff-4582-8bfd-7bd5397e34e5/veg_indices'}
2025-08-26 13:51:20,447 - ERROR - ba432851-fde0-460e-930e-a461999e1c8c: file count mismatch (expected 2672, found 2632)
2025-08-26 13:51:20,447 - INFO - [dry-run] DB set ba432851-fde0-460e-930e-a461999e1c8c: {'stages.odm.state': 'blocked', 'stages.odm.message': 'file count mismatch (expected 2672, found 2632)'}
2025-08-26 13:51:20,447 - INFO - [dry-run] DB set ba432851-fde0-460e-930e-a461999e1c8c: status=file count mismatch
2025-08-26 13:51:20,452 - INFO - [dry-run] DB set 38c4387c-fc9d-45aa-9fe8-643deba993a2: artifacts={'orthophoto': '/rs1/shares/cals-research-station/sandhills/flights/38c4387c-fc9d-45aa-9fe8-643deba993a2/odm_orthophoto/odm_orthophoto.tif', 'orthophoto_cog': '/rs1/shares/cals-research-station/sandhills/flights/38c4387c-fc9d-45aa-9fe8-643deba993a2/odm_orthophoto/odm_orthophoto_cog.tif', 'veg_indices_dir': '/rs1/shares/cals-research-station/sandhills/flights/38c4387c-fc9d-45aa-9fe8-643deba993a2/veg_indices'}
2025-08-26 13:51:20,455 - INFO - [dry-run] DB set a7d5d249-1f45-4bfb-98e6-8c52c9e29a8d: artifacts={'orthophoto': '/rs1/shares/cals-research-station/sandhills/flights/a7d5d249-1f45-4bfb-98e6-8c52c9e29a8d/odm_orthophoto/odm_orthophoto.tif', 'orthophoto_cog': '/rs1/shares/cals-research-station/sandhills/flights/a7d5d249-1f45-4bfb-98e6-8c52c9e29a8d/odm_orthophoto/odm_orthophoto_cog.tif', 'veg_indices_dir': '/rs1/shares/cals-research-station/sandhills/flights/a7d5d249-1f45-4bfb-98e6-8c52c9e29a8d/veg_indices'}
2025-08-26 13:51:20,456 - ERROR - 3dafdf27-2805-4c55-b420-453241092c8d: file count mismatch (expected 1170, found 1171)
2025-08-26 13:51:20,456 - INFO - [dry-run] DB set 3dafdf27-2805-4c55-b420-453241092c8d: {'stages.odm.state': 'blocked', 'stages.odm.message': 'file count mismatch (expected 1170, found 1171)'}
2025-08-26 13:51:20,456 - INFO - [dry-run] DB set 3dafdf27-2805-4c55-b420-453241092c8d: status=file count mismatch
2025-08-26 13:51:20,460 - INFO - [dry-run] DB set d427c2d7-fdde-4660-88a7-ca2268a599ac: artifacts={'orthophoto': '/rs1/shares/cals-research-station/sandhills/flights/d427c2d7-fdde-4660-88a7-ca2268a599ac/odm_orthophoto/odm_orthophoto.tif', 'orthophoto_cog': '/rs1/shares/cals-research-station/sandhills/flights/d427c2d7-fdde-4660-88a7-ca2268a599ac/odm_orthophoto/odm_orthophoto_cog.tif', 'veg_indices_dir': '/rs1/shares/cals-research-station/sandhills/flights/d427c2d7-fdde-4660-88a7-ca2268a599ac/veg_indices'}
2025-08-26 13:51:20,468 - INFO - [dry-run] DB set d66818ec-73b5-45fe-9506-d693c29dd302: artifacts={'orthophoto': '/rs1/shares/cals-research-station/sandhills/flights/d66818ec-73b5-45fe-9506-d693c29dd302/odm_orthophoto/odm_orthophoto.tif'}
2025-08-26 13:51:20,483 - INFO - [dry-run] DB set f8e6a024-f9f3-429b-a95e-ae8229ce5083: artifacts={'orthophoto': '/rs1/shares/cals-research-station/sandhills/flights/f8e6a024-f9f3-429b-a95e-ae8229ce5083/odm_orthophoto/odm_orthophoto.tif', 'orthophoto_cog': '/rs1/shares/cals-research-station/sandhills/flights/f8e6a024-f9f3-429b-a95e-ae8229ce5083/odm_orthophoto/odm_orthophoto_cog.tif', 'veg_indices_dir': '/rs1/shares/cals-research-station/sandhills/flights/f8e6a024-f9f3-429b-a95e-ae8229ce5083/veg_indices'}
2025-08-26 13:51:20,489 - INFO - [dry-run] DB set 2a5fd499-4eed-4492-8e2b-daa3a4ac02df: artifacts={'orthophoto': '/rs1/shares/cals-research-station/sandhills/flights/2a5fd499-4eed-4492-8e2b-daa3a4ac02df/odm_orthophoto/odm_orthophoto.tif', 'orthophoto_cog': '/rs1/shares/cals-research-station/sandhills/flights/2a5fd499-4eed-4492-8e2b-daa3a4ac02df/odm_orthophoto/odm_orthophoto_cog.tif', 'veg_indices_dir': '/rs1/shares/cals-research-station/sandhills/flights/2a5fd499-4eed-4492-8e2b-daa3a4ac02df/veg_indices'}
2025-08-26 13:51:20,494 - ERROR - c2ae26df-ec78-44e3-9572-b5b32edb76db: file count mismatch (expected 5950, found 5929)
2025-08-26 13:51:20,494 - INFO - [dry-run] DB set c2ae26df-ec78-44e3-9572-b5b32edb76db: {'stages.odm.state': 'blocked', 'stages.odm.message': 'file count mismatch (expected 5950, found 5929)'}
2025-08-26 13:51:20,495 - INFO - [dry-run] DB set c2ae26df-ec78-44e3-9572-b5b32edb76db: status=file count mismatch
2025-08-26 13:51:20,502 - INFO - [dry-run] DB set b73dc42e-eec8-4781-93fd-f6cfb1e6a90f: artifacts={'orthophoto': '/rs1/shares/cals-research-station/sandhills/flights/b73dc42e-eec8-4781-93fd-f6cfb1e6a90f/odm_orthophoto/odm_orthophoto.tif', 'orthophoto_cog': '/rs1/shares/cals-research-station/sandhills/flights/b73dc42e-eec8-4781-93fd-f6cfb1e6a90f/odm_orthophoto/odm_orthophoto_cog.tif', 'veg_indices_dir': '/rs1/shares/cals-research-station/sandhills/flights/b73dc42e-eec8-4781-93fd-f6cfb1e6a90f/veg_indices'}
2025-08-26 13:51:20,505 - ERROR - c0600676-638e-4435-9816-6621760b3d95: file count mismatch (expected 238, found 217)
2025-08-26 13:51:20,505 - INFO - [dry-run] DB set c0600676-638e-4435-9816-6621760b3d95: {'stages.odm.state': 'blocked', 'stages.odm.message': 'file count mismatch (expected 238, found 217)'}
2025-08-26 13:51:20,505 - INFO - [dry-run] DB set c0600676-638e-4435-9816-6621760b3d95: status=file count mismatch
2025-08-26 13:51:20,509 - INFO - [dry-run] DB set 69b18411-5f63-4832-91f8-46df717daf12: artifacts={'orthophoto': '/rs1/shares/cals-research-station/sandhills/flights/69b18411-5f63-4832-91f8-46df717daf12/odm_orthophoto/odm_orthophoto.tif', 'orthophoto_cog': '/rs1/shares/cals-research-station/sandhills/flights/69b18411-5f63-4832-91f8-46df717daf12/odm_orthophoto/odm_orthophoto_cog.tif', 'veg_indices_dir': '/rs1/shares/cals-research-station/sandhills/flights/69b18411-5f63-4832-91f8-46df717daf12/veg_indices'}
2025-08-26 13:51:20,515 - INFO - [dry-run] DB set e3cd90ce-3ba7-40bd-af96-ee9711f5cf44: artifacts={'orthophoto': '/rs1/shares/cals-research-station/sandhills/flights/e3cd90ce-3ba7-40bd-af96-ee9711f5cf44/odm_orthophoto/odm_orthophoto.tif', 'orthophoto_cog': '/rs1/shares/cals-research-station/sandhills/flights/e3cd90ce-3ba7-40bd-af96-ee9711f5cf44/odm_orthophoto/odm_orthophoto_cog.tif', 'veg_indices_dir': '/rs1/shares/cals-research-station/sandhills/flights/e3cd90ce-3ba7-40bd-af96-ee9711f5cf44/veg_indices'}
2025-08-26 13:51:20,518 - INFO - [dry-run] DB set 40a80503-9a9b-48f7-bda9-ba3c972dec62: artifacts={'orthophoto': '/rs1/shares/cals-research-station/sandhills/flights/40a80503-9a9b-48f7-bda9-ba3c972dec62/odm_orthophoto/odm_orthophoto.tif', 'orthophoto_cog': '/rs1/shares/cals-research-station/sandhills/flights/40a80503-9a9b-48f7-bda9-ba3c972dec62/odm_orthophoto/odm_orthophoto_cog.tif', 'veg_indices_dir': '/rs1/shares/cals-research-station/sandhills/flights/40a80503-9a9b-48f7-bda9-ba3c972dec62/veg_indices'}
2025-08-26 13:51:20,525 - INFO - [dry-run] DB set ec6f85fa-6e5b-4dd6-be79-2ed2ab280489: artifacts={'orthophoto': '/rs1/shares/cals-research-station/sandhills/flights/ec6f85fa-6e5b-4dd6-be79-2ed2ab280489/odm_orthophoto/odm_orthophoto.tif', 'orthophoto_cog': '/rs1/shares/cals-research-station/sandhills/flights/ec6f85fa-6e5b-4dd6-be79-2ed2ab280489/odm_orthophoto/odm_orthophoto_cog.tif', 'veg_indices_dir': '/rs1/shares/cals-research-station/sandhills/flights/ec6f85fa-6e5b-4dd6-be79-2ed2ab280489/veg_indices'}
2025-08-26 13:51:20,530 - INFO - [dry-run] DB set 1bef2db0-45a8-4901-8a51-e5bb0f9f61cf: artifacts={'orthophoto': '/rs1/shares/cals-research-station/sandhills/flights/1bef2db0-45a8-4901-8a51-e5bb0f9f61cf/odm_orthophoto/odm_orthophoto.tif', 'orthophoto_cog': '/rs1/shares/cals-research-station/sandhills/flights/1bef2db0-45a8-4901-8a51-e5bb0f9f61cf/odm_orthophoto/odm_orthophoto_cog.tif', 'veg_indices_dir': '/rs1/shares/cals-research-station/sandhills/flights/1bef2db0-45a8-4901-8a51-e5bb0f9f61cf/veg_indices'}
2025-08-26 13:51:20,534 - INFO - [dry-run] DB set d607d7ee-6c9e-4093-9420-1974c3c93e61: artifacts={'orthophoto': '/rs1/shares/cals-research-station/sandhills/flights/d607d7ee-6c9e-4093-9420-1974c3c93e61/odm_orthophoto/odm_orthophoto.tif'}
2025-08-26 13:51:20,538 - ERROR - aeeb1d9d-875c-4e75-a2a5-35c5c11b8372: file count mismatch (expected 2667, found 2632)
2025-08-26 13:51:20,538 - INFO - [dry-run] DB set aeeb1d9d-875c-4e75-a2a5-35c5c11b8372: {'stages.odm.state': 'blocked', 'stages.odm.message': 'file count mismatch (expected 2667, found 2632)'}
2025-08-26 13:51:20,538 - INFO - [dry-run] DB set aeeb1d9d-875c-4e75-a2a5-35c5c11b8372: status=file count mismatch
2025-08-26 13:51:20,722 - INFO - [dry-run] DB set 86bfa146-7630-45b8-b47f-0750df44a0e0: artifacts={'orthophoto': '/rs1/shares/cals-research-station/sandhills/flights/86bfa146-7630-45b8-b47f-0750df44a0e0/odm_orthophoto/odm_orthophoto.tif', 'orthophoto_cog': '/rs1/shares/cals-research-station/sandhills/flights/86bfa146-7630-45b8-b47f-0750df44a0e0/odm_orthophoto/odm_orthophoto_cog.tif'}
2025-08-26 13:51:21,049 - INFO - [dry-run] DB set eea17167-e9cf-4a7a-b761-319b881053e6: artifacts={'orthophoto': '/rs1/shares/cals-research-station/sandhills/flights/eea17167-e9cf-4a7a-b761-319b881053e6/odm_orthophoto/odm_orthophoto.tif', 'orthophoto_cog': '/rs1/shares/cals-research-station/sandhills/flights/eea17167-e9cf-4a7a-b761-319b881053e6/odm_orthophoto/odm_orthophoto_cog.tif'}
2025-08-26 13:51:21,365 - INFO - [dry-run] DB set 1a9a865f-4a4d-4494-8980-33d5ba819b49: artifacts={'orthophoto': '/rs1/shares/cals-research-station/sandhills/flights/1a9a865f-4a4d-4494-8980-33d5ba819b49/odm_orthophoto/odm_orthophoto.tif', 'orthophoto_cog': '/rs1/shares/cals-research-station/sandhills/flights/1a9a865f-4a4d-4494-8980-33d5ba819b49/odm_orthophoto/odm_orthophoto_cog.tif', 'veg_indices_dir': '/rs1/shares/cals-research-station/sandhills/flights/1a9a865f-4a4d-4494-8980-33d5ba819b49/veg_indices'}
2025-08-26 13:51:21,530 - INFO - [dry-run] DB set 83b3aae5-d56f-40d7-9e05-0b97e682c68d: artifacts={'orthophoto': '/rs1/shares/cals-research-station/sandhills/flights/83b3aae5-d56f-40d7-9e05-0b97e682c68d/odm_orthophoto/odm_orthophoto.tif', 'orthophoto_cog': '/rs1/shares/cals-research-station/sandhills/flights/83b3aae5-d56f-40d7-9e05-0b97e682c68d/odm_orthophoto/odm_orthophoto_cog.tif', 'veg_indices_dir': '/rs1/shares/cals-research-station/sandhills/flights/83b3aae5-d56f-40d7-9e05-0b97e682c68d/veg_indices'}
2025-08-26 13:51:21,617 - INFO - [dry-run] DB set 7fbb23c2-a323-4a6b-b4b7-c38b2c570e47: artifacts={'orthophoto': '/rs1/shares/cals-research-station/sandhills/flights/7fbb23c2-a323-4a6b-b4b7-c38b2c570e47/odm_orthophoto/odm_orthophoto.tif', 'orthophoto_cog': '/rs1/shares/cals-research-station/sandhills/flights/7fbb23c2-a323-4a6b-b4b7-c38b2c570e47/odm_orthophoto/odm_orthophoto_cog.tif'}
2025-08-26 13:51:22,157 - INFO - [dry-run] DB set 9fda5c31-9d16-4259-8d64-4678d39ce29b: artifacts={'orthophoto': '/rs1/shares/cals-research-station/sandhills/flights/9fda5c31-9d16-4259-8d64-4678d39ce29b/odm_orthophoto/odm_orthophoto.tif', 'orthophoto_cog': '/rs1/shares/cals-research-station/sandhills/flights/9fda5c31-9d16-4259-8d64-4678d39ce29b/odm_orthophoto/odm_orthophoto_cog.tif', 'veg_indices_dir': '/rs1/shares/cals-research-station/sandhills/flights/9fda5c31-9d16-4259-8d64-4678d39ce29b/veg_indices'}
2025-08-26 13:51:22,167 - ERROR - c36399cd-575d-4d74-99db-6d4b0c024b04: file count mismatch (expected 203, found 182)
2025-08-26 13:51:22,167 - INFO - [dry-run] DB set c36399cd-575d-4d74-99db-6d4b0c024b04: {'stages.odm.state': 'blocked', 'stages.odm.message': 'file count mismatch (expected 203, found 182)'}
2025-08-26 13:51:22,168 - INFO - [dry-run] DB set c36399cd-575d-4d74-99db-6d4b0c024b04: status=file count mismatch
2025-08-26 13:51:22,431 - INFO - [dry-run] DB set 434ef68d-f621-4962-88e9-97e06ea2355a: artifacts={'orthophoto': '/rs1/shares/cals-research-station/sandhills/flights/434ef68d-f621-4962-88e9-97e06ea2355a/odm_orthophoto/odm_orthophoto.tif', 'orthophoto_cog': '/rs1/shares/cals-research-station/sandhills/flights/434ef68d-f621-4962-88e9-97e06ea2355a/odm_orthophoto/odm_orthophoto_cog.tif', 'veg_indices_dir': '/rs1/shares/cals-research-station/sandhills/flights/434ef68d-f621-4962-88e9-97e06ea2355a/veg_indices'}
2025-08-26 13:51:22,571 - INFO - [dry-run] DB set d9b0589d-f2cc-4847-8c10-4e7c02622063: artifacts={'orthophoto': '/rs1/shares/cals-research-station/sandhills/flights/d9b0589d-f2cc-4847-8c10-4e7c02622063/odm_orthophoto/odm_orthophoto.tif', 'orthophoto_cog': '/rs1/shares/cals-research-station/sandhills/flights/d9b0589d-f2cc-4847-8c10-4e7c02622063/odm_orthophoto/odm_orthophoto_cog.tif'}
2025-08-26 13:51:22,969 - INFO - [dry-run] DB set 20e183ec-5107-437e-bd8c-1821f4d86624: artifacts={'orthophoto': '/rs1/shares/cals-research-station/sandhills/flights/20e183ec-5107-437e-bd8c-1821f4d86624/odm_orthophoto/odm_orthophoto.tif', 'orthophoto_cog': '/rs1/shares/cals-research-station/sandhills/flights/20e183ec-5107-437e-bd8c-1821f4d86624/odm_orthophoto/odm_orthophoto_cog.tif'}
2025-08-26 13:51:23,364 - INFO - [dry-run] DB set e07d6080-92e7-48df-b5be-bf5795954a8a: artifacts={'orthophoto': '/rs1/shares/cals-research-station/sandhills/flights/e07d6080-92e7-48df-b5be-bf5795954a8a/odm_orthophoto/odm_orthophoto.tif', 'orthophoto_cog': '/rs1/shares/cals-research-station/sandhills/flights/e07d6080-92e7-48df-b5be-bf5795954a8a/odm_orthophoto/odm_orthophoto_cog.tif', 'veg_indices_dir': '/rs1/shares/cals-research-station/sandhills/flights/e07d6080-92e7-48df-b5be-bf5795954a8a/veg_indices'}
2025-08-26 13:51:23,524 - INFO - [dry-run] DB set c0b21a9d-dd6a-4355-84b0-92ef9e0ac963: artifacts={'orthophoto': '/rs1/shares/cals-research-station/sandhills/flights/c0b21a9d-dd6a-4355-84b0-92ef9e0ac963/odm_orthophoto/odm_orthophoto.tif', 'orthophoto_cog': '/rs1/shares/cals-research-station/sandhills/flights/c0b21a9d-dd6a-4355-84b0-92ef9e0ac963/odm_orthophoto/odm_orthophoto_cog.tif'}
2025-08-26 13:51:23,578 - INFO - [dry-run] DB set 2d1ee413-ef3e-4d99-8dbb-7d224f1e82b3: artifacts={'orthophoto': '/rs1/shares/cals-research-station/sandhills/flights/2d1ee413-ef3e-4d99-8dbb-7d224f1e82b3/odm_orthophoto/odm_orthophoto.tif', 'orthophoto_cog': '/rs1/shares/cals-research-station/sandhills/flights/2d1ee413-ef3e-4d99-8dbb-7d224f1e82b3/odm_orthophoto/odm_orthophoto_cog.tif', 'veg_indices_dir': '/rs1/shares/cals-research-station/sandhills/flights/2d1ee413-ef3e-4d99-8dbb-7d224f1e82b3/veg_indices'}
2025-08-26 13:51:23,716 - INFO - [dry-run] DB set 3906526a-5250-445c-8a53-3330e1c6f52c: artifacts={'orthophoto': '/rs1/shares/cals-research-station/sandhills/flights/3906526a-5250-445c-8a53-3330e1c6f52c/odm_orthophoto/odm_orthophoto.tif', 'orthophoto_cog': '/rs1/shares/cals-research-station/sandhills/flights/3906526a-5250-445c-8a53-3330e1c6f52c/odm_orthophoto/odm_orthophoto_cog.tif', 'veg_indices_dir': '/rs1/shares/cals-research-station/sandhills/flights/3906526a-5250-445c-8a53-3330e1c6f52c/veg_indices'}
2025-08-26 13:51:23,949 - INFO - [dry-run] DB set 76feb0e4-e773-4dc3-bc46-62a00907fade: artifacts={'orthophoto': '/rs1/shares/cals-research-station/sandhills/flights/76feb0e4-e773-4dc3-bc46-62a00907fade/odm_orthophoto/odm_orthophoto.tif', 'orthophoto_cog': '/rs1/shares/cals-research-station/sandhills/flights/76feb0e4-e773-4dc3-bc46-62a00907fade/odm_orthophoto/odm_orthophoto_cog.tif'}
2025-08-26 13:51:24,299 - INFO - [dry-run] DB set 12dab23b-a415-4817-9c00-0db3124ccc61: artifacts={'orthophoto': '/rs1/shares/cals-research-station/sandhills/flights/12dab23b-a415-4817-9c00-0db3124ccc61/odm_orthophoto/odm_orthophoto.tif', 'orthophoto_cog': '/rs1/shares/cals-research-station/sandhills/flights/12dab23b-a415-4817-9c00-0db3124ccc61/odm_orthophoto/odm_orthophoto_cog.tif', 'veg_indices_dir': '/rs1/shares/cals-research-station/sandhills/flights/12dab23b-a415-4817-9c00-0db3124ccc61/veg_indices'}
2025-08-26 13:51:24,423 - INFO - [dry-run] DB set 0dfbffc4-d64f-49e2-b595-ff4fd550c6dd: artifacts={'orthophoto': '/rs1/shares/cals-research-station/sandhills/flights/0dfbffc4-d64f-49e2-b595-ff4fd550c6dd/odm_orthophoto/odm_orthophoto.tif', 'orthophoto_cog': '/rs1/shares/cals-research-station/sandhills/flights/0dfbffc4-d64f-49e2-b595-ff4fd550c6dd/odm_orthophoto/odm_orthophoto_cog.tif', 'veg_indices_dir': '/rs1/shares/cals-research-station/sandhills/flights/0dfbffc4-d64f-49e2-b595-ff4fd550c6dd/veg_indices'}
2025-08-26 13:51:24,488 - INFO - [dry-run] DB set 59abe121-36c4-458c-95db-8dba1741a2a3: artifacts={'orthophoto': '/rs1/shares/cals-research-station/sandhills/flights/59abe121-36c4-458c-95db-8dba1741a2a3/odm_orthophoto/odm_orthophoto.tif', 'orthophoto_cog': '/rs1/shares/cals-research-station/sandhills/flights/59abe121-36c4-458c-95db-8dba1741a2a3/odm_orthophoto/odm_orthophoto_cog.tif', 'veg_indices_dir': '/rs1/shares/cals-research-station/sandhills/flights/59abe121-36c4-458c-95db-8dba1741a2a3/veg_indices'}
2025-08-26 13:51:24,742 - ERROR - 9b1802b9-4f27-4511-9814-6e5b56d61d91: file count mismatch (expected 4004, found 3990)
2025-08-26 13:51:24,743 - INFO - [dry-run] DB set 9b1802b9-4f27-4511-9814-6e5b56d61d91: {'stages.odm.state': 'blocked', 'stages.odm.message': 'file count mismatch (expected 4004, found 3990)'}
2025-08-26 13:51:24,743 - INFO - [dry-run] DB set 9b1802b9-4f27-4511-9814-6e5b56d61d91: status=file count mismatch
2025-08-26 13:51:24,800 - INFO - [dry-run] DB set 548c190e-720b-4845-8884-2f6e249be306: artifacts={'orthophoto': '/rs1/shares/cals-research-station/sandhills/flights/548c190e-720b-4845-8884-2f6e249be306/odm_orthophoto/odm_orthophoto.tif', 'orthophoto_cog': '/rs1/shares/cals-research-station/sandhills/flights/548c190e-720b-4845-8884-2f6e249be306/odm_orthophoto/odm_orthophoto_cog.tif', 'veg_indices_dir': '/rs1/shares/cals-research-station/sandhills/flights/548c190e-720b-4845-8884-2f6e249be306/veg_indices'}
2025-08-26 13:51:25,040 - ERROR - 40321b11-c7df-4b70-8438-2e95ac7a3d14: file count mismatch (expected 2219, found 2205)
2025-08-26 13:51:25,040 - INFO - [dry-run] DB set 40321b11-c7df-4b70-8438-2e95ac7a3d14: {'stages.odm.state': 'blocked', 'stages.odm.message': 'file count mismatch (expected 2219, found 2205)'}
2025-08-26 13:51:25,041 - INFO - [dry-run] DB set 40321b11-c7df-4b70-8438-2e95ac7a3d14: status=file count mismatch
2025-08-26 13:51:25,100 - INFO - [dry-run] DB set 6f2af454-e0c8-4fa1-b341-2de5a4fb6b64: artifacts={'orthophoto': '/rs1/shares/cals-research-station/sandhills/flights/6f2af454-e0c8-4fa1-b341-2de5a4fb6b64/odm_orthophoto/odm_orthophoto.tif', 'orthophoto_cog': '/rs1/shares/cals-research-station/sandhills/flights/6f2af454-e0c8-4fa1-b341-2de5a4fb6b64/odm_orthophoto/odm_orthophoto_cog.tif', 'veg_indices_dir': '/rs1/shares/cals-research-station/sandhills/flights/6f2af454-e0c8-4fa1-b341-2de5a4fb6b64/veg_indices'}
2025-08-26 13:51:25,218 - INFO - [dry-run] DB set 3dbb0f71-ff87-45eb-9752-7fc9b0d46b9b: artifacts={'orthophoto': '/rs1/shares/cals-research-station/sandhills/flights/3dbb0f71-ff87-45eb-9752-7fc9b0d46b9b/odm_orthophoto/odm_orthophoto.tif', 'orthophoto_cog': '/rs1/shares/cals-research-station/sandhills/flights/3dbb0f71-ff87-45eb-9752-7fc9b0d46b9b/odm_orthophoto/odm_orthophoto_cog.tif'}
2025-08-26 13:51:25,335 - INFO - [dry-run] DB set 3a3ff4a7-ab15-46f9-882b-4a32111f1c1e: artifacts={'orthophoto': '/rs1/shares/cals-research-station/sandhills/flights/3a3ff4a7-ab15-46f9-882b-4a32111f1c1e/odm_orthophoto/odm_orthophoto.tif', 'orthophoto_cog': '/rs1/shares/cals-research-station/sandhills/flights/3a3ff4a7-ab15-46f9-882b-4a32111f1c1e/odm_orthophoto/odm_orthophoto_cog.tif'}
2025-08-26 13:51:25,707 - INFO - [dry-run] DB set 0db1afad-c1f8-4f2e-92e0-8178532cddd5: artifacts={'orthophoto': '/rs1/shares/cals-research-station/sandhills/flights/0db1afad-c1f8-4f2e-92e0-8178532cddd5/odm_orthophoto/odm_orthophoto.tif', 'orthophoto_cog': '/rs1/shares/cals-research-station/sandhills/flights/0db1afad-c1f8-4f2e-92e0-8178532cddd5/odm_orthophoto/odm_orthophoto_cog.tif'}
2025-08-26 13:51:25,872 - INFO - [dry-run] DB set 3001b4ca-61e5-43c1-bc99-2ab034fdb35d: artifacts={'orthophoto': '/rs1/shares/cals-research-station/sandhills/flights/3001b4ca-61e5-43c1-bc99-2ab034fdb35d/odm_orthophoto/odm_orthophoto.tif', 'orthophoto_cog': '/rs1/shares/cals-research-station/sandhills/flights/3001b4ca-61e5-43c1-bc99-2ab034fdb35d/odm_orthophoto/odm_orthophoto_cog.tif'}
2025-08-26 13:51:26,007 - INFO - [dry-run] DB set 6fe76aef-f906-4e5e-baf3-864d7098d919: artifacts={'orthophoto': '/rs1/shares/cals-research-station/sandhills/flights/6fe76aef-f906-4e5e-baf3-864d7098d919/odm_orthophoto/odm_orthophoto.tif', 'orthophoto_cog': '/rs1/shares/cals-research-station/sandhills/flights/6fe76aef-f906-4e5e-baf3-864d7098d919/odm_orthophoto/odm_orthophoto_cog.tif'}
2025-08-26 13:51:26,552 - ERROR - 6a808c36-df1a-4203-84b5-7fe5d9351fa7: file count mismatch (expected 6685, found 6664)
2025-08-26 13:51:26,553 - INFO - [dry-run] DB set 6a808c36-df1a-4203-84b5-7fe5d9351fa7: {'stages.odm.state': 'blocked', 'stages.odm.message': 'file count mismatch (expected 6685, found 6664)'}
2025-08-26 13:51:26,553 - INFO - [dry-run] DB set 6a808c36-df1a-4203-84b5-7fe5d9351fa7: status=file count mismatch
2025-08-26 13:51:26,595 - INFO - [dry-run] DB set 351d8d07-43f1-4a87-a10a-335f7a304b92: artifacts={'orthophoto': '/rs1/shares/cals-research-station/sandhills/flights/351d8d07-43f1-4a87-a10a-335f7a304b92/odm_orthophoto/odm_orthophoto.tif', 'orthophoto_cog': '/rs1/shares/cals-research-station/sandhills/flights/351d8d07-43f1-4a87-a10a-335f7a304b92/odm_orthophoto/odm_orthophoto_cog.tif', 'veg_indices_dir': '/rs1/shares/cals-research-station/sandhills/flights/351d8d07-43f1-4a87-a10a-335f7a304b92/veg_indices'}
2025-08-26 13:51:26,781 - INFO - [dry-run] DB set 7061ca72-5c2e-42db-9940-6d15b7c43ce6: artifacts={'orthophoto': '/rs1/shares/cals-research-station/sandhills/flights/7061ca72-5c2e-42db-9940-6d15b7c43ce6/odm_orthophoto/odm_orthophoto.tif', 'orthophoto_cog': '/rs1/shares/cals-research-station/sandhills/flights/7061ca72-5c2e-42db-9940-6d15b7c43ce6/odm_orthophoto/odm_orthophoto_cog.tif'}
2025-08-26 13:51:26,934 - INFO - [dry-run] DB set 42abfaef-b50f-4985-b757-6a32a3682224: artifacts={'orthophoto': '/rs1/shares/cals-research-station/sandhills/flights/42abfaef-b50f-4985-b757-6a32a3682224/odm_orthophoto/odm_orthophoto.tif', 'orthophoto_cog': '/rs1/shares/cals-research-station/sandhills/flights/42abfaef-b50f-4985-b757-6a32a3682224/odm_orthophoto/odm_orthophoto_cog.tif'}
2025-08-26 13:51:27,207 - INFO - [dry-run] DB set 95e56cff-6ab8-460d-b4a2-a3f0d219e2fa: artifacts={'orthophoto': '/rs1/shares/cals-research-station/sandhills/flights/95e56cff-6ab8-460d-b4a2-a3f0d219e2fa/odm_orthophoto/odm_orthophoto.tif', 'orthophoto_cog': '/rs1/shares/cals-research-station/sandhills/flights/95e56cff-6ab8-460d-b4a2-a3f0d219e2fa/odm_orthophoto/odm_orthophoto_cog.tif', 'veg_indices_dir': '/rs1/shares/cals-research-station/sandhills/flights/95e56cff-6ab8-460d-b4a2-a3f0d219e2fa/veg_indices'}
2025-08-26 13:51:27,342 - INFO - [dry-run] DB set 83e057c5-18c2-4d77-8e5b-3b594c791760: artifacts={'orthophoto': '/rs1/shares/cals-research-station/sandhills/flights/83e057c5-18c2-4d77-8e5b-3b594c791760/odm_orthophoto/odm_orthophoto.tif', 'orthophoto_cog': '/rs1/shares/cals-research-station/sandhills/flights/83e057c5-18c2-4d77-8e5b-3b594c791760/odm_orthophoto/odm_orthophoto_cog.tif'}
2025-08-26 13:51:28,074 - ERROR - be52b07b-c38a-459b-ad9c-bd8765db6302: file count mismatch (expected 4004, found 3990)
2025-08-26 13:51:28,075 - INFO - [dry-run] DB set be52b07b-c38a-459b-ad9c-bd8765db6302: {'stages.odm.state': 'blocked', 'stages.odm.message': 'file count mismatch (expected 4004, found 3990)'}
2025-08-26 13:51:28,075 - INFO - [dry-run] DB set be52b07b-c38a-459b-ad9c-bd8765db6302: status=file count mismatch
2025-08-26 13:51:28,216 - ERROR - 1ca6ad71-7567-4c58-8ac9-9184b7abe5f5: file count mismatch (expected 2219, found 2205)
2025-08-26 13:51:28,217 - INFO - [dry-run] DB set 1ca6ad71-7567-4c58-8ac9-9184b7abe5f5: {'stages.odm.state': 'blocked', 'stages.odm.message': 'file count mismatch (expected 2219, found 2205)'}
2025-08-26 13:51:28,217 - INFO - [dry-run] DB set 1ca6ad71-7567-4c58-8ac9-9184b7abe5f5: status=file count mismatch
2025-08-26 13:51:30,012 - ERROR - 01e17e66-0e67-43f6-bc05-ccba093626aa: file count mismatch (expected 6685, found 6664)
2025-08-26 13:51:30,013 - INFO - [dry-run] DB set 01e17e66-0e67-43f6-bc05-ccba093626aa: {'stages.odm.state': 'blocked', 'stages.odm.message': 'file count mismatch (expected 6685, found 6664)'}
2025-08-26 13:51:30,013 - INFO - [dry-run] DB set 01e17e66-0e67-43f6-bc05-ccba093626aa: status=file count mismatch
2025-08-26 13:51:31,574 - ERROR - 75478b84-90d5-48fd-8819-3d0a20744bb5: file count mismatch (expected 9338, found 9324)
2025-08-26 13:51:31,574 - INFO - [dry-run] DB set 75478b84-90d5-48fd-8819-3d0a20744bb5: {'stages.odm.state': 'blocked', 'stages.odm.message': 'file count mismatch (expected 9338, found 9324)'}
2025-08-26 13:51:31,574 - INFO - [dry-run] DB set 75478b84-90d5-48fd-8819-3d0a20744bb5: status=file count mismatch
2025-08-26 13:51:32,250 - ERROR - 30e7eae3-2038-4f16-841c-4be5100a2425: file count mismatch (expected 6419, found 6398)
2025-08-26 13:51:32,250 - INFO - [dry-run] DB set 30e7eae3-2038-4f16-841c-4be5100a2425: {'stages.odm.state': 'blocked', 'stages.odm.message': 'file count mismatch (expected 6419, found 6398)'}
2025-08-26 13:51:32,251 - INFO - [dry-run] DB set 30e7eae3-2038-4f16-841c-4be5100a2425: status=file count mismatch
2025-08-26 13:51:34,165 - ERROR - 180128d5-a7b1-41b6-ab24-375cec741563: file count mismatch (expected 7112, found 7091)
2025-08-26 13:51:34,166 - INFO - [dry-run] DB set 180128d5-a7b1-41b6-ab24-375cec741563: {'stages.odm.state': 'blocked', 'stages.odm.message': 'file count mismatch (expected 7112, found 7091)'}
2025-08-26 13:51:34,166 - INFO - [dry-run] DB set 180128d5-a7b1-41b6-ab24-375cec741563: status=file count mismatch
2025-08-26 13:51:34,728 - ERROR - 6095c9b1-a36d-4c14-a078-6c958c1812f3: file count mismatch (expected 8862, found 8841)
2025-08-26 13:51:34,729 - INFO - [dry-run] DB set 6095c9b1-a36d-4c14-a078-6c958c1812f3: {'stages.odm.state': 'blocked', 'stages.odm.message': 'file count mismatch (expected 8862, found 8841)'}
2025-08-26 13:51:34,729 - INFO - [dry-run] DB set 6095c9b1-a36d-4c14-a078-6c958c1812f3: status=file count mismatch
2025-08-26 13:51:36,186 - ERROR - 1481b835-3334-48e9-a63d-b4794c7a3a60: file count mismatch (expected 4004, found 3990)
2025-08-26 13:51:36,186 - INFO - [dry-run] DB set 1481b835-3334-48e9-a63d-b4794c7a3a60: {'stages.odm.state': 'blocked', 'stages.odm.message': 'file count mismatch (expected 4004, found 3990)'}
2025-08-26 13:51:36,186 - INFO - [dry-run] DB set 1481b835-3334-48e9-a63d-b4794c7a3a60: status=file count mismatch
2025-08-26 13:51:36,561 - ERROR - c5b54aad-9d4c-405b-a8df-49f2b91c363c: file count mismatch (expected 2219, found 2205)
2025-08-26 13:51:36,562 - INFO - [dry-run] DB set c5b54aad-9d4c-405b-a8df-49f2b91c363c: {'stages.odm.state': 'blocked', 'stages.odm.message': 'file count mismatch (expected 2219, found 2205)'}
2025-08-26 13:51:36,562 - INFO - [dry-run] DB set c5b54aad-9d4c-405b-a8df-49f2b91c363c: status=file count mismatch
2025-08-26 13:51:38,404 - ERROR - e7631886-db3f-4b9c-9388-98b1cf5d6731: file count mismatch (expected 6685, found 6664)
2025-08-26 13:51:38,405 - INFO - [dry-run] DB set e7631886-db3f-4b9c-9388-98b1cf5d6731: {'stages.odm.state': 'blocked', 'stages.odm.message': 'file count mismatch (expected 6685, found 6664)'}
2025-08-26 13:51:38,405 - INFO - [dry-run] DB set e7631886-db3f-4b9c-9388-98b1cf5d6731: status=file count mismatch
2025-08-26 13:51:41,435 - INFO - [dry-run] DB set 9135ce8d-7b5a-4e8a-8fb0-0ef7b41e2c1b: {'stages.ortho_intel.state': 'unknown', 'stages.ortho_intel.message': 'no ortho_intel artifacts'}
2025-08-26 13:51:41,588 - INFO - [dry-run] DB set e65d8d33-4a02-4178-8e9c-0de3ba59138f: {'stages.odm.state': 'unknown', 'stages.odm.message': 'no success markers (log.json) and no orthophoto'}
2025-08-26 13:51:41,588 - INFO - [dry-run] DB set e65d8d33-4a02-4178-8e9c-0de3ba59138f: {'stages.ortho_intel.state': 'unknown', 'stages.ortho_intel.message': 'no ortho_intel artifacts'}
2025-08-26 13:51:41,627 - INFO - [dry-run] DB set f152431b-5162-45c2-a3eb-3c0a828d0664: {'stages.odm.state': 'unknown', 'stages.odm.message': 'no success markers (log.json) and no orthophoto'}
2025-08-26 13:51:41,627 - INFO - [dry-run] DB set f152431b-5162-45c2-a3eb-3c0a828d0664: {'stages.ortho_intel.state': 'unknown', 'stages.ortho_intel.message': 'no ortho_intel artifacts'}
2025-08-26 13:51:41,694 - INFO - [dry-run] DB set 5fd04440-13dd-45a2-915f-89aafbb33f39: {'stages.odm.state': 'unknown', 'stages.odm.message': 'no success markers (log.json) and no orthophoto'}
2025-08-26 13:51:41,694 - INFO - [dry-run] DB set 5fd04440-13dd-45a2-915f-89aafbb33f39: {'stages.ortho_intel.state': 'unknown', 'stages.ortho_intel.message': 'no ortho_intel artifacts'}
2025-08-26 13:51:41,837 - INFO - [dry-run] DB set cc8aaa96-4265-49a7-afc5-d74a4b08c411: {'stages.odm.state': 'unknown', 'stages.odm.message': 'no success markers (log.json) and no orthophoto'}
2025-08-26 13:51:41,838 - INFO - [dry-run] DB set cc8aaa96-4265-49a7-afc5-d74a4b08c411: {'stages.ortho_intel.state': 'unknown', 'stages.ortho_intel.message': 'no ortho_intel artifacts'}
2025-08-26 13:51:41,975 - INFO - [dry-run] DB set e7540fd4-b069-4825-b917-19373efa6395: {'stages.odm.state': 'unknown', 'stages.odm.message': 'no success markers (log.json) and no orthophoto'}
2025-08-26 13:51:41,976 - INFO - [dry-run] DB set e7540fd4-b069-4825-b917-19373efa6395: {'stages.ortho_intel.state': 'unknown', 'stages.ortho_intel.message': 'no ortho_intel artifacts'}
2025-08-26 13:51:42,120 - INFO - [dry-run] DB set 597863c5-0e8d-4765-8529-c48d4fb1a859: {'stages.odm.state': 'unknown', 'stages.odm.message': 'no success markers (log.json) and no orthophoto'}
2025-08-26 13:51:42,121 - INFO - [dry-run] DB set 597863c5-0e8d-4765-8529-c48d4fb1a859: {'stages.ortho_intel.state': 'unknown', 'stages.ortho_intel.message': 'no ortho_intel artifacts'}
2025-08-26 13:51:42,254 - INFO - [dry-run] DB set 52087031-79b6-4681-a2e7-9af06a1a09b2: {'stages.odm.state': 'unknown', 'stages.odm.message': 'no success markers (log.json) and no orthophoto'}
2025-08-26 13:51:42,254 - INFO - [dry-run] DB set 52087031-79b6-4681-a2e7-9af06a1a09b2: {'stages.ortho_intel.state': 'unknown', 'stages.ortho_intel.message': 'no ortho_intel artifacts'}
2025-08-26 13:51:42,394 - INFO - [dry-run] DB set f446e09d-153d-4fd1-988d-41ff83f34fc2: {'stages.odm.state': 'unknown', 'stages.odm.message': 'no success markers (log.json) and no orthophoto'}
2025-08-26 13:51:42,394 - INFO - [dry-run] DB set f446e09d-153d-4fd1-988d-41ff83f34fc2: {'stages.ortho_intel.state': 'unknown', 'stages.ortho_intel.message': 'no ortho_intel artifacts'}
2025-08-26 13:51:42,550 - INFO - [dry-run] DB set d21fdd81-cd96-4d90-ae1d-6c5411387c77: {'stages.odm.state': 'unknown', 'stages.odm.message': 'no success markers (log.json) and no orthophoto'}
2025-08-26 13:51:42,551 - INFO - [dry-run] DB set d21fdd81-cd96-4d90-ae1d-6c5411387c77: {'stages.ortho_intel.state': 'unknown', 'stages.ortho_intel.message': 'no ortho_intel artifacts'}
2025-08-26 13:51:42,641 - INFO - [dry-run] DB set 3d396b6f-e612-4b1f-b2ce-5547491b732d: {'stages.odm.state': 'unknown', 'stages.odm.message': 'no success markers (log.json) and no orthophoto'}
2025-08-26 13:51:42,642 - INFO - [dry-run] DB set 3d396b6f-e612-4b1f-b2ce-5547491b732d: {'stages.ortho_intel.state': 'unknown', 'stages.ortho_intel.message': 'no ortho_intel artifacts'}
2025-08-26 13:51:42,718 - INFO - [dry-run] DB set bd96c39d-46c5-438f-80bc-450ce4078778: {'stages.odm.state': 'unknown', 'stages.odm.message': 'no success markers (log.json) and no orthophoto'}
2025-08-26 13:51:42,718 - INFO - [dry-run] DB set bd96c39d-46c5-438f-80bc-450ce4078778: {'stages.ortho_intel.state': 'unknown', 'stages.ortho_intel.message': 'no ortho_intel artifacts'}
2025-08-26 13:51:42,842 - INFO - [dry-run] DB set 76c9d9ad-6bb3-45af-bd47-ad927216074f: {'stages.odm.state': 'unknown', 'stages.odm.message': 'no success markers (log.json) and no orthophoto'}
2025-08-26 13:51:42,842 - INFO - [dry-run] DB set 76c9d9ad-6bb3-45af-bd47-ad927216074f: {'stages.ortho_intel.state': 'unknown', 'stages.ortho_intel.message': 'no ortho_intel artifacts'}
2025-08-26 13:51:42,965 - INFO - [dry-run] DB set f728e9cd-6d96-4a98-9f1a-c443c871e432: {'stages.odm.state': 'unknown', 'stages.odm.message': 'no success markers (log.json) and no orthophoto'}
2025-08-26 13:51:42,965 - INFO - [dry-run] DB set f728e9cd-6d96-4a98-9f1a-c443c871e432: {'stages.ortho_intel.state': 'unknown', 'stages.ortho_intel.message': 'no ortho_intel artifacts'}
2025-08-26 13:51:42,978 - INFO - [dry-run] DB set 762d60e7-315f-4d5a-8eab-7f00ddb33e23: {'stages.odm.state': 'unknown', 'stages.odm.message': 'no success markers (log.json) and no orthophoto'}
2025-08-26 13:51:42,978 - INFO - [dry-run] DB set 762d60e7-315f-4d5a-8eab-7f00ddb33e23: {'stages.ortho_intel.state': 'unknown', 'stages.ortho_intel.message': 'no ortho_intel artifacts'}
2025-08-26 13:51:43,149 - INFO - [dry-run] DB set 3a5ea7e9-c9cf-44c6-9833-a36047356dbe: {'stages.odm.state': 'unknown', 'stages.odm.message': 'no success markers (log.json) and no orthophoto'}
2025-08-26 13:51:43,149 - INFO - [dry-run] DB set 3a5ea7e9-c9cf-44c6-9833-a36047356dbe: {'stages.ortho_intel.state': 'unknown', 'stages.ortho_intel.message': 'no ortho_intel artifacts'}
2025-08-26 13:51:43,149 - INFO - Reconciled 222 flights (station=sandhills)
2025-08-26 13:53:56,207 - ERROR - e48d496c-e7d1-4345-8fc2-42fbc78b3b28: file count mismatch (expected 317, found 313)
2025-08-26 13:53:56,246 - INFO - Reconciled 1 flights (station=sandhills)
2025-08-26 14:07:36,136 - INFO - Reconciled 1 flights (station=sandhills)
2025-08-26 14:08:22,963 - ERROR - 0071dfd2-06b0-4396-81aa-d071c22ab5ff: file count mismatch (expected 597, found 593)
2025-08-26 14:08:22,998 - INFO - Reconciled 2 flights (station=sandhills)
2025-08-26 14:12:11,339 - INFO - Reconciled 2 flights (station=sandhills)
2025-08-26 14:13:20,737 - INFO - [dry-run] DB set e48d496c-e7d1-4345-8fc2-42fbc78b3b28: artifacts={'orthophoto': '/rs1/shares/cals-research-station/sandhills/flights/e48d496c-e7d1-4345-8fc2-42fbc78b3b28/odm_orthophoto/odm_orthophoto.tif', 'orthophoto_cog': '/rs1/shares/cals-research-station/sandhills/flights/e48d496c-e7d1-4345-8fc2-42fbc78b3b28/odm_orthophoto/odm_orthophoto_cog.tif', 'veg_indices_dir': '/rs1/shares/cals-research-station/sandhills/flights/e48d496c-e7d1-4345-8fc2-42fbc78b3b28/veg_indices'}
2025-08-26 14:13:20,743 - INFO - [dry-run] DB set 0071dfd2-06b0-4396-81aa-d071c22ab5ff: artifacts={'orthophoto': '/rs1/shares/cals-research-station/sandhills/flights/0071dfd2-06b0-4396-81aa-d071c22ab5ff/odm_orthophoto/odm_orthophoto.tif', 'orthophoto_cog': '/rs1/shares/cals-research-station/sandhills/flights/0071dfd2-06b0-4396-81aa-d071c22ab5ff/odm_orthophoto/odm_orthophoto_cog.tif', 'veg_indices_dir': '/rs1/shares/cals-research-station/sandhills/flights/0071dfd2-06b0-4396-81aa-d071c22ab5ff/veg_indices'}
2025-08-26 14:13:20,744 - ERROR - f51bc494-dfee-44b2-a6b6-9711862379c0: file count mismatch (expected 507, found 503)
2025-08-26 14:13:20,744 - INFO - [dry-run] DB set f51bc494-dfee-44b2-a6b6-9711862379c0: {'stages.odm.state': 'blocked', 'stages.odm.message': 'file count mismatch (expected 507, found 503)'}
2025-08-26 14:13:20,744 - INFO - [dry-run] DB set f51bc494-dfee-44b2-a6b6-9711862379c0: status=file count mismatch
2025-08-26 14:13:20,745 - ERROR - 5c6e17e8-af46-4bec-a41d-75a467c244c3: file count mismatch (expected 297, found 293)
2025-08-26 14:13:20,745 - INFO - [dry-run] DB set 5c6e17e8-af46-4bec-a41d-75a467c244c3: {'stages.odm.state': 'blocked', 'stages.odm.message': 'file count mismatch (expected 297, found 293)'}
2025-08-26 14:13:20,745 - INFO - [dry-run] DB set 5c6e17e8-af46-4bec-a41d-75a467c244c3: status=file count mismatch
2025-08-26 14:13:20,749 - ERROR - ef7484dc-1413-4aad-9144-2fd73143cd11: file count mismatch (expected 243, found 217)
2025-08-26 14:13:20,749 - INFO - [dry-run] DB set ef7484dc-1413-4aad-9144-2fd73143cd11: {'stages.odm.state': 'blocked', 'stages.odm.message': 'file count mismatch (expected 243, found 217)'}
2025-08-26 14:13:20,749 - INFO - [dry-run] DB set ef7484dc-1413-4aad-9144-2fd73143cd11: status=file count mismatch
2025-08-26 14:13:20,754 - INFO - [dry-run] DB set 047a588b-46ff-4582-8bfd-7bd5397e34e5: artifacts={'orthophoto': '/rs1/shares/cals-research-station/sandhills/flights/047a588b-46ff-4582-8bfd-7bd5397e34e5/odm_orthophoto/odm_orthophoto.tif', 'orthophoto_cog': '/rs1/shares/cals-research-station/sandhills/flights/047a588b-46ff-4582-8bfd-7bd5397e34e5/odm_orthophoto/odm_orthophoto_cog.tif', 'veg_indices_dir': '/rs1/shares/cals-research-station/sandhills/flights/047a588b-46ff-4582-8bfd-7bd5397e34e5/veg_indices'}
2025-08-26 14:13:20,757 - ERROR - ba432851-fde0-460e-930e-a461999e1c8c: file count mismatch (expected 2672, found 2632)
2025-08-26 14:13:20,757 - INFO - [dry-run] DB set ba432851-fde0-460e-930e-a461999e1c8c: {'stages.odm.state': 'blocked', 'stages.odm.message': 'file count mismatch (expected 2672, found 2632)'}
2025-08-26 14:13:20,757 - INFO - [dry-run] DB set ba432851-fde0-460e-930e-a461999e1c8c: status=file count mismatch
2025-08-26 14:13:20,765 - INFO - [dry-run] DB set 38c4387c-fc9d-45aa-9fe8-643deba993a2: artifacts={'orthophoto': '/rs1/shares/cals-research-station/sandhills/flights/38c4387c-fc9d-45aa-9fe8-643deba993a2/odm_orthophoto/odm_orthophoto.tif', 'orthophoto_cog': '/rs1/shares/cals-research-station/sandhills/flights/38c4387c-fc9d-45aa-9fe8-643deba993a2/odm_orthophoto/odm_orthophoto_cog.tif', 'veg_indices_dir': '/rs1/shares/cals-research-station/sandhills/flights/38c4387c-fc9d-45aa-9fe8-643deba993a2/veg_indices'}
2025-08-26 14:13:20,769 - INFO - [dry-run] DB set a7d5d249-1f45-4bfb-98e6-8c52c9e29a8d: artifacts={'orthophoto': '/rs1/shares/cals-research-station/sandhills/flights/a7d5d249-1f45-4bfb-98e6-8c52c9e29a8d/odm_orthophoto/odm_orthophoto.tif', 'orthophoto_cog': '/rs1/shares/cals-research-station/sandhills/flights/a7d5d249-1f45-4bfb-98e6-8c52c9e29a8d/odm_orthophoto/odm_orthophoto_cog.tif', 'veg_indices_dir': '/rs1/shares/cals-research-station/sandhills/flights/a7d5d249-1f45-4bfb-98e6-8c52c9e29a8d/veg_indices'}
2025-08-26 14:13:20,771 - ERROR - 3dafdf27-2805-4c55-b420-453241092c8d: file count mismatch (expected 1170, found 1171)
2025-08-26 14:13:20,771 - INFO - [dry-run] DB set 3dafdf27-2805-4c55-b420-453241092c8d: {'stages.odm.state': 'blocked', 'stages.odm.message': 'file count mismatch (expected 1170, found 1171)'}
2025-08-26 14:13:20,771 - INFO - [dry-run] DB set 3dafdf27-2805-4c55-b420-453241092c8d: status=file count mismatch
2025-08-26 14:13:20,776 - INFO - [dry-run] DB set d427c2d7-fdde-4660-88a7-ca2268a599ac: artifacts={'orthophoto': '/rs1/shares/cals-research-station/sandhills/flights/d427c2d7-fdde-4660-88a7-ca2268a599ac/odm_orthophoto/odm_orthophoto.tif', 'orthophoto_cog': '/rs1/shares/cals-research-station/sandhills/flights/d427c2d7-fdde-4660-88a7-ca2268a599ac/odm_orthophoto/odm_orthophoto_cog.tif', 'veg_indices_dir': '/rs1/shares/cals-research-station/sandhills/flights/d427c2d7-fdde-4660-88a7-ca2268a599ac/veg_indices'}
2025-08-26 14:13:20,793 - INFO - [dry-run] DB set d66818ec-73b5-45fe-9506-d693c29dd302: artifacts={'orthophoto': '/rs1/shares/cals-research-station/sandhills/flights/d66818ec-73b5-45fe-9506-d693c29dd302/odm_orthophoto/odm_orthophoto.tif'}
2025-08-26 14:13:20,810 - INFO - [dry-run] DB set f8e6a024-f9f3-429b-a95e-ae8229ce5083: artifacts={'orthophoto': '/rs1/shares/cals-research-station/sandhills/flights/f8e6a024-f9f3-429b-a95e-ae8229ce5083/odm_orthophoto/odm_orthophoto.tif', 'orthophoto_cog': '/rs1/shares/cals-research-station/sandhills/flights/f8e6a024-f9f3-429b-a95e-ae8229ce5083/odm_orthophoto/odm_orthophoto_cog.tif', 'veg_indices_dir': '/rs1/shares/cals-research-station/sandhills/flights/f8e6a024-f9f3-429b-a95e-ae8229ce5083/veg_indices'}
2025-08-26 14:13:20,817 - INFO - [dry-run] DB set 2a5fd499-4eed-4492-8e2b-daa3a4ac02df: artifacts={'orthophoto': '/rs1/shares/cals-research-station/sandhills/flights/2a5fd499-4eed-4492-8e2b-daa3a4ac02df/odm_orthophoto/odm_orthophoto.tif', 'orthophoto_cog': '/rs1/shares/cals-research-station/sandhills/flights/2a5fd499-4eed-4492-8e2b-daa3a4ac02df/odm_orthophoto/odm_orthophoto_cog.tif', 'veg_indices_dir': '/rs1/shares/cals-research-station/sandhills/flights/2a5fd499-4eed-4492-8e2b-daa3a4ac02df/veg_indices'}
2025-08-26 14:13:20,821 - ERROR - c2ae26df-ec78-44e3-9572-b5b32edb76db: file count mismatch (expected 5950, found 5929)
2025-08-26 14:13:20,822 - INFO - [dry-run] DB set c2ae26df-ec78-44e3-9572-b5b32edb76db: {'stages.odm.state': 'blocked', 'stages.odm.message': 'file count mismatch (expected 5950, found 5929)'}
2025-08-26 14:13:20,822 - INFO - [dry-run] DB set c2ae26df-ec78-44e3-9572-b5b32edb76db: status=file count mismatch
2025-08-26 14:13:20,830 - INFO - [dry-run] DB set b73dc42e-eec8-4781-93fd-f6cfb1e6a90f: artifacts={'orthophoto': '/rs1/shares/cals-research-station/sandhills/flights/b73dc42e-eec8-4781-93fd-f6cfb1e6a90f/odm_orthophoto/odm_orthophoto.tif', 'orthophoto_cog': '/rs1/shares/cals-research-station/sandhills/flights/b73dc42e-eec8-4781-93fd-f6cfb1e6a90f/odm_orthophoto/odm_orthophoto_cog.tif', 'veg_indices_dir': '/rs1/shares/cals-research-station/sandhills/flights/b73dc42e-eec8-4781-93fd-f6cfb1e6a90f/veg_indices'}
2025-08-26 14:13:20,835 - ERROR - c0600676-638e-4435-9816-6621760b3d95: file count mismatch (expected 238, found 217)
2025-08-26 14:13:20,835 - INFO - [dry-run] DB set c0600676-638e-4435-9816-6621760b3d95: {'stages.odm.state': 'blocked', 'stages.odm.message': 'file count mismatch (expected 238, found 217)'}
2025-08-26 14:13:20,835 - INFO - [dry-run] DB set c0600676-638e-4435-9816-6621760b3d95: status=file count mismatch
2025-08-26 14:13:20,840 - INFO - [dry-run] DB set 69b18411-5f63-4832-91f8-46df717daf12: artifacts={'orthophoto': '/rs1/shares/cals-research-station/sandhills/flights/69b18411-5f63-4832-91f8-46df717daf12/odm_orthophoto/odm_orthophoto.tif', 'orthophoto_cog': '/rs1/shares/cals-research-station/sandhills/flights/69b18411-5f63-4832-91f8-46df717daf12/odm_orthophoto/odm_orthophoto_cog.tif', 'veg_indices_dir': '/rs1/shares/cals-research-station/sandhills/flights/69b18411-5f63-4832-91f8-46df717daf12/veg_indices'}
2025-08-26 14:13:20,848 - INFO - [dry-run] DB set e3cd90ce-3ba7-40bd-af96-ee9711f5cf44: artifacts={'orthophoto': '/rs1/shares/cals-research-station/sandhills/flights/e3cd90ce-3ba7-40bd-af96-ee9711f5cf44/odm_orthophoto/odm_orthophoto.tif', 'orthophoto_cog': '/rs1/shares/cals-research-station/sandhills/flights/e3cd90ce-3ba7-40bd-af96-ee9711f5cf44/odm_orthophoto/odm_orthophoto_cog.tif', 'veg_indices_dir': '/rs1/shares/cals-research-station/sandhills/flights/e3cd90ce-3ba7-40bd-af96-ee9711f5cf44/veg_indices'}
2025-08-26 14:13:20,853 - INFO - [dry-run] DB set 40a80503-9a9b-48f7-bda9-ba3c972dec62: artifacts={'orthophoto': '/rs1/shares/cals-research-station/sandhills/flights/40a80503-9a9b-48f7-bda9-ba3c972dec62/odm_orthophoto/odm_orthophoto.tif', 'orthophoto_cog': '/rs1/shares/cals-research-station/sandhills/flights/40a80503-9a9b-48f7-bda9-ba3c972dec62/odm_orthophoto/odm_orthophoto_cog.tif', 'veg_indices_dir': '/rs1/shares/cals-research-station/sandhills/flights/40a80503-9a9b-48f7-bda9-ba3c972dec62/veg_indices'}
2025-08-26 14:13:20,864 - INFO - [dry-run] DB set ec6f85fa-6e5b-4dd6-be79-2ed2ab280489: artifacts={'orthophoto': '/rs1/shares/cals-research-station/sandhills/flights/ec6f85fa-6e5b-4dd6-be79-2ed2ab280489/odm_orthophoto/odm_orthophoto.tif', 'orthophoto_cog': '/rs1/shares/cals-research-station/sandhills/flights/ec6f85fa-6e5b-4dd6-be79-2ed2ab280489/odm_orthophoto/odm_orthophoto_cog.tif', 'veg_indices_dir': '/rs1/shares/cals-research-station/sandhills/flights/ec6f85fa-6e5b-4dd6-be79-2ed2ab280489/veg_indices'}
2025-08-26 14:13:20,872 - INFO - [dry-run] DB set 1bef2db0-45a8-4901-8a51-e5bb0f9f61cf: artifacts={'orthophoto': '/rs1/shares/cals-research-station/sandhills/flights/1bef2db0-45a8-4901-8a51-e5bb0f9f61cf/odm_orthophoto/odm_orthophoto.tif', 'orthophoto_cog': '/rs1/shares/cals-research-station/sandhills/flights/1bef2db0-45a8-4901-8a51-e5bb0f9f61cf/odm_orthophoto/odm_orthophoto_cog.tif', 'veg_indices_dir': '/rs1/shares/cals-research-station/sandhills/flights/1bef2db0-45a8-4901-8a51-e5bb0f9f61cf/veg_indices'}
2025-08-26 14:13:20,885 - INFO - [dry-run] DB set d607d7ee-6c9e-4093-9420-1974c3c93e61: artifacts={'orthophoto': '/rs1/shares/cals-research-station/sandhills/flights/d607d7ee-6c9e-4093-9420-1974c3c93e61/odm_orthophoto/odm_orthophoto.tif'}
2025-08-26 14:13:20,911 - ERROR - aeeb1d9d-875c-4e75-a2a5-35c5c11b8372: file count mismatch (expected 2667, found 2632)
2025-08-26 14:13:20,912 - INFO - [dry-run] DB set aeeb1d9d-875c-4e75-a2a5-35c5c11b8372: {'stages.odm.state': 'blocked', 'stages.odm.message': 'file count mismatch (expected 2667, found 2632)'}
2025-08-26 14:13:20,912 - INFO - [dry-run] DB set aeeb1d9d-875c-4e75-a2a5-35c5c11b8372: status=file count mismatch
2025-08-26 14:13:20,932 - INFO - [dry-run] DB set 86bfa146-7630-45b8-b47f-0750df44a0e0: artifacts={'orthophoto': '/rs1/shares/cals-research-station/sandhills/flights/86bfa146-7630-45b8-b47f-0750df44a0e0/odm_orthophoto/odm_orthophoto.tif', 'orthophoto_cog': '/rs1/shares/cals-research-station/sandhills/flights/86bfa146-7630-45b8-b47f-0750df44a0e0/odm_orthophoto/odm_orthophoto_cog.tif'}
2025-08-26 14:13:20,947 - INFO - [dry-run] DB set eea17167-e9cf-4a7a-b761-319b881053e6: artifacts={'orthophoto': '/rs1/shares/cals-research-station/sandhills/flights/eea17167-e9cf-4a7a-b761-319b881053e6/odm_orthophoto/odm_orthophoto.tif', 'orthophoto_cog': '/rs1/shares/cals-research-station/sandhills/flights/eea17167-e9cf-4a7a-b761-319b881053e6/odm_orthophoto/odm_orthophoto_cog.tif'}
2025-08-26 14:13:20,958 - INFO - [dry-run] DB set 1a9a865f-4a4d-4494-8980-33d5ba819b49: artifacts={'orthophoto': '/rs1/shares/cals-research-station/sandhills/flights/1a9a865f-4a4d-4494-8980-33d5ba819b49/odm_orthophoto/odm_orthophoto.tif', 'orthophoto_cog': '/rs1/shares/cals-research-station/sandhills/flights/1a9a865f-4a4d-4494-8980-33d5ba819b49/odm_orthophoto/odm_orthophoto_cog.tif', 'veg_indices_dir': '/rs1/shares/cals-research-station/sandhills/flights/1a9a865f-4a4d-4494-8980-33d5ba819b49/veg_indices'}
2025-08-26 14:13:20,970 - INFO - [dry-run] DB set 83b3aae5-d56f-40d7-9e05-0b97e682c68d: artifacts={'orthophoto': '/rs1/shares/cals-research-station/sandhills/flights/83b3aae5-d56f-40d7-9e05-0b97e682c68d/odm_orthophoto/odm_orthophoto.tif', 'orthophoto_cog': '/rs1/shares/cals-research-station/sandhills/flights/83b3aae5-d56f-40d7-9e05-0b97e682c68d/odm_orthophoto/odm_orthophoto_cog.tif', 'veg_indices_dir': '/rs1/shares/cals-research-station/sandhills/flights/83b3aae5-d56f-40d7-9e05-0b97e682c68d/veg_indices'}
2025-08-26 14:13:20,974 - INFO - [dry-run] DB set 7fbb23c2-a323-4a6b-b4b7-c38b2c570e47: artifacts={'orthophoto': '/rs1/shares/cals-research-station/sandhills/flights/7fbb23c2-a323-4a6b-b4b7-c38b2c570e47/odm_orthophoto/odm_orthophoto.tif', 'orthophoto_cog': '/rs1/shares/cals-research-station/sandhills/flights/7fbb23c2-a323-4a6b-b4b7-c38b2c570e47/odm_orthophoto/odm_orthophoto_cog.tif'}
2025-08-26 14:13:20,987 - INFO - [dry-run] DB set 9fda5c31-9d16-4259-8d64-4678d39ce29b: artifacts={'orthophoto': '/rs1/shares/cals-research-station/sandhills/flights/9fda5c31-9d16-4259-8d64-4678d39ce29b/odm_orthophoto/odm_orthophoto.tif', 'orthophoto_cog': '/rs1/shares/cals-research-station/sandhills/flights/9fda5c31-9d16-4259-8d64-4678d39ce29b/odm_orthophoto/odm_orthophoto_cog.tif', 'veg_indices_dir': '/rs1/shares/cals-research-station/sandhills/flights/9fda5c31-9d16-4259-8d64-4678d39ce29b/veg_indices'}
2025-08-26 14:13:20,988 - ERROR - c36399cd-575d-4d74-99db-6d4b0c024b04: file count mismatch (expected 203, found 182)
2025-08-26 14:13:20,988 - INFO - [dry-run] DB set c36399cd-575d-4d74-99db-6d4b0c024b04: {'stages.odm.state': 'blocked', 'stages.odm.message': 'file count mismatch (expected 203, found 182)'}
2025-08-26 14:13:20,989 - INFO - [dry-run] DB set c36399cd-575d-4d74-99db-6d4b0c024b04: status=file count mismatch
2025-08-26 14:13:20,998 - INFO - [dry-run] DB set 434ef68d-f621-4962-88e9-97e06ea2355a: artifacts={'orthophoto': '/rs1/shares/cals-research-station/sandhills/flights/434ef68d-f621-4962-88e9-97e06ea2355a/odm_orthophoto/odm_orthophoto.tif', 'orthophoto_cog': '/rs1/shares/cals-research-station/sandhills/flights/434ef68d-f621-4962-88e9-97e06ea2355a/odm_orthophoto/odm_orthophoto_cog.tif', 'veg_indices_dir': '/rs1/shares/cals-research-station/sandhills/flights/434ef68d-f621-4962-88e9-97e06ea2355a/veg_indices'}
2025-08-26 14:13:21,003 - INFO - [dry-run] DB set d9b0589d-f2cc-4847-8c10-4e7c02622063: artifacts={'orthophoto': '/rs1/shares/cals-research-station/sandhills/flights/d9b0589d-f2cc-4847-8c10-4e7c02622063/odm_orthophoto/odm_orthophoto.tif', 'orthophoto_cog': '/rs1/shares/cals-research-station/sandhills/flights/d9b0589d-f2cc-4847-8c10-4e7c02622063/odm_orthophoto/odm_orthophoto_cog.tif'}
2025-08-26 14:13:21,013 - INFO - [dry-run] DB set 20e183ec-5107-437e-bd8c-1821f4d86624: artifacts={'orthophoto': '/rs1/shares/cals-research-station/sandhills/flights/20e183ec-5107-437e-bd8c-1821f4d86624/odm_orthophoto/odm_orthophoto.tif', 'orthophoto_cog': '/rs1/shares/cals-research-station/sandhills/flights/20e183ec-5107-437e-bd8c-1821f4d86624/odm_orthophoto/odm_orthophoto_cog.tif'}
2025-08-26 14:13:21,025 - INFO - [dry-run] DB set e07d6080-92e7-48df-b5be-bf5795954a8a: artifacts={'orthophoto': '/rs1/shares/cals-research-station/sandhills/flights/e07d6080-92e7-48df-b5be-bf5795954a8a/odm_orthophoto/odm_orthophoto.tif', 'orthophoto_cog': '/rs1/shares/cals-research-station/sandhills/flights/e07d6080-92e7-48df-b5be-bf5795954a8a/odm_orthophoto/odm_orthophoto_cog.tif', 'veg_indices_dir': '/rs1/shares/cals-research-station/sandhills/flights/e07d6080-92e7-48df-b5be-bf5795954a8a/veg_indices'}
2025-08-26 14:13:21,031 - INFO - [dry-run] DB set c0b21a9d-dd6a-4355-84b0-92ef9e0ac963: artifacts={'orthophoto': '/rs1/shares/cals-research-station/sandhills/flights/c0b21a9d-dd6a-4355-84b0-92ef9e0ac963/odm_orthophoto/odm_orthophoto.tif', 'orthophoto_cog': '/rs1/shares/cals-research-station/sandhills/flights/c0b21a9d-dd6a-4355-84b0-92ef9e0ac963/odm_orthophoto/odm_orthophoto_cog.tif'}
2025-08-26 14:13:21,035 - INFO - [dry-run] DB set 2d1ee413-ef3e-4d99-8dbb-7d224f1e82b3: artifacts={'orthophoto': '/rs1/shares/cals-research-station/sandhills/flights/2d1ee413-ef3e-4d99-8dbb-7d224f1e82b3/odm_orthophoto/odm_orthophoto.tif', 'orthophoto_cog': '/rs1/shares/cals-research-station/sandhills/flights/2d1ee413-ef3e-4d99-8dbb-7d224f1e82b3/odm_orthophoto/odm_orthophoto_cog.tif', 'veg_indices_dir': '/rs1/shares/cals-research-station/sandhills/flights/2d1ee413-ef3e-4d99-8dbb-7d224f1e82b3/veg_indices'}
2025-08-26 14:13:21,049 - INFO - [dry-run] DB set 3906526a-5250-445c-8a53-3330e1c6f52c: artifacts={'orthophoto': '/rs1/shares/cals-research-station/sandhills/flights/3906526a-5250-445c-8a53-3330e1c6f52c/odm_orthophoto/odm_orthophoto.tif', 'orthophoto_cog': '/rs1/shares/cals-research-station/sandhills/flights/3906526a-5250-445c-8a53-3330e1c6f52c/odm_orthophoto/odm_orthophoto_cog.tif', 'veg_indices_dir': '/rs1/shares/cals-research-station/sandhills/flights/3906526a-5250-445c-8a53-3330e1c6f52c/veg_indices'}
2025-08-26 14:13:21,054 - INFO - [dry-run] DB set 76feb0e4-e773-4dc3-bc46-62a00907fade: artifacts={'orthophoto': '/rs1/shares/cals-research-station/sandhills/flights/76feb0e4-e773-4dc3-bc46-62a00907fade/odm_orthophoto/odm_orthophoto.tif', 'orthophoto_cog': '/rs1/shares/cals-research-station/sandhills/flights/76feb0e4-e773-4dc3-bc46-62a00907fade/odm_orthophoto/odm_orthophoto_cog.tif'}
2025-08-26 14:13:21,067 - INFO - [dry-run] DB set 12dab23b-a415-4817-9c00-0db3124ccc61: artifacts={'orthophoto': '/rs1/shares/cals-research-station/sandhills/flights/12dab23b-a415-4817-9c00-0db3124ccc61/odm_orthophoto/odm_orthophoto.tif', 'orthophoto_cog': '/rs1/shares/cals-research-station/sandhills/flights/12dab23b-a415-4817-9c00-0db3124ccc61/odm_orthophoto/odm_orthophoto_cog.tif', 'veg_indices_dir': '/rs1/shares/cals-research-station/sandhills/flights/12dab23b-a415-4817-9c00-0db3124ccc61/veg_indices'}
2025-08-26 14:13:21,073 - INFO - [dry-run] DB set 0dfbffc4-d64f-49e2-b595-ff4fd550c6dd: artifacts={'orthophoto': '/rs1/shares/cals-research-station/sandhills/flights/0dfbffc4-d64f-49e2-b595-ff4fd550c6dd/odm_orthophoto/odm_orthophoto.tif', 'orthophoto_cog': '/rs1/shares/cals-research-station/sandhills/flights/0dfbffc4-d64f-49e2-b595-ff4fd550c6dd/odm_orthophoto/odm_orthophoto_cog.tif', 'veg_indices_dir': '/rs1/shares/cals-research-station/sandhills/flights/0dfbffc4-d64f-49e2-b595-ff4fd550c6dd/veg_indices'}
2025-08-26 14:13:21,078 - INFO - [dry-run] DB set 59abe121-36c4-458c-95db-8dba1741a2a3: artifacts={'orthophoto': '/rs1/shares/cals-research-station/sandhills/flights/59abe121-36c4-458c-95db-8dba1741a2a3/odm_orthophoto/odm_orthophoto.tif', 'orthophoto_cog': '/rs1/shares/cals-research-station/sandhills/flights/59abe121-36c4-458c-95db-8dba1741a2a3/odm_orthophoto/odm_orthophoto_cog.tif', 'veg_indices_dir': '/rs1/shares/cals-research-station/sandhills/flights/59abe121-36c4-458c-95db-8dba1741a2a3/veg_indices'}
2025-08-26 14:13:21,081 - ERROR - 9b1802b9-4f27-4511-9814-6e5b56d61d91: file count mismatch (expected 4004, found 3990)
2025-08-26 14:13:21,081 - INFO - [dry-run] DB set 9b1802b9-4f27-4511-9814-6e5b56d61d91: {'stages.odm.state': 'blocked', 'stages.odm.message': 'file count mismatch (expected 4004, found 3990)'}
2025-08-26 14:13:21,081 - INFO - [dry-run] DB set 9b1802b9-4f27-4511-9814-6e5b56d61d91: status=file count mismatch
2025-08-26 14:13:21,085 - INFO - [dry-run] DB set 548c190e-720b-4845-8884-2f6e249be306: artifacts={'orthophoto': '/rs1/shares/cals-research-station/sandhills/flights/548c190e-720b-4845-8884-2f6e249be306/odm_orthophoto/odm_orthophoto.tif', 'orthophoto_cog': '/rs1/shares/cals-research-station/sandhills/flights/548c190e-720b-4845-8884-2f6e249be306/odm_orthophoto/odm_orthophoto_cog.tif', 'veg_indices_dir': '/rs1/shares/cals-research-station/sandhills/flights/548c190e-720b-4845-8884-2f6e249be306/veg_indices'}
2025-08-26 14:13:21,089 - ERROR - 40321b11-c7df-4b70-8438-2e95ac7a3d14: file count mismatch (expected 2219, found 2205)
2025-08-26 14:13:21,089 - INFO - [dry-run] DB set 40321b11-c7df-4b70-8438-2e95ac7a3d14: {'stages.odm.state': 'blocked', 'stages.odm.message': 'file count mismatch (expected 2219, found 2205)'}
2025-08-26 14:13:21,089 - INFO - [dry-run] DB set 40321b11-c7df-4b70-8438-2e95ac7a3d14: status=file count mismatch
2025-08-26 14:13:21,094 - INFO - [dry-run] DB set 6f2af454-e0c8-4fa1-b341-2de5a4fb6b64: artifacts={'orthophoto': '/rs1/shares/cals-research-station/sandhills/flights/6f2af454-e0c8-4fa1-b341-2de5a4fb6b64/odm_orthophoto/odm_orthophoto.tif', 'orthophoto_cog': '/rs1/shares/cals-research-station/sandhills/flights/6f2af454-e0c8-4fa1-b341-2de5a4fb6b64/odm_orthophoto/odm_orthophoto_cog.tif', 'veg_indices_dir': '/rs1/shares/cals-research-station/sandhills/flights/6f2af454-e0c8-4fa1-b341-2de5a4fb6b64/veg_indices'}
2025-08-26 14:13:21,099 - INFO - [dry-run] DB set 3dbb0f71-ff87-45eb-9752-7fc9b0d46b9b: artifacts={'orthophoto': '/rs1/shares/cals-research-station/sandhills/flights/3dbb0f71-ff87-45eb-9752-7fc9b0d46b9b/odm_orthophoto/odm_orthophoto.tif', 'orthophoto_cog': '/rs1/shares/cals-research-station/sandhills/flights/3dbb0f71-ff87-45eb-9752-7fc9b0d46b9b/odm_orthophoto/odm_orthophoto_cog.tif'}
2025-08-26 14:13:21,104 - INFO - [dry-run] DB set 3a3ff4a7-ab15-46f9-882b-4a32111f1c1e: artifacts={'orthophoto': '/rs1/shares/cals-research-station/sandhills/flights/3a3ff4a7-ab15-46f9-882b-4a32111f1c1e/odm_orthophoto/odm_orthophoto.tif', 'orthophoto_cog': '/rs1/shares/cals-research-station/sandhills/flights/3a3ff4a7-ab15-46f9-882b-4a32111f1c1e/odm_orthophoto/odm_orthophoto_cog.tif'}
2025-08-26 14:13:21,113 - INFO - [dry-run] DB set 0db1afad-c1f8-4f2e-92e0-8178532cddd5: artifacts={'orthophoto': '/rs1/shares/cals-research-station/sandhills/flights/0db1afad-c1f8-4f2e-92e0-8178532cddd5/odm_orthophoto/odm_orthophoto.tif', 'orthophoto_cog': '/rs1/shares/cals-research-station/sandhills/flights/0db1afad-c1f8-4f2e-92e0-8178532cddd5/odm_orthophoto/odm_orthophoto_cog.tif'}
2025-08-26 14:13:21,119 - INFO - [dry-run] DB set 3001b4ca-61e5-43c1-bc99-2ab034fdb35d: artifacts={'orthophoto': '/rs1/shares/cals-research-station/sandhills/flights/3001b4ca-61e5-43c1-bc99-2ab034fdb35d/odm_orthophoto/odm_orthophoto.tif', 'orthophoto_cog': '/rs1/shares/cals-research-station/sandhills/flights/3001b4ca-61e5-43c1-bc99-2ab034fdb35d/odm_orthophoto/odm_orthophoto_cog.tif'}
2025-08-26 14:13:21,128 - INFO - [dry-run] DB set 6fe76aef-f906-4e5e-baf3-864d7098d919: artifacts={'orthophoto': '/rs1/shares/cals-research-station/sandhills/flights/6fe76aef-f906-4e5e-baf3-864d7098d919/odm_orthophoto/odm_orthophoto.tif', 'orthophoto_cog': '/rs1/shares/cals-research-station/sandhills/flights/6fe76aef-f906-4e5e-baf3-864d7098d919/odm_orthophoto/odm_orthophoto_cog.tif'}
2025-08-26 14:13:21,137 - ERROR - 6a808c36-df1a-4203-84b5-7fe5d9351fa7: file count mismatch (expected 6685, found 6664)
2025-08-26 14:13:21,137 - INFO - [dry-run] DB set 6a808c36-df1a-4203-84b5-7fe5d9351fa7: {'stages.odm.state': 'blocked', 'stages.odm.message': 'file count mismatch (expected 6685, found 6664)'}
2025-08-26 14:13:21,137 - INFO - [dry-run] DB set 6a808c36-df1a-4203-84b5-7fe5d9351fa7: status=file count mismatch
2025-08-26 14:13:21,142 - INFO - [dry-run] DB set 351d8d07-43f1-4a87-a10a-335f7a304b92: artifacts={'orthophoto': '/rs1/shares/cals-research-station/sandhills/flights/351d8d07-43f1-4a87-a10a-335f7a304b92/odm_orthophoto/odm_orthophoto.tif', 'orthophoto_cog': '/rs1/shares/cals-research-station/sandhills/flights/351d8d07-43f1-4a87-a10a-335f7a304b92/odm_orthophoto/odm_orthophoto_cog.tif', 'veg_indices_dir': '/rs1/shares/cals-research-station/sandhills/flights/351d8d07-43f1-4a87-a10a-335f7a304b92/veg_indices'}
2025-08-26 14:13:21,146 - INFO - [dry-run] DB set 7061ca72-5c2e-42db-9940-6d15b7c43ce6: artifacts={'orthophoto': '/rs1/shares/cals-research-station/sandhills/flights/7061ca72-5c2e-42db-9940-6d15b7c43ce6/odm_orthophoto/odm_orthophoto.tif', 'orthophoto_cog': '/rs1/shares/cals-research-station/sandhills/flights/7061ca72-5c2e-42db-9940-6d15b7c43ce6/odm_orthophoto/odm_orthophoto_cog.tif'}
2025-08-26 14:13:21,149 - INFO - [dry-run] DB set 42abfaef-b50f-4985-b757-6a32a3682224: artifacts={'orthophoto': '/rs1/shares/cals-research-station/sandhills/flights/42abfaef-b50f-4985-b757-6a32a3682224/odm_orthophoto/odm_orthophoto.tif', 'orthophoto_cog': '/rs1/shares/cals-research-station/sandhills/flights/42abfaef-b50f-4985-b757-6a32a3682224/odm_orthophoto/odm_orthophoto_cog.tif'}
2025-08-26 14:13:21,193 - INFO - [dry-run] DB set 95e56cff-6ab8-460d-b4a2-a3f0d219e2fa: artifacts={'orthophoto': '/rs1/shares/cals-research-station/sandhills/flights/95e56cff-6ab8-460d-b4a2-a3f0d219e2fa/odm_orthophoto/odm_orthophoto.tif', 'orthophoto_cog': '/rs1/shares/cals-research-station/sandhills/flights/95e56cff-6ab8-460d-b4a2-a3f0d219e2fa/odm_orthophoto/odm_orthophoto_cog.tif', 'veg_indices_dir': '/rs1/shares/cals-research-station/sandhills/flights/95e56cff-6ab8-460d-b4a2-a3f0d219e2fa/veg_indices'}
2025-08-26 14:13:21,199 - INFO - [dry-run] DB set 83e057c5-18c2-4d77-8e5b-3b594c791760: artifacts={'orthophoto': '/rs1/shares/cals-research-station/sandhills/flights/83e057c5-18c2-4d77-8e5b-3b594c791760/odm_orthophoto/odm_orthophoto.tif', 'orthophoto_cog': '/rs1/shares/cals-research-station/sandhills/flights/83e057c5-18c2-4d77-8e5b-3b594c791760/odm_orthophoto/odm_orthophoto_cog.tif'}
2025-08-26 14:13:21,215 - ERROR - be52b07b-c38a-459b-ad9c-bd8765db6302: file count mismatch (expected 4004, found 3990)
2025-08-26 14:13:21,216 - INFO - [dry-run] DB set be52b07b-c38a-459b-ad9c-bd8765db6302: {'stages.odm.state': 'blocked', 'stages.odm.message': 'file count mismatch (expected 4004, found 3990)'}
2025-08-26 14:13:21,216 - INFO - [dry-run] DB set be52b07b-c38a-459b-ad9c-bd8765db6302: status=file count mismatch
2025-08-26 14:13:21,218 - ERROR - 1ca6ad71-7567-4c58-8ac9-9184b7abe5f5: file count mismatch (expected 2219, found 2205)
2025-08-26 14:13:21,218 - INFO - [dry-run] DB set 1ca6ad71-7567-4c58-8ac9-9184b7abe5f5: {'stages.odm.state': 'blocked', 'stages.odm.message': 'file count mismatch (expected 2219, found 2205)'}
2025-08-26 14:13:21,218 - INFO - [dry-run] DB set 1ca6ad71-7567-4c58-8ac9-9184b7abe5f5: status=file count mismatch
2025-08-26 14:13:21,269 - ERROR - 01e17e66-0e67-43f6-bc05-ccba093626aa: file count mismatch (expected 6685, found 6664)
2025-08-26 14:13:21,269 - INFO - [dry-run] DB set 01e17e66-0e67-43f6-bc05-ccba093626aa: {'stages.odm.state': 'blocked', 'stages.odm.message': 'file count mismatch (expected 6685, found 6664)'}
2025-08-26 14:13:21,269 - INFO - [dry-run] DB set 01e17e66-0e67-43f6-bc05-ccba093626aa: status=file count mismatch
2025-08-26 14:13:21,287 - ERROR - 75478b84-90d5-48fd-8819-3d0a20744bb5: file count mismatch (expected 9338, found 9324)
2025-08-26 14:13:21,287 - INFO - [dry-run] DB set 75478b84-90d5-48fd-8819-3d0a20744bb5: {'stages.odm.state': 'blocked', 'stages.odm.message': 'file count mismatch (expected 9338, found 9324)'}
2025-08-26 14:13:21,287 - INFO - [dry-run] DB set 75478b84-90d5-48fd-8819-3d0a20744bb5: status=file count mismatch
2025-08-26 14:13:21,292 - ERROR - 30e7eae3-2038-4f16-841c-4be5100a2425: file count mismatch (expected 6419, found 6398)
2025-08-26 14:13:21,292 - INFO - [dry-run] DB set 30e7eae3-2038-4f16-841c-4be5100a2425: {'stages.odm.state': 'blocked', 'stages.odm.message': 'file count mismatch (expected 6419, found 6398)'}
2025-08-26 14:13:21,292 - INFO - [dry-run] DB set 30e7eae3-2038-4f16-841c-4be5100a2425: status=file count mismatch
2025-08-26 14:13:21,321 - ERROR - 180128d5-a7b1-41b6-ab24-375cec741563: file count mismatch (expected 7112, found 7091)
2025-08-26 14:13:21,322 - INFO - [dry-run] DB set 180128d5-a7b1-41b6-ab24-375cec741563: {'stages.odm.state': 'blocked', 'stages.odm.message': 'file count mismatch (expected 7112, found 7091)'}
2025-08-26 14:13:21,322 - INFO - [dry-run] DB set 180128d5-a7b1-41b6-ab24-375cec741563: status=file count mismatch
2025-08-26 14:13:21,327 - ERROR - 6095c9b1-a36d-4c14-a078-6c958c1812f3: file count mismatch (expected 8862, found 8841)
2025-08-26 14:13:21,327 - INFO - [dry-run] DB set 6095c9b1-a36d-4c14-a078-6c958c1812f3: {'stages.odm.state': 'blocked', 'stages.odm.message': 'file count mismatch (expected 8862, found 8841)'}
2025-08-26 14:13:21,327 - INFO - [dry-run] DB set 6095c9b1-a36d-4c14-a078-6c958c1812f3: status=file count mismatch
2025-08-26 14:13:21,345 - ERROR - 1481b835-3334-48e9-a63d-b4794c7a3a60: file count mismatch (expected 4004, found 3990)
2025-08-26 14:13:21,345 - INFO - [dry-run] DB set 1481b835-3334-48e9-a63d-b4794c7a3a60: {'stages.odm.state': 'blocked', 'stages.odm.message': 'file count mismatch (expected 4004, found 3990)'}
2025-08-26 14:13:21,345 - INFO - [dry-run] DB set 1481b835-3334-48e9-a63d-b4794c7a3a60: status=file count mismatch
2025-08-26 14:13:21,349 - ERROR - c5b54aad-9d4c-405b-a8df-49f2b91c363c: file count mismatch (expected 2219, found 2205)
2025-08-26 14:13:21,349 - INFO - [dry-run] DB set c5b54aad-9d4c-405b-a8df-49f2b91c363c: {'stages.odm.state': 'blocked', 'stages.odm.message': 'file count mismatch (expected 2219, found 2205)'}
2025-08-26 14:13:21,349 - INFO - [dry-run] DB set c5b54aad-9d4c-405b-a8df-49f2b91c363c: status=file count mismatch
2025-08-26 14:13:21,371 - ERROR - e7631886-db3f-4b9c-9388-98b1cf5d6731: file count mismatch (expected 6685, found 6664)
2025-08-26 14:13:21,371 - INFO - [dry-run] DB set e7631886-db3f-4b9c-9388-98b1cf5d6731: {'stages.odm.state': 'blocked', 'stages.odm.message': 'file count mismatch (expected 6685, found 6664)'}
2025-08-26 14:13:21,371 - INFO - [dry-run] DB set e7631886-db3f-4b9c-9388-98b1cf5d6731: status=file count mismatch
2025-08-26 14:13:21,427 - INFO - [dry-run] DB set 9135ce8d-7b5a-4e8a-8fb0-0ef7b41e2c1b: {'stages.ortho_intel.state': 'unknown', 'stages.ortho_intel.message': 'no ortho_intel artifacts'}
2025-08-26 14:13:21,429 - INFO - [dry-run] DB set e65d8d33-4a02-4178-8e9c-0de3ba59138f: {'stages.odm.state': 'unknown', 'stages.odm.message': 'no success markers (log.json) and no orthophoto'}
2025-08-26 14:13:21,429 - INFO - [dry-run] DB set e65d8d33-4a02-4178-8e9c-0de3ba59138f: {'stages.ortho_intel.state': 'unknown', 'stages.ortho_intel.message': 'no ortho_intel artifacts'}
2025-08-26 14:13:21,431 - INFO - [dry-run] DB set f152431b-5162-45c2-a3eb-3c0a828d0664: {'stages.odm.state': 'unknown', 'stages.odm.message': 'no success markers (log.json) and no orthophoto'}
2025-08-26 14:13:21,431 - INFO - [dry-run] DB set f152431b-5162-45c2-a3eb-3c0a828d0664: {'stages.ortho_intel.state': 'unknown', 'stages.ortho_intel.message': 'no ortho_intel artifacts'}
2025-08-26 14:13:21,433 - INFO - [dry-run] DB set 5fd04440-13dd-45a2-915f-89aafbb33f39: {'stages.odm.state': 'unknown', 'stages.odm.message': 'no success markers (log.json) and no orthophoto'}
2025-08-26 14:13:21,433 - INFO - [dry-run] DB set 5fd04440-13dd-45a2-915f-89aafbb33f39: {'stages.ortho_intel.state': 'unknown', 'stages.ortho_intel.message': 'no ortho_intel artifacts'}
2025-08-26 14:13:21,435 - INFO - [dry-run] DB set cc8aaa96-4265-49a7-afc5-d74a4b08c411: {'stages.odm.state': 'unknown', 'stages.odm.message': 'no success markers (log.json) and no orthophoto'}
2025-08-26 14:13:21,435 - INFO - [dry-run] DB set cc8aaa96-4265-49a7-afc5-d74a4b08c411: {'stages.ortho_intel.state': 'unknown', 'stages.ortho_intel.message': 'no ortho_intel artifacts'}
2025-08-26 14:13:21,437 - INFO - [dry-run] DB set e7540fd4-b069-4825-b917-19373efa6395: {'stages.odm.state': 'unknown', 'stages.odm.message': 'no success markers (log.json) and no orthophoto'}
2025-08-26 14:13:21,438 - INFO - [dry-run] DB set e7540fd4-b069-4825-b917-19373efa6395: {'stages.ortho_intel.state': 'unknown', 'stages.ortho_intel.message': 'no ortho_intel artifacts'}
2025-08-26 14:13:21,439 - INFO - [dry-run] DB set 597863c5-0e8d-4765-8529-c48d4fb1a859: {'stages.odm.state': 'unknown', 'stages.odm.message': 'no success markers (log.json) and no orthophoto'}
2025-08-26 14:13:21,440 - INFO - [dry-run] DB set 597863c5-0e8d-4765-8529-c48d4fb1a859: {'stages.ortho_intel.state': 'unknown', 'stages.ortho_intel.message': 'no ortho_intel artifacts'}
2025-08-26 14:13:21,441 - INFO - [dry-run] DB set 52087031-79b6-4681-a2e7-9af06a1a09b2: {'stages.odm.state': 'unknown', 'stages.odm.message': 'no success markers (log.json) and no orthophoto'}
2025-08-26 14:13:21,441 - INFO - [dry-run] DB set 52087031-79b6-4681-a2e7-9af06a1a09b2: {'stages.ortho_intel.state': 'unknown', 'stages.ortho_intel.message': 'no ortho_intel artifacts'}
2025-08-26 14:13:21,454 - INFO - [dry-run] DB set f446e09d-153d-4fd1-988d-41ff83f34fc2: {'stages.odm.state': 'unknown', 'stages.odm.message': 'no success markers (log.json) and no orthophoto'}
2025-08-26 14:13:21,454 - INFO - [dry-run] DB set f446e09d-153d-4fd1-988d-41ff83f34fc2: {'stages.ortho_intel.state': 'unknown', 'stages.ortho_intel.message': 'no ortho_intel artifacts'}
2025-08-26 14:13:21,457 - INFO - [dry-run] DB set d21fdd81-cd96-4d90-ae1d-6c5411387c77: {'stages.odm.state': 'unknown', 'stages.odm.message': 'no success markers (log.json) and no orthophoto'}
2025-08-26 14:13:21,457 - INFO - [dry-run] DB set d21fdd81-cd96-4d90-ae1d-6c5411387c77: {'stages.ortho_intel.state': 'unknown', 'stages.ortho_intel.message': 'no ortho_intel artifacts'}
2025-08-26 14:13:21,459 - INFO - [dry-run] DB set 3d396b6f-e612-4b1f-b2ce-5547491b732d: {'stages.odm.state': 'unknown', 'stages.odm.message': 'no success markers (log.json) and no orthophoto'}
2025-08-26 14:13:21,459 - INFO - [dry-run] DB set 3d396b6f-e612-4b1f-b2ce-5547491b732d: {'stages.ortho_intel.state': 'unknown', 'stages.ortho_intel.message': 'no ortho_intel artifacts'}
2025-08-26 14:13:21,462 - INFO - [dry-run] DB set bd96c39d-46c5-438f-80bc-450ce4078778: {'stages.odm.state': 'unknown', 'stages.odm.message': 'no success markers (log.json) and no orthophoto'}
2025-08-26 14:13:21,462 - INFO - [dry-run] DB set bd96c39d-46c5-438f-80bc-450ce4078778: {'stages.ortho_intel.state': 'unknown', 'stages.ortho_intel.message': 'no ortho_intel artifacts'}
2025-08-26 14:13:21,464 - INFO - [dry-run] DB set 76c9d9ad-6bb3-45af-bd47-ad927216074f: {'stages.odm.state': 'unknown', 'stages.odm.message': 'no success markers (log.json) and no orthophoto'}
2025-08-26 14:13:21,464 - INFO - [dry-run] DB set 76c9d9ad-6bb3-45af-bd47-ad927216074f: {'stages.ortho_intel.state': 'unknown', 'stages.ortho_intel.message': 'no ortho_intel artifacts'}
2025-08-26 14:13:21,467 - INFO - [dry-run] DB set f728e9cd-6d96-4a98-9f1a-c443c871e432: {'stages.odm.state': 'unknown', 'stages.odm.message': 'no success markers (log.json) and no orthophoto'}
2025-08-26 14:13:21,467 - INFO - [dry-run] DB set f728e9cd-6d96-4a98-9f1a-c443c871e432: {'stages.ortho_intel.state': 'unknown', 'stages.ortho_intel.message': 'no ortho_intel artifacts'}
2025-08-26 14:13:21,468 - INFO - [dry-run] DB set 762d60e7-315f-4d5a-8eab-7f00ddb33e23: {'stages.odm.state': 'unknown', 'stages.odm.message': 'no success markers (log.json) and no orthophoto'}
2025-08-26 14:13:21,469 - INFO - [dry-run] DB set 762d60e7-315f-4d5a-8eab-7f00ddb33e23: {'stages.ortho_intel.state': 'unknown', 'stages.ortho_intel.message': 'no ortho_intel artifacts'}
2025-08-26 14:13:21,471 - INFO - [dry-run] DB set 3a5ea7e9-c9cf-44c6-9833-a36047356dbe: {'stages.odm.state': 'unknown', 'stages.odm.message': 'no success markers (log.json) and no orthophoto'}
2025-08-26 14:13:21,471 - INFO - [dry-run] DB set 3a5ea7e9-c9cf-44c6-9833-a36047356dbe: {'stages.ortho_intel.state': 'unknown', 'stages.ortho_intel.message': 'no ortho_intel artifacts'}
2025-08-26 14:13:21,471 - INFO - Reconciled 222 flights (station=sandhills)
2025-08-26 14:29:44,263 - INFO - [dry-run] DB set e48d496c-e7d1-4345-8fc2-42fbc78b3b28: {'stages.odm.state': 'succeeded', 'stages.odm.ended_at': datetime.datetime(2025, 8, 26, 18, 29, 44, 263687, tzinfo=datetime.timezone.utc), 'stages.odm.message': 'log.json success=true (log.json)'}
2025-08-26 14:29:44,264 - INFO - [dry-run] DB set e48d496c-e7d1-4345-8fc2-42fbc78b3b28: {'stages.ortho_intel.state': 'succeeded', 'stages.ortho_intel.ended_at': datetime.datetime(2025, 8, 26, 18, 29, 44, 263687, tzinfo=datetime.timezone.utc), 'stages.ortho_intel.message': 'COG + veg_indices'}
2025-08-26 14:29:44,265 - INFO - [dry-run] DB set e48d496c-e7d1-4345-8fc2-42fbc78b3b28: artifacts={'orthophoto': '/rs1/shares/cals-research-station/sandhills/flights/e48d496c-e7d1-4345-8fc2-42fbc78b3b28/odm_orthophoto/odm_orthophoto.tif', 'orthophoto_cog': '/rs1/shares/cals-research-station/sandhills/flights/e48d496c-e7d1-4345-8fc2-42fbc78b3b28/odm_orthophoto/odm_orthophoto_cog.tif', 'veg_indices_dir': '/rs1/shares/cals-research-station/sandhills/flights/e48d496c-e7d1-4345-8fc2-42fbc78b3b28/veg_indices'}
2025-08-26 14:29:44,284 - INFO - [dry-run] DB set 0071dfd2-06b0-4396-81aa-d071c22ab5ff: {'stages.odm.state': 'succeeded', 'stages.odm.ended_at': datetime.datetime(2025, 8, 26, 18, 29, 44, 284271, tzinfo=datetime.timezone.utc), 'stages.odm.message': 'log.json success=true (log.json)'}
2025-08-26 14:29:44,284 - INFO - [dry-run] DB set 0071dfd2-06b0-4396-81aa-d071c22ab5ff: {'stages.ortho_intel.state': 'succeeded', 'stages.ortho_intel.ended_at': datetime.datetime(2025, 8, 26, 18, 29, 44, 284271, tzinfo=datetime.timezone.utc), 'stages.ortho_intel.message': 'COG + veg_indices'}
2025-08-26 14:29:44,285 - INFO - [dry-run] DB set 0071dfd2-06b0-4396-81aa-d071c22ab5ff: artifacts={'orthophoto': '/rs1/shares/cals-research-station/sandhills/flights/0071dfd2-06b0-4396-81aa-d071c22ab5ff/odm_orthophoto/odm_orthophoto.tif', 'orthophoto_cog': '/rs1/shares/cals-research-station/sandhills/flights/0071dfd2-06b0-4396-81aa-d071c22ab5ff/odm_orthophoto/odm_orthophoto_cog.tif', 'veg_indices_dir': '/rs1/shares/cals-research-station/sandhills/flights/0071dfd2-06b0-4396-81aa-d071c22ab5ff/veg_indices'}
2025-08-26 14:29:44,285 - INFO - Reconciled 2 flights (station=sandhills)
2025-08-26 14:31:24,219 - INFO - Reconciled 2 flights (station=sandhills)
2025-08-26 14:31:57,607 - INFO - [dry-run] DB set e48d496c-e7d1-4345-8fc2-42fbc78b3b28: artifacts={'orthophoto': '/rs1/shares/cals-research-station/sandhills/flights/e48d496c-e7d1-4345-8fc2-42fbc78b3b28/odm_orthophoto/odm_orthophoto.tif', 'orthophoto_cog': '/rs1/shares/cals-research-station/sandhills/flights/e48d496c-e7d1-4345-8fc2-42fbc78b3b28/odm_orthophoto/odm_orthophoto_cog.tif', 'veg_indices_dir': '/rs1/shares/cals-research-station/sandhills/flights/e48d496c-e7d1-4345-8fc2-42fbc78b3b28/veg_indices'}
2025-08-26 14:31:57,621 - INFO - [dry-run] DB set 0071dfd2-06b0-4396-81aa-d071c22ab5ff: artifacts={'orthophoto': '/rs1/shares/cals-research-station/sandhills/flights/0071dfd2-06b0-4396-81aa-d071c22ab5ff/odm_orthophoto/odm_orthophoto.tif', 'orthophoto_cog': '/rs1/shares/cals-research-station/sandhills/flights/0071dfd2-06b0-4396-81aa-d071c22ab5ff/odm_orthophoto/odm_orthophoto_cog.tif', 'veg_indices_dir': '/rs1/shares/cals-research-station/sandhills/flights/0071dfd2-06b0-4396-81aa-d071c22ab5ff/veg_indices'}
2025-08-26 14:31:57,766 - INFO - [dry-run] DB set f51bc494-dfee-44b2-a6b6-9711862379c0: {'stages.odm.state': 'succeeded', 'stages.odm.ended_at': datetime.datetime(2025, 8, 26, 18, 31, 57, 766707, tzinfo=datetime.timezone.utc), 'stages.odm.message': 'log.json success=true (code/log.json)'}
2025-08-26 14:31:57,767 - INFO - [dry-run] DB set f51bc494-dfee-44b2-a6b6-9711862379c0: {'stages.ortho_intel.state': 'succeeded', 'stages.ortho_intel.ended_at': datetime.datetime(2025, 8, 26, 18, 31, 57, 766707, tzinfo=datetime.timezone.utc), 'stages.ortho_intel.message': 'COG + veg_indices'}
2025-08-26 14:31:57,787 - INFO - [dry-run] DB set f51bc494-dfee-44b2-a6b6-9711862379c0: artifacts={'orthophoto': '/rs1/shares/cals-research-station/sandhills/flights/f51bc494-dfee-44b2-a6b6-9711862379c0/odm_orthophoto/odm_orthophoto.tif', 'orthophoto_cog': '/rs1/shares/cals-research-station/sandhills/flights/f51bc494-dfee-44b2-a6b6-9711862379c0/odm_orthophoto/odm_orthophoto_cog.tif', 'veg_indices_dir': '/rs1/shares/cals-research-station/sandhills/flights/f51bc494-dfee-44b2-a6b6-9711862379c0/veg_indices'}
2025-08-26 14:31:57,847 - INFO - [dry-run] DB set 047a588b-46ff-4582-8bfd-7bd5397e34e5: {'stages.odm.state': 'succeeded', 'stages.odm.ended_at': datetime.datetime(2025, 8, 26, 18, 31, 57, 847383, tzinfo=datetime.timezone.utc), 'stages.odm.message': 'log.json success=true (log.json)'}
2025-08-26 14:31:57,847 - INFO - [dry-run] DB set 047a588b-46ff-4582-8bfd-7bd5397e34e5: {'stages.ortho_intel.state': 'succeeded', 'stages.ortho_intel.ended_at': datetime.datetime(2025, 8, 26, 18, 31, 57, 847383, tzinfo=datetime.timezone.utc), 'stages.ortho_intel.message': 'COG + veg_indices'}
2025-08-26 14:31:57,847 - INFO - [dry-run] DB set 047a588b-46ff-4582-8bfd-7bd5397e34e5: status=processed
2025-08-26 14:31:57,847 - INFO - 047a588b-46ff-4582-8bfd-7bd5397e34e5: status None -> processed
2025-08-26 14:31:57,868 - INFO - [dry-run] DB set 047a588b-46ff-4582-8bfd-7bd5397e34e5: artifacts={'orthophoto': '/rs1/shares/cals-research-station/sandhills/flights/047a588b-46ff-4582-8bfd-7bd5397e34e5/odm_orthophoto/odm_orthophoto.tif', 'orthophoto_cog': '/rs1/shares/cals-research-station/sandhills/flights/047a588b-46ff-4582-8bfd-7bd5397e34e5/odm_orthophoto/odm_orthophoto_cog.tif', 'veg_indices_dir': '/rs1/shares/cals-research-station/sandhills/flights/047a588b-46ff-4582-8bfd-7bd5397e34e5/veg_indices'}
2025-08-26 14:31:57,986 - INFO - [dry-run] DB set 5c6e17e8-af46-4bec-a41d-75a467c244c3: {'stages.odm.state': 'succeeded', 'stages.odm.ended_at': datetime.datetime(2025, 8, 26, 18, 31, 57, 986344, tzinfo=datetime.timezone.utc), 'stages.odm.message': 'log.json success=true (log.json)'}
2025-08-26 14:31:57,986 - INFO - [dry-run] DB set 5c6e17e8-af46-4bec-a41d-75a467c244c3: {'stages.ortho_intel.state': 'succeeded', 'stages.ortho_intel.ended_at': datetime.datetime(2025, 8, 26, 18, 31, 57, 986344, tzinfo=datetime.timezone.utc), 'stages.ortho_intel.message': 'COG + veg_indices'}
2025-08-26 14:31:57,987 - INFO - [dry-run] DB set 5c6e17e8-af46-4bec-a41d-75a467c244c3: artifacts={'orthophoto': '/rs1/shares/cals-research-station/sandhills/flights/5c6e17e8-af46-4bec-a41d-75a467c244c3/odm_orthophoto/odm_orthophoto.tif', 'orthophoto_cog': '/rs1/shares/cals-research-station/sandhills/flights/5c6e17e8-af46-4bec-a41d-75a467c244c3/odm_orthophoto/odm_orthophoto_cog.tif', 'veg_indices_dir': '/rs1/shares/cals-research-station/sandhills/flights/5c6e17e8-af46-4bec-a41d-75a467c244c3/veg_indices'}
2025-08-26 14:31:58,126 - INFO - [dry-run] DB set 7213d88e-ca07-429f-b031-b471a6e36dae: {'stages.odm.state': 'unknown', 'stages.odm.message': 'no success markers (log.json) and no orthophoto'}
2025-08-26 14:31:58,127 - INFO - [dry-run] DB set 7213d88e-ca07-429f-b031-b471a6e36dae: {'stages.ortho_intel.state': 'unknown', 'stages.ortho_intel.message': 'no ortho_intel artifacts'}
2025-08-26 14:31:58,189 - INFO - [dry-run] DB set ef7484dc-1413-4aad-9144-2fd73143cd11: {'stages.odm.state': 'succeeded', 'stages.odm.ended_at': datetime.datetime(2025, 8, 26, 18, 31, 58, 189675, tzinfo=datetime.timezone.utc), 'stages.odm.message': 'log.json success=true (log.json)'}
2025-08-26 14:31:58,190 - INFO - [dry-run] DB set ef7484dc-1413-4aad-9144-2fd73143cd11: {'stages.ortho_intel.state': 'succeeded', 'stages.ortho_intel.ended_at': datetime.datetime(2025, 8, 26, 18, 31, 58, 189675, tzinfo=datetime.timezone.utc), 'stages.ortho_intel.message': 'COG + veg_indices'}
2025-08-26 14:31:58,201 - INFO - [dry-run] DB set ef7484dc-1413-4aad-9144-2fd73143cd11: artifacts={'orthophoto': '/rs1/shares/cals-research-station/sandhills/flights/ef7484dc-1413-4aad-9144-2fd73143cd11/odm_orthophoto/odm_orthophoto.tif', 'orthophoto_cog': '/rs1/shares/cals-research-station/sandhills/flights/ef7484dc-1413-4aad-9144-2fd73143cd11/odm_orthophoto/odm_orthophoto_cog.tif', 'veg_indices_dir': '/rs1/shares/cals-research-station/sandhills/flights/ef7484dc-1413-4aad-9144-2fd73143cd11/veg_indices'}
2025-08-26 14:31:58,506 - INFO - [dry-run] DB set ba432851-fde0-460e-930e-a461999e1c8c: {'stages.odm.state': 'succeeded', 'stages.odm.ended_at': datetime.datetime(2025, 8, 26, 18, 31, 58, 506136, tzinfo=datetime.timezone.utc), 'stages.odm.message': 'log.json success=true (log.json)'}
2025-08-26 14:31:58,506 - INFO - [dry-run] DB set ba432851-fde0-460e-930e-a461999e1c8c: {'stages.ortho_intel.state': 'succeeded', 'stages.ortho_intel.ended_at': datetime.datetime(2025, 8, 26, 18, 31, 58, 506136, tzinfo=datetime.timezone.utc), 'stages.ortho_intel.message': 'COG + veg_indices'}
2025-08-26 14:31:58,508 - INFO - [dry-run] DB set ba432851-fde0-460e-930e-a461999e1c8c: artifacts={'orthophoto': '/rs1/shares/cals-research-station/sandhills/flights/ba432851-fde0-460e-930e-a461999e1c8c/odm_orthophoto/odm_orthophoto.tif', 'orthophoto_cog': '/rs1/shares/cals-research-station/sandhills/flights/ba432851-fde0-460e-930e-a461999e1c8c/odm_orthophoto/odm_orthophoto_cog.tif', 'veg_indices_dir': '/rs1/shares/cals-research-station/sandhills/flights/ba432851-fde0-460e-930e-a461999e1c8c/veg_indices'}
2025-08-26 14:31:58,556 - INFO - [dry-run] DB set 38c4387c-fc9d-45aa-9fe8-643deba993a2: {'stages.odm.state': 'succeeded', 'stages.odm.ended_at': datetime.datetime(2025, 8, 26, 18, 31, 58, 556088, tzinfo=datetime.timezone.utc), 'stages.odm.message': 'log.json success=true (log.json)'}
2025-08-26 14:31:58,556 - INFO - [dry-run] DB set 38c4387c-fc9d-45aa-9fe8-643deba993a2: {'stages.ortho_intel.state': 'succeeded', 'stages.ortho_intel.ended_at': datetime.datetime(2025, 8, 26, 18, 31, 58, 556088, tzinfo=datetime.timezone.utc), 'stages.ortho_intel.message': 'COG + veg_indices'}
2025-08-26 14:31:58,557 - INFO - [dry-run] DB set 38c4387c-fc9d-45aa-9fe8-643deba993a2: artifacts={'orthophoto': '/rs1/shares/cals-research-station/sandhills/flights/38c4387c-fc9d-45aa-9fe8-643deba993a2/odm_orthophoto/odm_orthophoto.tif', 'orthophoto_cog': '/rs1/shares/cals-research-station/sandhills/flights/38c4387c-fc9d-45aa-9fe8-643deba993a2/odm_orthophoto/odm_orthophoto_cog.tif', 'veg_indices_dir': '/rs1/shares/cals-research-station/sandhills/flights/38c4387c-fc9d-45aa-9fe8-643deba993a2/veg_indices'}
2025-08-26 14:31:58,666 - ERROR - 3dafdf27-2805-4c55-b420-453241092c8d: file count mismatch (expected 1170, found 1171)
2025-08-26 14:31:58,666 - INFO - [dry-run] DB set 3dafdf27-2805-4c55-b420-453241092c8d: {'stages.odm.state': 'blocked', 'stages.odm.message': 'file count mismatch (expected 1170, found 1171)'}
2025-08-26 14:31:58,666 - INFO - [dry-run] DB set 3dafdf27-2805-4c55-b420-453241092c8d: status=file count mismatch
2025-08-26 14:31:58,707 - INFO - [dry-run] DB set a7d5d249-1f45-4bfb-98e6-8c52c9e29a8d: {'stages.odm.state': 'succeeded', 'stages.odm.ended_at': datetime.datetime(2025, 8, 26, 18, 31, 58, 707584, tzinfo=datetime.timezone.utc), 'stages.odm.message': 'log.json success=true (log.json)'}
2025-08-26 14:31:58,707 - INFO - [dry-run] DB set a7d5d249-1f45-4bfb-98e6-8c52c9e29a8d: {'stages.ortho_intel.state': 'succeeded', 'stages.ortho_intel.ended_at': datetime.datetime(2025, 8, 26, 18, 31, 58, 707584, tzinfo=datetime.timezone.utc), 'stages.ortho_intel.message': 'COG + veg_indices'}
2025-08-26 14:31:58,709 - INFO - [dry-run] DB set a7d5d249-1f45-4bfb-98e6-8c52c9e29a8d: artifacts={'orthophoto': '/rs1/shares/cals-research-station/sandhills/flights/a7d5d249-1f45-4bfb-98e6-8c52c9e29a8d/odm_orthophoto/odm_orthophoto.tif', 'orthophoto_cog': '/rs1/shares/cals-research-station/sandhills/flights/a7d5d249-1f45-4bfb-98e6-8c52c9e29a8d/odm_orthophoto/odm_orthophoto_cog.tif', 'veg_indices_dir': '/rs1/shares/cals-research-station/sandhills/flights/a7d5d249-1f45-4bfb-98e6-8c52c9e29a8d/veg_indices'}
2025-08-26 14:31:58,875 - INFO - [dry-run] DB set fe438cc2-f57f-42d9-a8c7-b4e1d6417689: {'stages.odm.state': 'unknown', 'stages.odm.message': 'no success markers (log.json) and no orthophoto'}
2025-08-26 14:31:58,876 - INFO - [dry-run] DB set fe438cc2-f57f-42d9-a8c7-b4e1d6417689: {'stages.ortho_intel.state': 'unknown', 'stages.ortho_intel.message': 'no ortho_intel artifacts'}
2025-08-26 14:31:58,907 - INFO - [dry-run] DB set d427c2d7-fdde-4660-88a7-ca2268a599ac: {'stages.odm.state': 'succeeded', 'stages.odm.ended_at': datetime.datetime(2025, 8, 26, 18, 31, 58, 907452, tzinfo=datetime.timezone.utc), 'stages.odm.message': 'log.json success=true (log.json)'}
2025-08-26 14:31:58,907 - INFO - [dry-run] DB set d427c2d7-fdde-4660-88a7-ca2268a599ac: {'stages.ortho_intel.state': 'succeeded', 'stages.ortho_intel.ended_at': datetime.datetime(2025, 8, 26, 18, 31, 58, 907452, tzinfo=datetime.timezone.utc), 'stages.ortho_intel.message': 'COG + veg_indices'}
2025-08-26 14:31:58,908 - INFO - [dry-run] DB set d427c2d7-fdde-4660-88a7-ca2268a599ac: artifacts={'orthophoto': '/rs1/shares/cals-research-station/sandhills/flights/d427c2d7-fdde-4660-88a7-ca2268a599ac/odm_orthophoto/odm_orthophoto.tif', 'orthophoto_cog': '/rs1/shares/cals-research-station/sandhills/flights/d427c2d7-fdde-4660-88a7-ca2268a599ac/odm_orthophoto/odm_orthophoto_cog.tif', 'veg_indices_dir': '/rs1/shares/cals-research-station/sandhills/flights/d427c2d7-fdde-4660-88a7-ca2268a599ac/veg_indices'}
2025-08-26 14:31:59,037 - INFO - [dry-run] DB set 721f8d2f-5f57-492f-b71d-9d3ee6ad9928: {'stages.odm.state': 'unknown', 'stages.odm.message': 'no success markers (log.json) and no orthophoto'}
2025-08-26 14:31:59,038 - INFO - [dry-run] DB set 721f8d2f-5f57-492f-b71d-9d3ee6ad9928: {'stages.ortho_intel.state': 'unknown', 'stages.ortho_intel.message': 'no ortho_intel artifacts'}
2025-08-26 14:31:59,201 - INFO - [dry-run] DB set bb2e5f70-70b7-4a12-ad56-69e3fbea5119: {'stages.odm.state': 'unknown', 'stages.odm.message': 'no success markers (log.json) and no orthophoto'}
2025-08-26 14:31:59,201 - INFO - [dry-run] DB set bb2e5f70-70b7-4a12-ad56-69e3fbea5119: {'stages.ortho_intel.state': 'unknown', 'stages.ortho_intel.message': 'no ortho_intel artifacts'}
2025-08-26 14:31:59,253 - INFO - [dry-run] DB set d66818ec-73b5-45fe-9506-d693c29dd302: {'stages.odm.state': 'succeeded', 'stages.odm.ended_at': datetime.datetime(2025, 8, 26, 18, 31, 59, 253157, tzinfo=datetime.timezone.utc), 'stages.odm.message': 'orthophoto present (odm_orthophoto/odm_orthophoto.tif)'}
2025-08-26 14:31:59,253 - INFO - [dry-run] DB set d66818ec-73b5-45fe-9506-d693c29dd302: {'stages.ortho_intel.state': 'unknown', 'stages.ortho_intel.message': 'no ortho_intel artifacts'}
2025-08-26 14:31:59,253 - INFO - [dry-run] DB set d66818ec-73b5-45fe-9506-d693c29dd302: status=ortho generated
2025-08-26 14:31:59,253 - INFO - d66818ec-73b5-45fe-9506-d693c29dd302: status processing -> ortho generated
2025-08-26 14:31:59,253 - INFO - [dry-run] DB set d66818ec-73b5-45fe-9506-d693c29dd302: artifacts={'orthophoto': '/rs1/shares/cals-research-station/sandhills/flights/d66818ec-73b5-45fe-9506-d693c29dd302/odm_orthophoto/odm_orthophoto.tif'}
2025-08-26 14:31:59,283 - INFO - [dry-run] DB set 0c07e618-e640-4dac-8e61-bb50c2119db8: {'stages.odm.state': 'unknown', 'stages.odm.message': 'no success markers (log.json) and no orthophoto'}
2025-08-26 14:31:59,283 - INFO - [dry-run] DB set 0c07e618-e640-4dac-8e61-bb50c2119db8: {'stages.ortho_intel.state': 'unknown', 'stages.ortho_intel.message': 'no ortho_intel artifacts'}
2025-08-26 14:31:59,333 - INFO - [dry-run] DB set f8e6a024-f9f3-429b-a95e-ae8229ce5083: {'stages.odm.state': 'succeeded', 'stages.odm.ended_at': datetime.datetime(2025, 8, 26, 18, 31, 59, 333118, tzinfo=datetime.timezone.utc), 'stages.odm.message': 'log.json success=true (log.json)'}
2025-08-26 14:31:59,333 - INFO - [dry-run] DB set f8e6a024-f9f3-429b-a95e-ae8229ce5083: {'stages.ortho_intel.state': 'succeeded', 'stages.ortho_intel.ended_at': datetime.datetime(2025, 8, 26, 18, 31, 59, 333118, tzinfo=datetime.timezone.utc), 'stages.ortho_intel.message': 'COG + veg_indices'}
2025-08-26 14:31:59,334 - INFO - [dry-run] DB set f8e6a024-f9f3-429b-a95e-ae8229ce5083: artifacts={'orthophoto': '/rs1/shares/cals-research-station/sandhills/flights/f8e6a024-f9f3-429b-a95e-ae8229ce5083/odm_orthophoto/odm_orthophoto.tif', 'orthophoto_cog': '/rs1/shares/cals-research-station/sandhills/flights/f8e6a024-f9f3-429b-a95e-ae8229ce5083/odm_orthophoto/odm_orthophoto_cog.tif', 'veg_indices_dir': '/rs1/shares/cals-research-station/sandhills/flights/f8e6a024-f9f3-429b-a95e-ae8229ce5083/veg_indices'}
2025-08-26 14:31:59,376 - INFO - [dry-run] DB set 74181cbf-5ffb-4c6a-abbb-34d8dba2f8b9: {'stages.odm.state': 'unknown', 'stages.odm.message': 'no success markers (log.json) and no orthophoto'}
2025-08-26 14:31:59,377 - INFO - [dry-run] DB set 74181cbf-5ffb-4c6a-abbb-34d8dba2f8b9: {'stages.ortho_intel.state': 'unknown', 'stages.ortho_intel.message': 'no ortho_intel artifacts'}
2025-08-26 14:31:59,463 - INFO - [dry-run] DB set c7c0d80a-c68d-4514-8307-0df440709517: {'stages.odm.state': 'unknown', 'stages.odm.message': 'no success markers (log.json) and no orthophoto'}
2025-08-26 14:31:59,463 - INFO - [dry-run] DB set c7c0d80a-c68d-4514-8307-0df440709517: {'stages.ortho_intel.state': 'unknown', 'stages.ortho_intel.message': 'no ortho_intel artifacts'}
2025-08-26 14:31:59,599 - INFO - [dry-run] DB set 74cd34de-af1f-49f0-8e00-c2074e3f941e: {'stages.odm.state': 'unknown', 'stages.odm.message': 'no success markers (log.json) and no orthophoto'}
2025-08-26 14:31:59,599 - INFO - [dry-run] DB set 74cd34de-af1f-49f0-8e00-c2074e3f941e: {'stages.ortho_intel.state': 'unknown', 'stages.ortho_intel.message': 'no ortho_intel artifacts'}
2025-08-26 14:31:59,721 - INFO - [dry-run] DB set 8e1edddf-6bd9-4441-a8e9-b81a43954efd: {'stages.odm.state': 'unknown', 'stages.odm.message': 'no success markers (log.json) and no orthophoto'}
2025-08-26 14:31:59,722 - INFO - [dry-run] DB set 8e1edddf-6bd9-4441-a8e9-b81a43954efd: {'stages.ortho_intel.state': 'unknown', 'stages.ortho_intel.message': 'no ortho_intel artifacts'}
2025-08-26 14:31:59,746 - INFO - [dry-run] DB set 2a5fd499-4eed-4492-8e2b-daa3a4ac02df: {'stages.odm.state': 'succeeded', 'stages.odm.ended_at': datetime.datetime(2025, 8, 26, 18, 31, 59, 746410, tzinfo=datetime.timezone.utc), 'stages.odm.message': 'log.json success=true (log.json)'}
2025-08-26 14:31:59,746 - INFO - [dry-run] DB set 2a5fd499-4eed-4492-8e2b-daa3a4ac02df: {'stages.ortho_intel.state': 'succeeded', 'stages.ortho_intel.ended_at': datetime.datetime(2025, 8, 26, 18, 31, 59, 746410, tzinfo=datetime.timezone.utc), 'stages.ortho_intel.message': 'COG + veg_indices'}
2025-08-26 14:31:59,747 - INFO - [dry-run] DB set 2a5fd499-4eed-4492-8e2b-daa3a4ac02df: artifacts={'orthophoto': '/rs1/shares/cals-research-station/sandhills/flights/2a5fd499-4eed-4492-8e2b-daa3a4ac02df/odm_orthophoto/odm_orthophoto.tif', 'orthophoto_cog': '/rs1/shares/cals-research-station/sandhills/flights/2a5fd499-4eed-4492-8e2b-daa3a4ac02df/odm_orthophoto/odm_orthophoto_cog.tif', 'veg_indices_dir': '/rs1/shares/cals-research-station/sandhills/flights/2a5fd499-4eed-4492-8e2b-daa3a4ac02df/veg_indices'}
2025-08-26 14:32:00,155 - INFO - [dry-run] DB set c2ae26df-ec78-44e3-9572-b5b32edb76db: {'stages.odm.state': 'succeeded', 'stages.odm.ended_at': datetime.datetime(2025, 8, 26, 18, 32, 0, 155385, tzinfo=datetime.timezone.utc), 'stages.odm.message': 'log.json success=true (log.json)'}
2025-08-26 14:32:00,155 - INFO - [dry-run] DB set c2ae26df-ec78-44e3-9572-b5b32edb76db: {'stages.ortho_intel.state': 'succeeded', 'stages.ortho_intel.ended_at': datetime.datetime(2025, 8, 26, 18, 32, 0, 155385, tzinfo=datetime.timezone.utc), 'stages.ortho_intel.message': 'COG + veg_indices'}
2025-08-26 14:32:00,156 - INFO - [dry-run] DB set c2ae26df-ec78-44e3-9572-b5b32edb76db: artifacts={'orthophoto': '/rs1/shares/cals-research-station/sandhills/flights/c2ae26df-ec78-44e3-9572-b5b32edb76db/odm_orthophoto/odm_orthophoto.tif', 'orthophoto_cog': '/rs1/shares/cals-research-station/sandhills/flights/c2ae26df-ec78-44e3-9572-b5b32edb76db/odm_orthophoto/odm_orthophoto_cog.tif', 'veg_indices_dir': '/rs1/shares/cals-research-station/sandhills/flights/c2ae26df-ec78-44e3-9572-b5b32edb76db/veg_indices'}
2025-08-26 14:32:00,250 - INFO - [dry-run] DB set 25f8de7a-ecb1-49a9-9580-2e7d3ba6c567: {'stages.odm.state': 'unknown', 'stages.odm.message': 'no success markers (log.json) and no orthophoto'}
2025-08-26 14:32:00,250 - INFO - [dry-run] DB set 25f8de7a-ecb1-49a9-9580-2e7d3ba6c567: {'stages.ortho_intel.state': 'unknown', 'stages.ortho_intel.message': 'no ortho_intel artifacts'}
2025-08-26 14:32:00,381 - INFO - [dry-run] DB set 28210c94-ce93-4bd5-bfa7-83db6daff457: {'stages.odm.state': 'unknown', 'stages.odm.message': 'no success markers (log.json) and no orthophoto'}
2025-08-26 14:32:00,381 - INFO - [dry-run] DB set 28210c94-ce93-4bd5-bfa7-83db6daff457: {'stages.ortho_intel.state': 'unknown', 'stages.ortho_intel.message': 'no ortho_intel artifacts'}
2025-08-26 14:32:00,534 - INFO - [dry-run] DB set 56353f98-5315-41e3-8206-cbc29767fdbf: {'stages.odm.state': 'unknown', 'stages.odm.message': 'no success markers (log.json) and no orthophoto'}
2025-08-26 14:32:00,534 - INFO - [dry-run] DB set 56353f98-5315-41e3-8206-cbc29767fdbf: {'stages.ortho_intel.state': 'unknown', 'stages.ortho_intel.message': 'no ortho_intel artifacts'}
2025-08-26 14:32:00,579 - INFO - [dry-run] DB set b73dc42e-eec8-4781-93fd-f6cfb1e6a90f: {'stages.odm.state': 'succeeded', 'stages.odm.ended_at': datetime.datetime(2025, 8, 26, 18, 32, 0, 579213, tzinfo=datetime.timezone.utc), 'stages.odm.message': 'log.json success=true (log.json)'}
2025-08-26 14:32:00,579 - INFO - [dry-run] DB set b73dc42e-eec8-4781-93fd-f6cfb1e6a90f: {'stages.ortho_intel.state': 'succeeded', 'stages.ortho_intel.ended_at': datetime.datetime(2025, 8, 26, 18, 32, 0, 579213, tzinfo=datetime.timezone.utc), 'stages.ortho_intel.message': 'COG + veg_indices'}
2025-08-26 14:32:00,580 - INFO - [dry-run] DB set b73dc42e-eec8-4781-93fd-f6cfb1e6a90f: artifacts={'orthophoto': '/rs1/shares/cals-research-station/sandhills/flights/b73dc42e-eec8-4781-93fd-f6cfb1e6a90f/odm_orthophoto/odm_orthophoto.tif', 'orthophoto_cog': '/rs1/shares/cals-research-station/sandhills/flights/b73dc42e-eec8-4781-93fd-f6cfb1e6a90f/odm_orthophoto/odm_orthophoto_cog.tif', 'veg_indices_dir': '/rs1/shares/cals-research-station/sandhills/flights/b73dc42e-eec8-4781-93fd-f6cfb1e6a90f/veg_indices'}
2025-08-26 14:32:00,693 - INFO - [dry-run] DB set a76e8a66-ce2d-4f9f-8745-4c63720a45df: {'stages.odm.state': 'unknown', 'stages.odm.message': 'no success markers (log.json) and no orthophoto'}
2025-08-26 14:32:00,693 - INFO - [dry-run] DB set a76e8a66-ce2d-4f9f-8745-4c63720a45df: {'stages.ortho_intel.state': 'unknown', 'stages.ortho_intel.message': 'no ortho_intel artifacts'}
2025-08-26 14:32:00,821 - INFO - [dry-run] DB set 69b18411-5f63-4832-91f8-46df717daf12: {'stages.odm.state': 'succeeded', 'stages.odm.ended_at': datetime.datetime(2025, 8, 26, 18, 32, 0, 821819, tzinfo=datetime.timezone.utc), 'stages.odm.message': 'log.json success=true (log.json)'}
2025-08-26 14:32:00,822 - INFO - [dry-run] DB set 69b18411-5f63-4832-91f8-46df717daf12: {'stages.ortho_intel.state': 'succeeded', 'stages.ortho_intel.ended_at': datetime.datetime(2025, 8, 26, 18, 32, 0, 821819, tzinfo=datetime.timezone.utc), 'stages.ortho_intel.message': 'COG + veg_indices'}
2025-08-26 14:32:00,822 - INFO - [dry-run] DB set 69b18411-5f63-4832-91f8-46df717daf12: status=processed
2025-08-26 14:32:00,822 - INFO - 69b18411-5f63-4832-91f8-46df717daf12: status processing manually -> processed
2025-08-26 14:32:00,823 - INFO - [dry-run] DB set 69b18411-5f63-4832-91f8-46df717daf12: artifacts={'orthophoto': '/rs1/shares/cals-research-station/sandhills/flights/69b18411-5f63-4832-91f8-46df717daf12/odm_orthophoto/odm_orthophoto.tif', 'orthophoto_cog': '/rs1/shares/cals-research-station/sandhills/flights/69b18411-5f63-4832-91f8-46df717daf12/odm_orthophoto/odm_orthophoto_cog.tif', 'veg_indices_dir': '/rs1/shares/cals-research-station/sandhills/flights/69b18411-5f63-4832-91f8-46df717daf12/veg_indices'}
2025-08-26 14:32:00,958 - INFO - [dry-run] DB set e3cd90ce-3ba7-40bd-af96-ee9711f5cf44: {'stages.odm.state': 'succeeded', 'stages.odm.ended_at': datetime.datetime(2025, 8, 26, 18, 32, 0, 958351, tzinfo=datetime.timezone.utc), 'stages.odm.message': 'log.json success=true (log.json)'}
2025-08-26 14:32:00,958 - INFO - [dry-run] DB set e3cd90ce-3ba7-40bd-af96-ee9711f5cf44: {'stages.ortho_intel.state': 'succeeded', 'stages.ortho_intel.ended_at': datetime.datetime(2025, 8, 26, 18, 32, 0, 958351, tzinfo=datetime.timezone.utc), 'stages.ortho_intel.message': 'COG + veg_indices'}
2025-08-26 14:32:00,959 - INFO - [dry-run] DB set e3cd90ce-3ba7-40bd-af96-ee9711f5cf44: artifacts={'orthophoto': '/rs1/shares/cals-research-station/sandhills/flights/e3cd90ce-3ba7-40bd-af96-ee9711f5cf44/odm_orthophoto/odm_orthophoto.tif', 'orthophoto_cog': '/rs1/shares/cals-research-station/sandhills/flights/e3cd90ce-3ba7-40bd-af96-ee9711f5cf44/odm_orthophoto/odm_orthophoto_cog.tif', 'veg_indices_dir': '/rs1/shares/cals-research-station/sandhills/flights/e3cd90ce-3ba7-40bd-af96-ee9711f5cf44/veg_indices'}
2025-08-26 14:32:01,026 - INFO - [dry-run] DB set c0600676-638e-4435-9816-6621760b3d95: {'stages.odm.state': 'succeeded', 'stages.odm.ended_at': datetime.datetime(2025, 8, 26, 18, 32, 1, 26444, tzinfo=datetime.timezone.utc), 'stages.odm.message': 'log.json success=true (log.json)'}
2025-08-26 14:32:01,026 - INFO - [dry-run] DB set c0600676-638e-4435-9816-6621760b3d95: {'stages.ortho_intel.state': 'succeeded', 'stages.ortho_intel.ended_at': datetime.datetime(2025, 8, 26, 18, 32, 1, 26444, tzinfo=datetime.timezone.utc), 'stages.ortho_intel.message': 'COG + veg_indices'}
2025-08-26 14:32:01,027 - INFO - [dry-run] DB set c0600676-638e-4435-9816-6621760b3d95: artifacts={'orthophoto': '/rs1/shares/cals-research-station/sandhills/flights/c0600676-638e-4435-9816-6621760b3d95/odm_orthophoto/odm_orthophoto.tif', 'orthophoto_cog': '/rs1/shares/cals-research-station/sandhills/flights/c0600676-638e-4435-9816-6621760b3d95/odm_orthophoto/odm_orthophoto_cog.tif', 'veg_indices_dir': '/rs1/shares/cals-research-station/sandhills/flights/c0600676-638e-4435-9816-6621760b3d95/veg_indices'}
2025-08-26 14:32:01,111 - INFO - [dry-run] DB set ca6abca8-8fd7-4454-ac7b-b1d79a5e133d: {'stages.odm.state': 'unknown', 'stages.odm.message': 'no success markers (log.json) and no orthophoto'}
2025-08-26 14:32:01,111 - INFO - [dry-run] DB set ca6abca8-8fd7-4454-ac7b-b1d79a5e133d: {'stages.ortho_intel.state': 'unknown', 'stages.ortho_intel.message': 'no ortho_intel artifacts'}
2025-08-26 14:32:01,288 - INFO - [dry-run] DB set 69006bde-56ac-49f2-8f27-fc6ee802bd6a: {'stages.odm.state': 'unknown', 'stages.odm.message': 'no success markers (log.json) and no orthophoto'}
2025-08-26 14:32:01,288 - INFO - [dry-run] DB set 69006bde-56ac-49f2-8f27-fc6ee802bd6a: {'stages.ortho_intel.state': 'unknown', 'stages.ortho_intel.message': 'no ortho_intel artifacts'}
2025-08-26 14:32:01,415 - INFO - [dry-run] DB set 7120972c-fe76-4571-b36a-d17a1215246d: {'stages.odm.state': 'unknown', 'stages.odm.message': 'no success markers (log.json) and no orthophoto'}
2025-08-26 14:32:01,415 - INFO - [dry-run] DB set 7120972c-fe76-4571-b36a-d17a1215246d: {'stages.ortho_intel.state': 'unknown', 'stages.ortho_intel.message': 'no ortho_intel artifacts'}
2025-08-26 14:32:01,441 - INFO - [dry-run] DB set 40a80503-9a9b-48f7-bda9-ba3c972dec62: {'stages.odm.state': 'succeeded', 'stages.odm.ended_at': datetime.datetime(2025, 8, 26, 18, 32, 1, 441095, tzinfo=datetime.timezone.utc), 'stages.odm.message': 'log.json success=true (log.json)'}
2025-08-26 14:32:01,441 - INFO - [dry-run] DB set 40a80503-9a9b-48f7-bda9-ba3c972dec62: {'stages.ortho_intel.state': 'succeeded', 'stages.ortho_intel.ended_at': datetime.datetime(2025, 8, 26, 18, 32, 1, 441095, tzinfo=datetime.timezone.utc), 'stages.ortho_intel.message': 'COG + veg_indices'}
2025-08-26 14:32:01,442 - INFO - [dry-run] DB set 40a80503-9a9b-48f7-bda9-ba3c972dec62: artifacts={'orthophoto': '/rs1/shares/cals-research-station/sandhills/flights/40a80503-9a9b-48f7-bda9-ba3c972dec62/odm_orthophoto/odm_orthophoto.tif', 'orthophoto_cog': '/rs1/shares/cals-research-station/sandhills/flights/40a80503-9a9b-48f7-bda9-ba3c972dec62/odm_orthophoto/odm_orthophoto_cog.tif', 'veg_indices_dir': '/rs1/shares/cals-research-station/sandhills/flights/40a80503-9a9b-48f7-bda9-ba3c972dec62/veg_indices'}
2025-08-26 14:32:01,524 - INFO - [dry-run] DB set 30a94e8a-3137-4a95-8eb9-b5eb41cbd028: {'stages.odm.state': 'unknown', 'stages.odm.message': 'no success markers (log.json) and no orthophoto'}
2025-08-26 14:32:01,525 - INFO - [dry-run] DB set 30a94e8a-3137-4a95-8eb9-b5eb41cbd028: {'stages.ortho_intel.state': 'unknown', 'stages.ortho_intel.message': 'no ortho_intel artifacts'}
2025-08-26 14:32:01,559 - INFO - [dry-run] DB set 1bef2db0-45a8-4901-8a51-e5bb0f9f61cf: {'stages.odm.state': 'succeeded', 'stages.odm.ended_at': datetime.datetime(2025, 8, 26, 18, 32, 1, 559562, tzinfo=datetime.timezone.utc), 'stages.odm.message': 'log.json success=true (log.json)'}
2025-08-26 14:32:01,559 - INFO - [dry-run] DB set 1bef2db0-45a8-4901-8a51-e5bb0f9f61cf: {'stages.ortho_intel.state': 'succeeded', 'stages.ortho_intel.ended_at': datetime.datetime(2025, 8, 26, 18, 32, 1, 559562, tzinfo=datetime.timezone.utc), 'stages.ortho_intel.message': 'COG + veg_indices'}
2025-08-26 14:32:01,560 - INFO - [dry-run] DB set 1bef2db0-45a8-4901-8a51-e5bb0f9f61cf: artifacts={'orthophoto': '/rs1/shares/cals-research-station/sandhills/flights/1bef2db0-45a8-4901-8a51-e5bb0f9f61cf/odm_orthophoto/odm_orthophoto.tif', 'orthophoto_cog': '/rs1/shares/cals-research-station/sandhills/flights/1bef2db0-45a8-4901-8a51-e5bb0f9f61cf/odm_orthophoto/odm_orthophoto_cog.tif', 'veg_indices_dir': '/rs1/shares/cals-research-station/sandhills/flights/1bef2db0-45a8-4901-8a51-e5bb0f9f61cf/veg_indices'}
2025-08-26 14:32:01,687 - INFO - [dry-run] DB set 1638f64f-b695-48e2-9fe1-d3b237cc8240: {'stages.odm.state': 'unknown', 'stages.odm.message': 'no success markers (log.json) and no orthophoto'}
2025-08-26 14:32:01,687 - INFO - [dry-run] DB set 1638f64f-b695-48e2-9fe1-d3b237cc8240: {'stages.ortho_intel.state': 'unknown', 'stages.ortho_intel.message': 'no ortho_intel artifacts'}
2025-08-26 14:32:01,729 - INFO - [dry-run] DB set ec6f85fa-6e5b-4dd6-be79-2ed2ab280489: {'stages.odm.state': 'succeeded', 'stages.odm.ended_at': datetime.datetime(2025, 8, 26, 18, 32, 1, 729753, tzinfo=datetime.timezone.utc), 'stages.odm.message': 'log.json success=true (log.json)'}
2025-08-26 14:32:01,730 - INFO - [dry-run] DB set ec6f85fa-6e5b-4dd6-be79-2ed2ab280489: {'stages.ortho_intel.state': 'succeeded', 'stages.ortho_intel.ended_at': datetime.datetime(2025, 8, 26, 18, 32, 1, 729753, tzinfo=datetime.timezone.utc), 'stages.ortho_intel.message': 'COG + veg_indices'}
2025-08-26 14:32:01,731 - INFO - [dry-run] DB set ec6f85fa-6e5b-4dd6-be79-2ed2ab280489: artifacts={'orthophoto': '/rs1/shares/cals-research-station/sandhills/flights/ec6f85fa-6e5b-4dd6-be79-2ed2ab280489/odm_orthophoto/odm_orthophoto.tif', 'orthophoto_cog': '/rs1/shares/cals-research-station/sandhills/flights/ec6f85fa-6e5b-4dd6-be79-2ed2ab280489/odm_orthophoto/odm_orthophoto_cog.tif', 'veg_indices_dir': '/rs1/shares/cals-research-station/sandhills/flights/ec6f85fa-6e5b-4dd6-be79-2ed2ab280489/veg_indices'}
2025-08-26 14:32:01,845 - INFO - [dry-run] DB set f093f376-6936-4ea0-91a3-0380d3fa7381: {'stages.odm.state': 'unknown', 'stages.odm.message': 'no success markers (log.json) and no orthophoto'}
2025-08-26 14:32:01,845 - INFO - [dry-run] DB set f093f376-6936-4ea0-91a3-0380d3fa7381: {'stages.ortho_intel.state': 'unknown', 'stages.ortho_intel.message': 'no ortho_intel artifacts'}
2025-08-26 14:32:01,901 - INFO - [dry-run] DB set d607d7ee-6c9e-4093-9420-1974c3c93e61: {'stages.odm.state': 'succeeded', 'stages.odm.ended_at': datetime.datetime(2025, 8, 26, 18, 32, 1, 901178, tzinfo=datetime.timezone.utc), 'stages.odm.message': 'orthophoto present (odm_orthophoto/odm_orthophoto.tif)'}
2025-08-26 14:32:01,901 - INFO - [dry-run] DB set d607d7ee-6c9e-4093-9420-1974c3c93e61: {'stages.ortho_intel.state': 'unknown', 'stages.ortho_intel.message': 'no ortho_intel artifacts'}
2025-08-26 14:32:01,901 - INFO - [dry-run] DB set d607d7ee-6c9e-4093-9420-1974c3c93e61: status=ortho generated
2025-08-26 14:32:01,901 - INFO - d607d7ee-6c9e-4093-9420-1974c3c93e61: status failed -> ortho generated
2025-08-26 14:32:01,901 - INFO - [dry-run] DB set d607d7ee-6c9e-4093-9420-1974c3c93e61: artifacts={'orthophoto': '/rs1/shares/cals-research-station/sandhills/flights/d607d7ee-6c9e-4093-9420-1974c3c93e61/odm_orthophoto/odm_orthophoto.tif'}
2025-08-26 14:32:02,034 - INFO - [dry-run] DB set 26d83881-6d5f-4298-836f-cdfa2efd9801: {'stages.odm.state': 'unknown', 'stages.odm.message': 'no success markers (log.json) and no orthophoto'}
2025-08-26 14:32:02,034 - INFO - [dry-run] DB set 26d83881-6d5f-4298-836f-cdfa2efd9801: {'stages.ortho_intel.state': 'unknown', 'stages.ortho_intel.message': 'no ortho_intel artifacts'}
2025-08-26 14:32:02,232 - INFO - [dry-run] DB set aeeb1d9d-875c-4e75-a2a5-35c5c11b8372: {'stages.odm.state': 'succeeded', 'stages.odm.ended_at': datetime.datetime(2025, 8, 26, 18, 32, 2, 232819, tzinfo=datetime.timezone.utc), 'stages.odm.message': 'log.json success=true (log.json)'}
2025-08-26 14:32:02,233 - INFO - [dry-run] DB set aeeb1d9d-875c-4e75-a2a5-35c5c11b8372: {'stages.ortho_intel.state': 'succeeded', 'stages.ortho_intel.ended_at': datetime.datetime(2025, 8, 26, 18, 32, 2, 232819, tzinfo=datetime.timezone.utc), 'stages.ortho_intel.message': 'COG + veg_indices'}
2025-08-26 14:32:02,234 - INFO - [dry-run] DB set aeeb1d9d-875c-4e75-a2a5-35c5c11b8372: artifacts={'orthophoto': '/rs1/shares/cals-research-station/sandhills/flights/aeeb1d9d-875c-4e75-a2a5-35c5c11b8372/odm_orthophoto/odm_orthophoto.tif', 'orthophoto_cog': '/rs1/shares/cals-research-station/sandhills/flights/aeeb1d9d-875c-4e75-a2a5-35c5c11b8372/odm_orthophoto/odm_orthophoto_cog.tif', 'veg_indices_dir': '/rs1/shares/cals-research-station/sandhills/flights/aeeb1d9d-875c-4e75-a2a5-35c5c11b8372/veg_indices'}
2025-08-26 14:32:02,286 - INFO - [dry-run] DB set 86bfa146-7630-45b8-b47f-0750df44a0e0: {'stages.odm.state': 'succeeded', 'stages.odm.ended_at': datetime.datetime(2025, 8, 26, 18, 32, 2, 286890, tzinfo=datetime.timezone.utc), 'stages.odm.message': 'log.json success=true (log.json)'}
2025-08-26 14:32:02,287 - INFO - [dry-run] DB set 86bfa146-7630-45b8-b47f-0750df44a0e0: {'stages.ortho_intel.state': 'succeeded', 'stages.ortho_intel.ended_at': datetime.datetime(2025, 8, 26, 18, 32, 2, 286890, tzinfo=datetime.timezone.utc), 'stages.ortho_intel.message': 'COG present'}
2025-08-26 14:32:02,288 - INFO - [dry-run] DB set 86bfa146-7630-45b8-b47f-0750df44a0e0: artifacts={'orthophoto': '/rs1/shares/cals-research-station/sandhills/flights/86bfa146-7630-45b8-b47f-0750df44a0e0/odm_orthophoto/odm_orthophoto.tif', 'orthophoto_cog': '/rs1/shares/cals-research-station/sandhills/flights/86bfa146-7630-45b8-b47f-0750df44a0e0/odm_orthophoto/odm_orthophoto_cog.tif'}
2025-08-26 14:32:02,386 - INFO - [dry-run] DB set 9f226068-35e9-438d-a6ba-43fd9421a20e: {'stages.odm.state': 'unknown', 'stages.odm.message': 'no success markers (log.json) and no orthophoto'}
2025-08-26 14:32:02,386 - INFO - [dry-run] DB set 9f226068-35e9-438d-a6ba-43fd9421a20e: {'stages.ortho_intel.state': 'unknown', 'stages.ortho_intel.message': 'no ortho_intel artifacts'}
2025-08-26 14:32:02,466 - INFO - [dry-run] DB set 2c6f8497-6e6a-4a93-9749-094f875bd3ea: {'stages.odm.state': 'unknown', 'stages.odm.message': 'no success markers (log.json) and no orthophoto'}
2025-08-26 14:32:02,466 - INFO - [dry-run] DB set 2c6f8497-6e6a-4a93-9749-094f875bd3ea: {'stages.ortho_intel.state': 'unknown', 'stages.ortho_intel.message': 'no ortho_intel artifacts'}
2025-08-26 14:32:02,613 - INFO - [dry-run] DB set 48275e3e-ca94-417a-bff3-e6a1f3ad0d13: {'stages.odm.state': 'unknown', 'stages.odm.message': 'no success markers (log.json) and no orthophoto'}
2025-08-26 14:32:02,613 - INFO - [dry-run] DB set 48275e3e-ca94-417a-bff3-e6a1f3ad0d13: {'stages.ortho_intel.state': 'unknown', 'stages.ortho_intel.message': 'no ortho_intel artifacts'}
2025-08-26 14:32:02,833 - INFO - [dry-run] DB set eea17167-e9cf-4a7a-b761-319b881053e6: {'stages.odm.state': 'succeeded', 'stages.odm.ended_at': datetime.datetime(2025, 8, 26, 18, 32, 2, 833034, tzinfo=datetime.timezone.utc), 'stages.odm.message': 'log.json success=true (log.json)'}
2025-08-26 14:32:02,833 - INFO - [dry-run] DB set eea17167-e9cf-4a7a-b761-319b881053e6: {'stages.ortho_intel.state': 'succeeded', 'stages.ortho_intel.ended_at': datetime.datetime(2025, 8, 26, 18, 32, 2, 833034, tzinfo=datetime.timezone.utc), 'stages.ortho_intel.message': 'COG present'}
2025-08-26 14:32:02,833 - INFO - [dry-run] DB set eea17167-e9cf-4a7a-b761-319b881053e6: status=processed
2025-08-26 14:32:02,833 - INFO - eea17167-e9cf-4a7a-b761-319b881053e6: status processing manually  :: intel_check_veg_index -> processed
2025-08-26 14:32:02,843 - INFO - [dry-run] DB set eea17167-e9cf-4a7a-b761-319b881053e6: artifacts={'orthophoto': '/rs1/shares/cals-research-station/sandhills/flights/eea17167-e9cf-4a7a-b761-319b881053e6/odm_orthophoto/odm_orthophoto.tif', 'orthophoto_cog': '/rs1/shares/cals-research-station/sandhills/flights/eea17167-e9cf-4a7a-b761-319b881053e6/odm_orthophoto/odm_orthophoto_cog.tif'}
2025-08-26 14:32:02,976 - INFO - [dry-run] DB set 7fbb23c2-a323-4a6b-b4b7-c38b2c570e47: {'stages.odm.state': 'succeeded', 'stages.odm.ended_at': datetime.datetime(2025, 8, 26, 18, 32, 2, 976606, tzinfo=datetime.timezone.utc), 'stages.odm.message': 'log.json success=true (log.json)'}
2025-08-26 14:32:02,976 - INFO - [dry-run] DB set 7fbb23c2-a323-4a6b-b4b7-c38b2c570e47: {'stages.ortho_intel.state': 'succeeded', 'stages.ortho_intel.ended_at': datetime.datetime(2025, 8, 26, 18, 32, 2, 976606, tzinfo=datetime.timezone.utc), 'stages.ortho_intel.message': 'COG present'}
2025-08-26 14:32:02,977 - INFO - [dry-run] DB set 7fbb23c2-a323-4a6b-b4b7-c38b2c570e47: status=processed
2025-08-26 14:32:02,977 - INFO - 7fbb23c2-a323-4a6b-b4b7-c38b2c570e47: status processing manually  :: intel_check_veg_index -> processed
2025-08-26 14:32:02,977 - INFO - [dry-run] DB set 7fbb23c2-a323-4a6b-b4b7-c38b2c570e47: artifacts={'orthophoto': '/rs1/shares/cals-research-station/sandhills/flights/7fbb23c2-a323-4a6b-b4b7-c38b2c570e47/odm_orthophoto/odm_orthophoto.tif', 'orthophoto_cog': '/rs1/shares/cals-research-station/sandhills/flights/7fbb23c2-a323-4a6b-b4b7-c38b2c570e47/odm_orthophoto/odm_orthophoto_cog.tif'}
2025-08-26 14:32:03,085 - INFO - [dry-run] DB set 83b3aae5-d56f-40d7-9e05-0b97e682c68d: {'stages.odm.state': 'succeeded', 'stages.odm.ended_at': datetime.datetime(2025, 8, 26, 18, 32, 3, 85214, tzinfo=datetime.timezone.utc), 'stages.odm.message': 'log.json success=true (log.json)'}
2025-08-26 14:32:03,085 - INFO - [dry-run] DB set 83b3aae5-d56f-40d7-9e05-0b97e682c68d: {'stages.ortho_intel.state': 'succeeded', 'stages.ortho_intel.ended_at': datetime.datetime(2025, 8, 26, 18, 32, 3, 85214, tzinfo=datetime.timezone.utc), 'stages.ortho_intel.message': 'COG + veg_indices'}
2025-08-26 14:32:03,085 - INFO - [dry-run] DB set 83b3aae5-d56f-40d7-9e05-0b97e682c68d: status=processed
2025-08-26 14:32:03,085 - INFO - 83b3aae5-d56f-40d7-9e05-0b97e682c68d: status failed -> processed
2025-08-26 14:32:03,086 - INFO - [dry-run] DB set 83b3aae5-d56f-40d7-9e05-0b97e682c68d: artifacts={'orthophoto': '/rs1/shares/cals-research-station/sandhills/flights/83b3aae5-d56f-40d7-9e05-0b97e682c68d/odm_orthophoto/odm_orthophoto.tif', 'orthophoto_cog': '/rs1/shares/cals-research-station/sandhills/flights/83b3aae5-d56f-40d7-9e05-0b97e682c68d/odm_orthophoto/odm_orthophoto_cog.tif', 'veg_indices_dir': '/rs1/shares/cals-research-station/sandhills/flights/83b3aae5-d56f-40d7-9e05-0b97e682c68d/veg_indices'}
2025-08-26 14:32:03,114 - INFO - [dry-run] DB set 1a9a865f-4a4d-4494-8980-33d5ba819b49: {'stages.odm.state': 'succeeded', 'stages.odm.ended_at': datetime.datetime(2025, 8, 26, 18, 32, 3, 114302, tzinfo=datetime.timezone.utc), 'stages.odm.message': 'log.json success=true (log.json)'}
2025-08-26 14:32:03,114 - INFO - [dry-run] DB set 1a9a865f-4a4d-4494-8980-33d5ba819b49: {'stages.ortho_intel.state': 'succeeded', 'stages.ortho_intel.ended_at': datetime.datetime(2025, 8, 26, 18, 32, 3, 114302, tzinfo=datetime.timezone.utc), 'stages.ortho_intel.message': 'COG + veg_indices'}
2025-08-26 14:32:03,115 - INFO - [dry-run] DB set 1a9a865f-4a4d-4494-8980-33d5ba819b49: artifacts={'orthophoto': '/rs1/shares/cals-research-station/sandhills/flights/1a9a865f-4a4d-4494-8980-33d5ba819b49/odm_orthophoto/odm_orthophoto.tif', 'orthophoto_cog': '/rs1/shares/cals-research-station/sandhills/flights/1a9a865f-4a4d-4494-8980-33d5ba819b49/odm_orthophoto/odm_orthophoto_cog.tif', 'veg_indices_dir': '/rs1/shares/cals-research-station/sandhills/flights/1a9a865f-4a4d-4494-8980-33d5ba819b49/veg_indices'}
2025-08-26 14:32:03,247 - INFO - [dry-run] DB set e8c8d322-19d8-4851-8bc7-af07a1b9ff32: {'stages.odm.state': 'unknown', 'stages.odm.message': 'no success markers (log.json) and no orthophoto'}
2025-08-26 14:32:03,247 - INFO - [dry-run] DB set e8c8d322-19d8-4851-8bc7-af07a1b9ff32: {'stages.ortho_intel.state': 'unknown', 'stages.ortho_intel.message': 'no ortho_intel artifacts'}
2025-08-26 14:32:03,362 - INFO - [dry-run] DB set 34447d9d-489b-43be-b2d8-d04904623b2d: {'stages.odm.state': 'unknown', 'stages.odm.message': 'no success markers (log.json) and no orthophoto'}
2025-08-26 14:32:03,362 - INFO - [dry-run] DB set 34447d9d-489b-43be-b2d8-d04904623b2d: {'stages.ortho_intel.state': 'unknown', 'stages.ortho_intel.message': 'no ortho_intel artifacts'}
2025-08-26 14:32:03,518 - INFO - [dry-run] DB set 7ec0a32c-0835-46c6-a8c6-b8297d9231ab: {'stages.odm.state': 'unknown', 'stages.odm.message': 'no success markers (log.json) and no orthophoto'}
2025-08-26 14:32:03,518 - INFO - [dry-run] DB set 7ec0a32c-0835-46c6-a8c6-b8297d9231ab: {'stages.ortho_intel.state': 'unknown', 'stages.ortho_intel.message': 'no ortho_intel artifacts'}
2025-08-26 14:32:03,550 - INFO - [dry-run] DB set 9fda5c31-9d16-4259-8d64-4678d39ce29b: {'stages.odm.state': 'succeeded', 'stages.odm.ended_at': datetime.datetime(2025, 8, 26, 18, 32, 3, 550125, tzinfo=datetime.timezone.utc), 'stages.odm.message': 'log.json success=true (log.json)'}
2025-08-26 14:32:03,550 - INFO - [dry-run] DB set 9fda5c31-9d16-4259-8d64-4678d39ce29b: {'stages.ortho_intel.state': 'succeeded', 'stages.ortho_intel.ended_at': datetime.datetime(2025, 8, 26, 18, 32, 3, 550125, tzinfo=datetime.timezone.utc), 'stages.ortho_intel.message': 'COG + veg_indices'}
2025-08-26 14:32:03,551 - INFO - [dry-run] DB set 9fda5c31-9d16-4259-8d64-4678d39ce29b: artifacts={'orthophoto': '/rs1/shares/cals-research-station/sandhills/flights/9fda5c31-9d16-4259-8d64-4678d39ce29b/odm_orthophoto/odm_orthophoto.tif', 'orthophoto_cog': '/rs1/shares/cals-research-station/sandhills/flights/9fda5c31-9d16-4259-8d64-4678d39ce29b/odm_orthophoto/odm_orthophoto_cog.tif', 'veg_indices_dir': '/rs1/shares/cals-research-station/sandhills/flights/9fda5c31-9d16-4259-8d64-4678d39ce29b/veg_indices'}
2025-08-26 14:32:03,604 - INFO - [dry-run] DB set c36399cd-575d-4d74-99db-6d4b0c024b04: {'stages.odm.state': 'succeeded', 'stages.odm.ended_at': datetime.datetime(2025, 8, 26, 18, 32, 3, 604840, tzinfo=datetime.timezone.utc), 'stages.odm.message': 'log.json success=true (log.json)'}
2025-08-26 14:32:03,605 - INFO - [dry-run] DB set c36399cd-575d-4d74-99db-6d4b0c024b04: {'stages.ortho_intel.state': 'succeeded', 'stages.ortho_intel.ended_at': datetime.datetime(2025, 8, 26, 18, 32, 3, 604840, tzinfo=datetime.timezone.utc), 'stages.ortho_intel.message': 'COG + veg_indices'}
2025-08-26 14:32:03,606 - INFO - [dry-run] DB set c36399cd-575d-4d74-99db-6d4b0c024b04: artifacts={'orthophoto': '/rs1/shares/cals-research-station/sandhills/flights/c36399cd-575d-4d74-99db-6d4b0c024b04/odm_orthophoto/odm_orthophoto.tif', 'orthophoto_cog': '/rs1/shares/cals-research-station/sandhills/flights/c36399cd-575d-4d74-99db-6d4b0c024b04/odm_orthophoto/odm_orthophoto_cog.tif', 'veg_indices_dir': '/rs1/shares/cals-research-station/sandhills/flights/c36399cd-575d-4d74-99db-6d4b0c024b04/veg_indices'}
2025-08-26 14:32:03,704 - INFO - [dry-run] DB set a20ea33f-228f-429c-bbe9-4b803b5dfaee: {'stages.odm.state': 'unknown', 'stages.odm.message': 'no success markers (log.json) and no orthophoto'}
2025-08-26 14:32:03,704 - INFO - [dry-run] DB set a20ea33f-228f-429c-bbe9-4b803b5dfaee: {'stages.ortho_intel.state': 'unknown', 'stages.ortho_intel.message': 'no ortho_intel artifacts'}
2025-08-26 14:32:03,751 - INFO - [dry-run] DB set 434ef68d-f621-4962-88e9-97e06ea2355a: {'stages.odm.state': 'succeeded', 'stages.odm.ended_at': datetime.datetime(2025, 8, 26, 18, 32, 3, 750997, tzinfo=datetime.timezone.utc), 'stages.odm.message': 'log.json success=true (log.json)'}
2025-08-26 14:32:03,752 - INFO - [dry-run] DB set 434ef68d-f621-4962-88e9-97e06ea2355a: {'stages.ortho_intel.state': 'succeeded', 'stages.ortho_intel.ended_at': datetime.datetime(2025, 8, 26, 18, 32, 3, 750997, tzinfo=datetime.timezone.utc), 'stages.ortho_intel.message': 'COG + veg_indices'}
2025-08-26 14:32:03,753 - INFO - [dry-run] DB set 434ef68d-f621-4962-88e9-97e06ea2355a: artifacts={'orthophoto': '/rs1/shares/cals-research-station/sandhills/flights/434ef68d-f621-4962-88e9-97e06ea2355a/odm_orthophoto/odm_orthophoto.tif', 'orthophoto_cog': '/rs1/shares/cals-research-station/sandhills/flights/434ef68d-f621-4962-88e9-97e06ea2355a/odm_orthophoto/odm_orthophoto_cog.tif', 'veg_indices_dir': '/rs1/shares/cals-research-station/sandhills/flights/434ef68d-f621-4962-88e9-97e06ea2355a/veg_indices'}
2025-08-26 14:32:03,876 - INFO - [dry-run] DB set d9b0589d-f2cc-4847-8c10-4e7c02622063: {'stages.odm.state': 'succeeded', 'stages.odm.ended_at': datetime.datetime(2025, 8, 26, 18, 32, 3, 876784, tzinfo=datetime.timezone.utc), 'stages.odm.message': 'log.json success=true (log.json)'}
2025-08-26 14:32:03,877 - INFO - [dry-run] DB set d9b0589d-f2cc-4847-8c10-4e7c02622063: {'stages.ortho_intel.state': 'succeeded', 'stages.ortho_intel.ended_at': datetime.datetime(2025, 8, 26, 18, 32, 3, 876784, tzinfo=datetime.timezone.utc), 'stages.ortho_intel.message': 'COG present'}
2025-08-26 14:32:03,877 - INFO - [dry-run] DB set d9b0589d-f2cc-4847-8c10-4e7c02622063: status=processed
2025-08-26 14:32:03,877 - INFO - d9b0589d-f2cc-4847-8c10-4e7c02622063: status processing manually  :: intel_check_veg_index -> processed
2025-08-26 14:32:03,877 - INFO - [dry-run] DB set d9b0589d-f2cc-4847-8c10-4e7c02622063: artifacts={'orthophoto': '/rs1/shares/cals-research-station/sandhills/flights/d9b0589d-f2cc-4847-8c10-4e7c02622063/odm_orthophoto/odm_orthophoto.tif', 'orthophoto_cog': '/rs1/shares/cals-research-station/sandhills/flights/d9b0589d-f2cc-4847-8c10-4e7c02622063/odm_orthophoto/odm_orthophoto_cog.tif'}
2025-08-26 14:32:03,945 - INFO - [dry-run] DB set 2e1c4a10-c388-4067-be32-2a9b70bbfa63: {'stages.odm.state': 'unknown', 'stages.odm.message': 'no success markers (log.json) and no orthophoto'}
2025-08-26 14:32:03,945 - INFO - [dry-run] DB set 2e1c4a10-c388-4067-be32-2a9b70bbfa63: {'stages.ortho_intel.state': 'unknown', 'stages.ortho_intel.message': 'no ortho_intel artifacts'}
2025-08-26 14:32:04,074 - INFO - [dry-run] DB set 309e89e1-6875-4f84-9751-f9e774d51ac1: {'stages.odm.state': 'unknown', 'stages.odm.message': 'no success markers (log.json) and no orthophoto'}
2025-08-26 14:32:04,074 - INFO - [dry-run] DB set 309e89e1-6875-4f84-9751-f9e774d51ac1: {'stages.ortho_intel.state': 'unknown', 'stages.ortho_intel.message': 'no ortho_intel artifacts'}
2025-08-26 14:32:04,192 - INFO - [dry-run] DB set 2448ba6c-8d2d-4b75-a5b2-ba829b7cb15e: {'stages.odm.state': 'unknown', 'stages.odm.message': 'no success markers (log.json) and no orthophoto'}
2025-08-26 14:32:04,192 - INFO - [dry-run] DB set 2448ba6c-8d2d-4b75-a5b2-ba829b7cb15e: {'stages.ortho_intel.state': 'unknown', 'stages.ortho_intel.message': 'no ortho_intel artifacts'}
2025-08-26 14:32:04,294 - INFO - [dry-run] DB set 0fca3820-0473-4cdf-be58-cebae9978216: {'stages.odm.state': 'unknown', 'stages.odm.message': 'no success markers (log.json) and no orthophoto'}
2025-08-26 14:32:04,295 - INFO - [dry-run] DB set 0fca3820-0473-4cdf-be58-cebae9978216: {'stages.ortho_intel.state': 'unknown', 'stages.ortho_intel.message': 'no ortho_intel artifacts'}
2025-08-26 14:32:04,409 - INFO - [dry-run] DB set 5e8fa477-a57f-4885-b087-f3d9bd7f9841: {'stages.odm.state': 'unknown', 'stages.odm.message': 'no success markers (log.json) and no orthophoto'}
2025-08-26 14:32:04,410 - INFO - [dry-run] DB set 5e8fa477-a57f-4885-b087-f3d9bd7f9841: {'stages.ortho_intel.state': 'unknown', 'stages.ortho_intel.message': 'no ortho_intel artifacts'}
2025-08-26 14:32:04,540 - INFO - [dry-run] DB set c38475b7-2747-4898-9761-332380b34b26: {'stages.odm.state': 'unknown', 'stages.odm.message': 'no success markers (log.json) and no orthophoto'}
2025-08-26 14:32:04,541 - INFO - [dry-run] DB set c38475b7-2747-4898-9761-332380b34b26: {'stages.ortho_intel.state': 'unknown', 'stages.ortho_intel.message': 'no ortho_intel artifacts'}
2025-08-26 14:32:04,614 - INFO - [dry-run] DB set 20e183ec-5107-437e-bd8c-1821f4d86624: {'stages.odm.state': 'succeeded', 'stages.odm.ended_at': datetime.datetime(2025, 8, 26, 18, 32, 4, 614555, tzinfo=datetime.timezone.utc), 'stages.odm.message': 'log.json success=true (log.json)'}
2025-08-26 14:32:04,614 - INFO - [dry-run] DB set 20e183ec-5107-437e-bd8c-1821f4d86624: {'stages.ortho_intel.state': 'succeeded', 'stages.ortho_intel.ended_at': datetime.datetime(2025, 8, 26, 18, 32, 4, 614555, tzinfo=datetime.timezone.utc), 'stages.ortho_intel.message': 'COG present'}
2025-08-26 14:32:04,615 - INFO - [dry-run] DB set 20e183ec-5107-437e-bd8c-1821f4d86624: status=processed
2025-08-26 14:32:04,615 - INFO - 20e183ec-5107-437e-bd8c-1821f4d86624: status processing manually  :: intel_check_veg_index -> processed
2025-08-26 14:32:04,625 - INFO - [dry-run] DB set 20e183ec-5107-437e-bd8c-1821f4d86624: artifacts={'orthophoto': '/rs1/shares/cals-research-station/sandhills/flights/20e183ec-5107-437e-bd8c-1821f4d86624/odm_orthophoto/odm_orthophoto.tif', 'orthophoto_cog': '/rs1/shares/cals-research-station/sandhills/flights/20e183ec-5107-437e-bd8c-1821f4d86624/odm_orthophoto/odm_orthophoto_cog.tif'}
2025-08-26 14:32:04,647 - INFO - [dry-run] DB set e07d6080-92e7-48df-b5be-bf5795954a8a: {'stages.odm.state': 'succeeded', 'stages.odm.ended_at': datetime.datetime(2025, 8, 26, 18, 32, 4, 647110, tzinfo=datetime.timezone.utc), 'stages.odm.message': 'log.json success=true (log.json)'}
2025-08-26 14:32:04,647 - INFO - [dry-run] DB set e07d6080-92e7-48df-b5be-bf5795954a8a: {'stages.ortho_intel.state': 'succeeded', 'stages.ortho_intel.ended_at': datetime.datetime(2025, 8, 26, 18, 32, 4, 647110, tzinfo=datetime.timezone.utc), 'stages.ortho_intel.message': 'COG + veg_indices'}
2025-08-26 14:32:04,648 - INFO - [dry-run] DB set e07d6080-92e7-48df-b5be-bf5795954a8a: artifacts={'orthophoto': '/rs1/shares/cals-research-station/sandhills/flights/e07d6080-92e7-48df-b5be-bf5795954a8a/odm_orthophoto/odm_orthophoto.tif', 'orthophoto_cog': '/rs1/shares/cals-research-station/sandhills/flights/e07d6080-92e7-48df-b5be-bf5795954a8a/odm_orthophoto/odm_orthophoto_cog.tif', 'veg_indices_dir': '/rs1/shares/cals-research-station/sandhills/flights/e07d6080-92e7-48df-b5be-bf5795954a8a/veg_indices'}
2025-08-26 14:32:04,752 - INFO - [dry-run] DB set 97ef348b-22c8-469d-9cea-1d4e61727c45: {'stages.odm.state': 'unknown', 'stages.odm.message': 'no success markers (log.json) and no orthophoto'}
2025-08-26 14:32:04,753 - INFO - [dry-run] DB set 97ef348b-22c8-469d-9cea-1d4e61727c45: {'stages.ortho_intel.state': 'unknown', 'stages.ortho_intel.message': 'no ortho_intel artifacts'}
2025-08-26 14:32:04,877 - INFO - [dry-run] DB set ba695574-85fd-4c12-beb8-2f9355991b3f: {'stages.odm.state': 'unknown', 'stages.odm.message': 'no success markers (log.json) and no orthophoto'}
2025-08-26 14:32:04,878 - INFO - [dry-run] DB set ba695574-85fd-4c12-beb8-2f9355991b3f: {'stages.ortho_intel.state': 'unknown', 'stages.ortho_intel.message': 'no ortho_intel artifacts'}
2025-08-26 14:32:04,915 - INFO - [dry-run] DB set c0b21a9d-dd6a-4355-84b0-92ef9e0ac963: {'stages.odm.state': 'succeeded', 'stages.odm.ended_at': datetime.datetime(2025, 8, 26, 18, 32, 4, 915629, tzinfo=datetime.timezone.utc), 'stages.odm.message': 'log.json success=true (log.json)'}
2025-08-26 14:32:04,915 - INFO - [dry-run] DB set c0b21a9d-dd6a-4355-84b0-92ef9e0ac963: {'stages.ortho_intel.state': 'succeeded', 'stages.ortho_intel.ended_at': datetime.datetime(2025, 8, 26, 18, 32, 4, 915629, tzinfo=datetime.timezone.utc), 'stages.ortho_intel.message': 'COG present'}
2025-08-26 14:32:04,916 - INFO - [dry-run] DB set c0b21a9d-dd6a-4355-84b0-92ef9e0ac963: status=processed
2025-08-26 14:32:04,916 - INFO - c0b21a9d-dd6a-4355-84b0-92ef9e0ac963: status processing manually  :: intel_check_veg_index -> processed
2025-08-26 14:32:04,916 - INFO - [dry-run] DB set c0b21a9d-dd6a-4355-84b0-92ef9e0ac963: artifacts={'orthophoto': '/rs1/shares/cals-research-station/sandhills/flights/c0b21a9d-dd6a-4355-84b0-92ef9e0ac963/odm_orthophoto/odm_orthophoto.tif', 'orthophoto_cog': '/rs1/shares/cals-research-station/sandhills/flights/c0b21a9d-dd6a-4355-84b0-92ef9e0ac963/odm_orthophoto/odm_orthophoto_cog.tif'}
2025-08-26 14:32:04,947 - INFO - [dry-run] DB set 2d1ee413-ef3e-4d99-8dbb-7d224f1e82b3: {'stages.odm.state': 'succeeded', 'stages.odm.ended_at': datetime.datetime(2025, 8, 26, 18, 32, 4, 947568, tzinfo=datetime.timezone.utc), 'stages.odm.message': 'log.json success=true (log.json)'}
2025-08-26 14:32:04,947 - INFO - [dry-run] DB set 2d1ee413-ef3e-4d99-8dbb-7d224f1e82b3: {'stages.ortho_intel.state': 'succeeded', 'stages.ortho_intel.ended_at': datetime.datetime(2025, 8, 26, 18, 32, 4, 947568, tzinfo=datetime.timezone.utc), 'stages.ortho_intel.message': 'COG + veg_indices'}
2025-08-26 14:32:04,948 - INFO - [dry-run] DB set 2d1ee413-ef3e-4d99-8dbb-7d224f1e82b3: artifacts={'orthophoto': '/rs1/shares/cals-research-station/sandhills/flights/2d1ee413-ef3e-4d99-8dbb-7d224f1e82b3/odm_orthophoto/odm_orthophoto.tif', 'orthophoto_cog': '/rs1/shares/cals-research-station/sandhills/flights/2d1ee413-ef3e-4d99-8dbb-7d224f1e82b3/odm_orthophoto/odm_orthophoto_cog.tif', 'veg_indices_dir': '/rs1/shares/cals-research-station/sandhills/flights/2d1ee413-ef3e-4d99-8dbb-7d224f1e82b3/veg_indices'}
2025-08-26 14:32:05,069 - INFO - [dry-run] DB set 3906526a-5250-445c-8a53-3330e1c6f52c: {'stages.odm.state': 'succeeded', 'stages.odm.ended_at': datetime.datetime(2025, 8, 26, 18, 32, 5, 69685, tzinfo=datetime.timezone.utc), 'stages.odm.message': 'log.json success=true (log.json)'}
2025-08-26 14:32:05,069 - INFO - [dry-run] DB set 3906526a-5250-445c-8a53-3330e1c6f52c: {'stages.ortho_intel.state': 'succeeded', 'stages.ortho_intel.ended_at': datetime.datetime(2025, 8, 26, 18, 32, 5, 69685, tzinfo=datetime.timezone.utc), 'stages.ortho_intel.message': 'COG + veg_indices'}
2025-08-26 14:32:05,071 - INFO - [dry-run] DB set 3906526a-5250-445c-8a53-3330e1c6f52c: artifacts={'orthophoto': '/rs1/shares/cals-research-station/sandhills/flights/3906526a-5250-445c-8a53-3330e1c6f52c/odm_orthophoto/odm_orthophoto.tif', 'orthophoto_cog': '/rs1/shares/cals-research-station/sandhills/flights/3906526a-5250-445c-8a53-3330e1c6f52c/odm_orthophoto/odm_orthophoto_cog.tif', 'veg_indices_dir': '/rs1/shares/cals-research-station/sandhills/flights/3906526a-5250-445c-8a53-3330e1c6f52c/veg_indices'}
2025-08-26 14:32:05,296 - INFO - [dry-run] DB set 870a07bb-3f37-4e3f-8809-99f91f3fd92d: {'stages.odm.state': 'unknown', 'stages.odm.message': 'no success markers (log.json) and no orthophoto'}
2025-08-26 14:32:05,296 - INFO - [dry-run] DB set 870a07bb-3f37-4e3f-8809-99f91f3fd92d: {'stages.ortho_intel.state': 'unknown', 'stages.ortho_intel.message': 'no ortho_intel artifacts'}
2025-08-26 14:32:05,445 - INFO - [dry-run] DB set 76feb0e4-e773-4dc3-bc46-62a00907fade: {'stages.odm.state': 'succeeded', 'stages.odm.ended_at': datetime.datetime(2025, 8, 26, 18, 32, 5, 445757, tzinfo=datetime.timezone.utc), 'stages.odm.message': 'log.json success=true (log.json)'}
2025-08-26 14:32:05,446 - INFO - [dry-run] DB set 76feb0e4-e773-4dc3-bc46-62a00907fade: {'stages.ortho_intel.state': 'succeeded', 'stages.ortho_intel.ended_at': datetime.datetime(2025, 8, 26, 18, 32, 5, 445757, tzinfo=datetime.timezone.utc), 'stages.ortho_intel.message': 'COG present'}
2025-08-26 14:32:05,446 - INFO - [dry-run] DB set 76feb0e4-e773-4dc3-bc46-62a00907fade: status=processed
2025-08-26 14:32:05,446 - INFO - 76feb0e4-e773-4dc3-bc46-62a00907fade: status processing manually  :: intel_after_mv -> processed
2025-08-26 14:32:05,446 - INFO - [dry-run] DB set 76feb0e4-e773-4dc3-bc46-62a00907fade: artifacts={'orthophoto': '/rs1/shares/cals-research-station/sandhills/flights/76feb0e4-e773-4dc3-bc46-62a00907fade/odm_orthophoto/odm_orthophoto.tif', 'orthophoto_cog': '/rs1/shares/cals-research-station/sandhills/flights/76feb0e4-e773-4dc3-bc46-62a00907fade/odm_orthophoto/odm_orthophoto_cog.tif'}
2025-08-26 14:32:05,469 - INFO - [dry-run] DB set 6f936659-1122-4491-b17a-a0474d7812dd: {'stages.odm.state': 'unknown', 'stages.odm.message': 'no success markers (log.json) and no orthophoto'}
2025-08-26 14:32:05,469 - INFO - [dry-run] DB set 6f936659-1122-4491-b17a-a0474d7812dd: {'stages.ortho_intel.state': 'unknown', 'stages.ortho_intel.message': 'no ortho_intel artifacts'}
2025-08-26 14:32:05,493 - INFO - [dry-run] DB set 12dab23b-a415-4817-9c00-0db3124ccc61: {'stages.odm.state': 'succeeded', 'stages.odm.ended_at': datetime.datetime(2025, 8, 26, 18, 32, 5, 493475, tzinfo=datetime.timezone.utc), 'stages.odm.message': 'log.json success=true (log.json)'}
2025-08-26 14:32:05,493 - INFO - [dry-run] DB set 12dab23b-a415-4817-9c00-0db3124ccc61: {'stages.ortho_intel.state': 'succeeded', 'stages.ortho_intel.ended_at': datetime.datetime(2025, 8, 26, 18, 32, 5, 493475, tzinfo=datetime.timezone.utc), 'stages.ortho_intel.message': 'COG + veg_indices'}
2025-08-26 14:32:05,494 - INFO - [dry-run] DB set 12dab23b-a415-4817-9c00-0db3124ccc61: artifacts={'orthophoto': '/rs1/shares/cals-research-station/sandhills/flights/12dab23b-a415-4817-9c00-0db3124ccc61/odm_orthophoto/odm_orthophoto.tif', 'orthophoto_cog': '/rs1/shares/cals-research-station/sandhills/flights/12dab23b-a415-4817-9c00-0db3124ccc61/odm_orthophoto/odm_orthophoto_cog.tif', 'veg_indices_dir': '/rs1/shares/cals-research-station/sandhills/flights/12dab23b-a415-4817-9c00-0db3124ccc61/veg_indices'}
2025-08-26 14:32:05,572 - INFO - [dry-run] DB set 0dfbffc4-d64f-49e2-b595-ff4fd550c6dd: {'stages.odm.state': 'succeeded', 'stages.odm.ended_at': datetime.datetime(2025, 8, 26, 18, 32, 5, 572575, tzinfo=datetime.timezone.utc), 'stages.odm.message': 'log.json success=true (log.json)'}
2025-08-26 14:32:05,572 - INFO - [dry-run] DB set 0dfbffc4-d64f-49e2-b595-ff4fd550c6dd: {'stages.ortho_intel.state': 'succeeded', 'stages.ortho_intel.ended_at': datetime.datetime(2025, 8, 26, 18, 32, 5, 572575, tzinfo=datetime.timezone.utc), 'stages.ortho_intel.message': 'COG + veg_indices'}
2025-08-26 14:32:05,574 - INFO - [dry-run] DB set 0dfbffc4-d64f-49e2-b595-ff4fd550c6dd: artifacts={'orthophoto': '/rs1/shares/cals-research-station/sandhills/flights/0dfbffc4-d64f-49e2-b595-ff4fd550c6dd/odm_orthophoto/odm_orthophoto.tif', 'orthophoto_cog': '/rs1/shares/cals-research-station/sandhills/flights/0dfbffc4-d64f-49e2-b595-ff4fd550c6dd/odm_orthophoto/odm_orthophoto_cog.tif', 'veg_indices_dir': '/rs1/shares/cals-research-station/sandhills/flights/0dfbffc4-d64f-49e2-b595-ff4fd550c6dd/veg_indices'}
2025-08-26 14:32:05,600 - INFO - [dry-run] DB set fd3e70c6-23f6-4c5c-9e92-f07c3e3b65df: {'stages.odm.state': 'unknown', 'stages.odm.message': 'no success markers (log.json) and no orthophoto'}
2025-08-26 14:32:05,600 - INFO - [dry-run] DB set fd3e70c6-23f6-4c5c-9e92-f07c3e3b65df: {'stages.ortho_intel.state': 'unknown', 'stages.ortho_intel.message': 'no ortho_intel artifacts'}
2025-08-26 14:32:05,747 - INFO - [dry-run] DB set a5bff733-25f9-4c98-8186-c84e505baeff: {'stages.odm.state': 'unknown', 'stages.odm.message': 'no success markers (log.json) and no orthophoto'}
2025-08-26 14:32:05,748 - INFO - [dry-run] DB set a5bff733-25f9-4c98-8186-c84e505baeff: {'stages.ortho_intel.state': 'unknown', 'stages.ortho_intel.message': 'no ortho_intel artifacts'}
2025-08-26 14:32:05,795 - INFO - [dry-run] DB set 59abe121-36c4-458c-95db-8dba1741a2a3: {'stages.odm.state': 'succeeded', 'stages.odm.ended_at': datetime.datetime(2025, 8, 26, 18, 32, 5, 794964, tzinfo=datetime.timezone.utc), 'stages.odm.message': 'log.json success=true (log.json)'}
2025-08-26 14:32:05,795 - INFO - [dry-run] DB set 59abe121-36c4-458c-95db-8dba1741a2a3: {'stages.ortho_intel.state': 'succeeded', 'stages.ortho_intel.ended_at': datetime.datetime(2025, 8, 26, 18, 32, 5, 794964, tzinfo=datetime.timezone.utc), 'stages.ortho_intel.message': 'COG + veg_indices'}
2025-08-26 14:32:05,796 - INFO - [dry-run] DB set 59abe121-36c4-458c-95db-8dba1741a2a3: artifacts={'orthophoto': '/rs1/shares/cals-research-station/sandhills/flights/59abe121-36c4-458c-95db-8dba1741a2a3/odm_orthophoto/odm_orthophoto.tif', 'orthophoto_cog': '/rs1/shares/cals-research-station/sandhills/flights/59abe121-36c4-458c-95db-8dba1741a2a3/odm_orthophoto/odm_orthophoto_cog.tif', 'veg_indices_dir': '/rs1/shares/cals-research-station/sandhills/flights/59abe121-36c4-458c-95db-8dba1741a2a3/veg_indices'}
2025-08-26 14:32:06,088 - ERROR - 9b1802b9-4f27-4511-9814-6e5b56d61d91: file count mismatch (expected 4004, found 3990)
2025-08-26 14:32:06,088 - INFO - [dry-run] DB set 9b1802b9-4f27-4511-9814-6e5b56d61d91: {'stages.odm.state': 'blocked', 'stages.odm.message': 'file count mismatch (expected 4004, found 3990)'}
2025-08-26 14:32:06,088 - INFO - [dry-run] DB set 9b1802b9-4f27-4511-9814-6e5b56d61d91: status=file count mismatch
2025-08-26 14:32:06,171 - INFO - [dry-run] DB set 6f2af454-e0c8-4fa1-b341-2de5a4fb6b64: {'stages.odm.state': 'succeeded', 'stages.odm.ended_at': datetime.datetime(2025, 8, 26, 18, 32, 6, 171311, tzinfo=datetime.timezone.utc), 'stages.odm.message': 'log.json success=true (log.json)'}
2025-08-26 14:32:06,171 - INFO - [dry-run] DB set 6f2af454-e0c8-4fa1-b341-2de5a4fb6b64: {'stages.ortho_intel.state': 'succeeded', 'stages.ortho_intel.ended_at': datetime.datetime(2025, 8, 26, 18, 32, 6, 171311, tzinfo=datetime.timezone.utc), 'stages.ortho_intel.message': 'COG + veg_indices'}
2025-08-26 14:32:06,184 - INFO - [dry-run] DB set 6f2af454-e0c8-4fa1-b341-2de5a4fb6b64: artifacts={'orthophoto': '/rs1/shares/cals-research-station/sandhills/flights/6f2af454-e0c8-4fa1-b341-2de5a4fb6b64/odm_orthophoto/odm_orthophoto.tif', 'orthophoto_cog': '/rs1/shares/cals-research-station/sandhills/flights/6f2af454-e0c8-4fa1-b341-2de5a4fb6b64/odm_orthophoto/odm_orthophoto_cog.tif', 'veg_indices_dir': '/rs1/shares/cals-research-station/sandhills/flights/6f2af454-e0c8-4fa1-b341-2de5a4fb6b64/veg_indices'}
2025-08-26 14:32:06,206 - INFO - [dry-run] DB set 548c190e-720b-4845-8884-2f6e249be306: {'stages.odm.state': 'succeeded', 'stages.odm.ended_at': datetime.datetime(2025, 8, 26, 18, 32, 6, 206382, tzinfo=datetime.timezone.utc), 'stages.odm.message': 'log.json success=true (log.json)'}
2025-08-26 14:32:06,206 - INFO - [dry-run] DB set 548c190e-720b-4845-8884-2f6e249be306: {'stages.ortho_intel.state': 'succeeded', 'stages.ortho_intel.ended_at': datetime.datetime(2025, 8, 26, 18, 32, 6, 206382, tzinfo=datetime.timezone.utc), 'stages.ortho_intel.message': 'COG + veg_indices'}
2025-08-26 14:32:06,207 - INFO - [dry-run] DB set 548c190e-720b-4845-8884-2f6e249be306: artifacts={'orthophoto': '/rs1/shares/cals-research-station/sandhills/flights/548c190e-720b-4845-8884-2f6e249be306/odm_orthophoto/odm_orthophoto.tif', 'orthophoto_cog': '/rs1/shares/cals-research-station/sandhills/flights/548c190e-720b-4845-8884-2f6e249be306/odm_orthophoto/odm_orthophoto_cog.tif', 'veg_indices_dir': '/rs1/shares/cals-research-station/sandhills/flights/548c190e-720b-4845-8884-2f6e249be306/veg_indices'}
2025-08-26 14:32:06,305 - INFO - [dry-run] DB set 9fb9f8ae-dce7-4a83-982e-3a4e9251c69f: {'stages.odm.state': 'unknown', 'stages.odm.message': 'no success markers (log.json) and no orthophoto'}
2025-08-26 14:32:06,305 - INFO - [dry-run] DB set 9fb9f8ae-dce7-4a83-982e-3a4e9251c69f: {'stages.ortho_intel.state': 'unknown', 'stages.ortho_intel.message': 'no ortho_intel artifacts'}
2025-08-26 14:32:06,563 - INFO - [dry-run] DB set 40321b11-c7df-4b70-8438-2e95ac7a3d14: {'stages.odm.state': 'succeeded', 'stages.odm.ended_at': datetime.datetime(2025, 8, 26, 18, 32, 6, 563530, tzinfo=datetime.timezone.utc), 'stages.odm.message': 'log.json success=true (log.json)'}
2025-08-26 14:32:06,563 - INFO - [dry-run] DB set 40321b11-c7df-4b70-8438-2e95ac7a3d14: {'stages.ortho_intel.state': 'succeeded', 'stages.ortho_intel.ended_at': datetime.datetime(2025, 8, 26, 18, 32, 6, 563530, tzinfo=datetime.timezone.utc), 'stages.ortho_intel.message': 'COG + veg_indices'}
2025-08-26 14:32:06,564 - INFO - [dry-run] DB set 40321b11-c7df-4b70-8438-2e95ac7a3d14: artifacts={'orthophoto': '/rs1/shares/cals-research-station/sandhills/flights/40321b11-c7df-4b70-8438-2e95ac7a3d14/odm_orthophoto/odm_orthophoto.tif', 'orthophoto_cog': '/rs1/shares/cals-research-station/sandhills/flights/40321b11-c7df-4b70-8438-2e95ac7a3d14/odm_orthophoto/odm_orthophoto_cog.tif', 'veg_indices_dir': '/rs1/shares/cals-research-station/sandhills/flights/40321b11-c7df-4b70-8438-2e95ac7a3d14/veg_indices'}
2025-08-26 14:32:06,674 - INFO - [dry-run] DB set 3dbb0f71-ff87-45eb-9752-7fc9b0d46b9b: {'stages.odm.state': 'succeeded', 'stages.odm.ended_at': datetime.datetime(2025, 8, 26, 18, 32, 6, 674256, tzinfo=datetime.timezone.utc), 'stages.odm.message': 'log.json success=true (log.json)'}
2025-08-26 14:32:06,674 - INFO - [dry-run] DB set 3dbb0f71-ff87-45eb-9752-7fc9b0d46b9b: {'stages.ortho_intel.state': 'succeeded', 'stages.ortho_intel.ended_at': datetime.datetime(2025, 8, 26, 18, 32, 6, 674256, tzinfo=datetime.timezone.utc), 'stages.ortho_intel.message': 'COG present'}
2025-08-26 14:32:06,674 - INFO - [dry-run] DB set 3dbb0f71-ff87-45eb-9752-7fc9b0d46b9b: status=processed
2025-08-26 14:32:06,674 - INFO - 3dbb0f71-ff87-45eb-9752-7fc9b0d46b9b: status processing manually  :: intel_after_mv -> processed
2025-08-26 14:32:06,675 - INFO - [dry-run] DB set 3dbb0f71-ff87-45eb-9752-7fc9b0d46b9b: artifacts={'orthophoto': '/rs1/shares/cals-research-station/sandhills/flights/3dbb0f71-ff87-45eb-9752-7fc9b0d46b9b/odm_orthophoto/odm_orthophoto.tif', 'orthophoto_cog': '/rs1/shares/cals-research-station/sandhills/flights/3dbb0f71-ff87-45eb-9752-7fc9b0d46b9b/odm_orthophoto/odm_orthophoto_cog.tif'}
2025-08-26 14:32:06,812 - INFO - [dry-run] DB set f9e272a9-0916-4098-af12-58679d072159: {'stages.odm.state': 'unknown', 'stages.odm.message': 'no success markers (log.json) and no orthophoto'}
2025-08-26 14:32:06,812 - INFO - [dry-run] DB set f9e272a9-0916-4098-af12-58679d072159: {'stages.ortho_intel.state': 'unknown', 'stages.ortho_intel.message': 'no ortho_intel artifacts'}
2025-08-26 14:32:06,903 - INFO - [dry-run] DB set 3a3ff4a7-ab15-46f9-882b-4a32111f1c1e: {'stages.odm.state': 'succeeded', 'stages.odm.ended_at': datetime.datetime(2025, 8, 26, 18, 32, 6, 903120, tzinfo=datetime.timezone.utc), 'stages.odm.message': 'log.json success=true (log.json)'}
2025-08-26 14:32:06,903 - INFO - [dry-run] DB set 3a3ff4a7-ab15-46f9-882b-4a32111f1c1e: {'stages.ortho_intel.state': 'succeeded', 'stages.ortho_intel.ended_at': datetime.datetime(2025, 8, 26, 18, 32, 6, 903120, tzinfo=datetime.timezone.utc), 'stages.ortho_intel.message': 'COG present'}
2025-08-26 14:32:06,903 - INFO - [dry-run] DB set 3a3ff4a7-ab15-46f9-882b-4a32111f1c1e: status=processed
2025-08-26 14:32:06,903 - INFO - 3a3ff4a7-ab15-46f9-882b-4a32111f1c1e: status processing manually  :: intel_after_mv -> processed
2025-08-26 14:32:06,904 - INFO - [dry-run] DB set 3a3ff4a7-ab15-46f9-882b-4a32111f1c1e: artifacts={'orthophoto': '/rs1/shares/cals-research-station/sandhills/flights/3a3ff4a7-ab15-46f9-882b-4a32111f1c1e/odm_orthophoto/odm_orthophoto.tif', 'orthophoto_cog': '/rs1/shares/cals-research-station/sandhills/flights/3a3ff4a7-ab15-46f9-882b-4a32111f1c1e/odm_orthophoto/odm_orthophoto_cog.tif'}
2025-08-26 14:32:07,060 - INFO - [dry-run] DB set abd8e72a-f983-409f-a302-cd3172a30af1: {'stages.odm.state': 'unknown', 'stages.odm.message': 'no success markers (log.json) and no orthophoto'}
2025-08-26 14:32:07,060 - INFO - [dry-run] DB set abd8e72a-f983-409f-a302-cd3172a30af1: {'stages.ortho_intel.state': 'unknown', 'stages.ortho_intel.message': 'no ortho_intel artifacts'}
2025-08-26 14:32:07,176 - INFO - [dry-run] DB set 0db1afad-c1f8-4f2e-92e0-8178532cddd5: {'stages.odm.state': 'succeeded', 'stages.odm.ended_at': datetime.datetime(2025, 8, 26, 18, 32, 7, 176205, tzinfo=datetime.timezone.utc), 'stages.odm.message': 'log.json success=true (log.json)'}
2025-08-26 14:32:07,176 - INFO - [dry-run] DB set 0db1afad-c1f8-4f2e-92e0-8178532cddd5: {'stages.ortho_intel.state': 'succeeded', 'stages.ortho_intel.ended_at': datetime.datetime(2025, 8, 26, 18, 32, 7, 176205, tzinfo=datetime.timezone.utc), 'stages.ortho_intel.message': 'COG present'}
2025-08-26 14:32:07,176 - INFO - [dry-run] DB set 0db1afad-c1f8-4f2e-92e0-8178532cddd5: status=processed
2025-08-26 14:32:07,176 - INFO - 0db1afad-c1f8-4f2e-92e0-8178532cddd5: status processing manually  :: intel_after_mv -> processed
2025-08-26 14:32:07,177 - INFO - [dry-run] DB set 0db1afad-c1f8-4f2e-92e0-8178532cddd5: artifacts={'orthophoto': '/rs1/shares/cals-research-station/sandhills/flights/0db1afad-c1f8-4f2e-92e0-8178532cddd5/odm_orthophoto/odm_orthophoto.tif', 'orthophoto_cog': '/rs1/shares/cals-research-station/sandhills/flights/0db1afad-c1f8-4f2e-92e0-8178532cddd5/odm_orthophoto/odm_orthophoto_cog.tif'}
2025-08-26 14:32:07,307 - INFO - [dry-run] DB set 3001b4ca-61e5-43c1-bc99-2ab034fdb35d: {'stages.odm.state': 'succeeded', 'stages.odm.ended_at': datetime.datetime(2025, 8, 26, 18, 32, 7, 307746, tzinfo=datetime.timezone.utc), 'stages.odm.message': 'log.json success=true (log.json)'}
2025-08-26 14:32:07,308 - INFO - [dry-run] DB set 3001b4ca-61e5-43c1-bc99-2ab034fdb35d: {'stages.ortho_intel.state': 'succeeded', 'stages.ortho_intel.ended_at': datetime.datetime(2025, 8, 26, 18, 32, 7, 307746, tzinfo=datetime.timezone.utc), 'stages.ortho_intel.message': 'COG present'}
2025-08-26 14:32:07,308 - INFO - [dry-run] DB set 3001b4ca-61e5-43c1-bc99-2ab034fdb35d: status=processed
2025-08-26 14:32:07,308 - INFO - 3001b4ca-61e5-43c1-bc99-2ab034fdb35d: status processing manually  :: intel_after_mv -> processed
2025-08-26 14:32:07,308 - INFO - [dry-run] DB set 3001b4ca-61e5-43c1-bc99-2ab034fdb35d: artifacts={'orthophoto': '/rs1/shares/cals-research-station/sandhills/flights/3001b4ca-61e5-43c1-bc99-2ab034fdb35d/odm_orthophoto/odm_orthophoto.tif', 'orthophoto_cog': '/rs1/shares/cals-research-station/sandhills/flights/3001b4ca-61e5-43c1-bc99-2ab034fdb35d/odm_orthophoto/odm_orthophoto_cog.tif'}
2025-08-26 14:32:07,423 - INFO - [dry-run] DB set 6fe76aef-f906-4e5e-baf3-864d7098d919: {'stages.odm.state': 'succeeded', 'stages.odm.ended_at': datetime.datetime(2025, 8, 26, 18, 32, 7, 423626, tzinfo=datetime.timezone.utc), 'stages.odm.message': 'log.json success=true (log.json)'}
2025-08-26 14:32:07,423 - INFO - [dry-run] DB set 6fe76aef-f906-4e5e-baf3-864d7098d919: {'stages.ortho_intel.state': 'succeeded', 'stages.ortho_intel.ended_at': datetime.datetime(2025, 8, 26, 18, 32, 7, 423626, tzinfo=datetime.timezone.utc), 'stages.ortho_intel.message': 'COG present'}
2025-08-26 14:32:07,424 - INFO - [dry-run] DB set 6fe76aef-f906-4e5e-baf3-864d7098d919: status=processed
2025-08-26 14:32:07,424 - INFO - 6fe76aef-f906-4e5e-baf3-864d7098d919: status processing manually  :: intel_after_mv -> processed
2025-08-26 14:32:07,424 - INFO - [dry-run] DB set 6fe76aef-f906-4e5e-baf3-864d7098d919: artifacts={'orthophoto': '/rs1/shares/cals-research-station/sandhills/flights/6fe76aef-f906-4e5e-baf3-864d7098d919/odm_orthophoto/odm_orthophoto.tif', 'orthophoto_cog': '/rs1/shares/cals-research-station/sandhills/flights/6fe76aef-f906-4e5e-baf3-864d7098d919/odm_orthophoto/odm_orthophoto_cog.tif'}
2025-08-26 14:32:07,467 - INFO - [dry-run] DB set f396f606-124f-466d-ad72-8ddd8c66f803: {'stages.odm.state': 'unknown', 'stages.odm.message': 'no success markers (log.json) and no orthophoto'}
2025-08-26 14:32:07,467 - INFO - [dry-run] DB set f396f606-124f-466d-ad72-8ddd8c66f803: {'stages.ortho_intel.state': 'unknown', 'stages.ortho_intel.message': 'no ortho_intel artifacts'}
2025-08-26 14:32:07,524 - INFO - [dry-run] DB set a4f3b058-6bfb-457c-b691-67a765fb3091: {'stages.odm.state': 'unknown', 'stages.odm.message': 'no success markers (log.json) and no orthophoto'}
2025-08-26 14:32:07,525 - INFO - [dry-run] DB set a4f3b058-6bfb-457c-b691-67a765fb3091: {'stages.ortho_intel.state': 'unknown', 'stages.ortho_intel.message': 'no ortho_intel artifacts'}
2025-08-26 14:32:08,006 - INFO - [dry-run] DB set 6a808c36-df1a-4203-84b5-7fe5d9351fa7: {'stages.odm.state': 'succeeded', 'stages.odm.ended_at': datetime.datetime(2025, 8, 26, 18, 32, 8, 6695, tzinfo=datetime.timezone.utc), 'stages.odm.message': 'log.json success=true (log.json)'}
2025-08-26 14:32:08,007 - INFO - [dry-run] DB set 6a808c36-df1a-4203-84b5-7fe5d9351fa7: {'stages.ortho_intel.state': 'succeeded', 'stages.ortho_intel.ended_at': datetime.datetime(2025, 8, 26, 18, 32, 8, 6695, tzinfo=datetime.timezone.utc), 'stages.ortho_intel.message': 'COG + veg_indices'}
2025-08-26 14:32:08,008 - INFO - [dry-run] DB set 6a808c36-df1a-4203-84b5-7fe5d9351fa7: artifacts={'orthophoto': '/rs1/shares/cals-research-station/sandhills/flights/6a808c36-df1a-4203-84b5-7fe5d9351fa7/odm_orthophoto/odm_orthophoto.tif', 'orthophoto_cog': '/rs1/shares/cals-research-station/sandhills/flights/6a808c36-df1a-4203-84b5-7fe5d9351fa7/odm_orthophoto/odm_orthophoto_cog.tif', 'veg_indices_dir': '/rs1/shares/cals-research-station/sandhills/flights/6a808c36-df1a-4203-84b5-7fe5d9351fa7/veg_indices'}
2025-08-26 14:32:08,043 - INFO - [dry-run] DB set 351d8d07-43f1-4a87-a10a-335f7a304b92: {'stages.odm.state': 'succeeded', 'stages.odm.ended_at': datetime.datetime(2025, 8, 26, 18, 32, 8, 43744, tzinfo=datetime.timezone.utc), 'stages.odm.message': 'log.json success=true (log.json)'}
2025-08-26 14:32:08,044 - INFO - [dry-run] DB set 351d8d07-43f1-4a87-a10a-335f7a304b92: {'stages.ortho_intel.state': 'succeeded', 'stages.ortho_intel.ended_at': datetime.datetime(2025, 8, 26, 18, 32, 8, 43744, tzinfo=datetime.timezone.utc), 'stages.ortho_intel.message': 'COG + veg_indices'}
2025-08-26 14:32:08,054 - INFO - [dry-run] DB set 351d8d07-43f1-4a87-a10a-335f7a304b92: artifacts={'orthophoto': '/rs1/shares/cals-research-station/sandhills/flights/351d8d07-43f1-4a87-a10a-335f7a304b92/odm_orthophoto/odm_orthophoto.tif', 'orthophoto_cog': '/rs1/shares/cals-research-station/sandhills/flights/351d8d07-43f1-4a87-a10a-335f7a304b92/odm_orthophoto/odm_orthophoto_cog.tif', 'veg_indices_dir': '/rs1/shares/cals-research-station/sandhills/flights/351d8d07-43f1-4a87-a10a-335f7a304b92/veg_indices'}
2025-08-26 14:32:08,172 - INFO - [dry-run] DB set 7061ca72-5c2e-42db-9940-6d15b7c43ce6: {'stages.odm.state': 'succeeded', 'stages.odm.ended_at': datetime.datetime(2025, 8, 26, 18, 32, 8, 172418, tzinfo=datetime.timezone.utc), 'stages.odm.message': 'log.json success=true (log.json)'}
2025-08-26 14:32:08,172 - INFO - [dry-run] DB set 7061ca72-5c2e-42db-9940-6d15b7c43ce6: {'stages.ortho_intel.state': 'succeeded', 'stages.ortho_intel.ended_at': datetime.datetime(2025, 8, 26, 18, 32, 8, 172418, tzinfo=datetime.timezone.utc), 'stages.ortho_intel.message': 'COG present'}
2025-08-26 14:32:08,172 - INFO - [dry-run] DB set 7061ca72-5c2e-42db-9940-6d15b7c43ce6: status=processed
2025-08-26 14:32:08,172 - INFO - 7061ca72-5c2e-42db-9940-6d15b7c43ce6: status processing manually  :: intel_after_mv -> processed
2025-08-26 14:32:08,173 - INFO - [dry-run] DB set 7061ca72-5c2e-42db-9940-6d15b7c43ce6: artifacts={'orthophoto': '/rs1/shares/cals-research-station/sandhills/flights/7061ca72-5c2e-42db-9940-6d15b7c43ce6/odm_orthophoto/odm_orthophoto.tif', 'orthophoto_cog': '/rs1/shares/cals-research-station/sandhills/flights/7061ca72-5c2e-42db-9940-6d15b7c43ce6/odm_orthophoto/odm_orthophoto_cog.tif'}
2025-08-26 14:32:08,316 - INFO - [dry-run] DB set 42abfaef-b50f-4985-b757-6a32a3682224: {'stages.odm.state': 'succeeded', 'stages.odm.ended_at': datetime.datetime(2025, 8, 26, 18, 32, 8, 316046, tzinfo=datetime.timezone.utc), 'stages.odm.message': 'log.json success=true (log.json)'}
2025-08-26 14:32:08,316 - INFO - [dry-run] DB set 42abfaef-b50f-4985-b757-6a32a3682224: {'stages.ortho_intel.state': 'succeeded', 'stages.ortho_intel.ended_at': datetime.datetime(2025, 8, 26, 18, 32, 8, 316046, tzinfo=datetime.timezone.utc), 'stages.ortho_intel.message': 'COG present'}
2025-08-26 14:32:08,316 - INFO - [dry-run] DB set 42abfaef-b50f-4985-b757-6a32a3682224: status=processed
2025-08-26 14:32:08,316 - INFO - 42abfaef-b50f-4985-b757-6a32a3682224: status processing manually  :: intel_after_mv -> processed
2025-08-26 14:32:08,316 - INFO - [dry-run] DB set 42abfaef-b50f-4985-b757-6a32a3682224: artifacts={'orthophoto': '/rs1/shares/cals-research-station/sandhills/flights/42abfaef-b50f-4985-b757-6a32a3682224/odm_orthophoto/odm_orthophoto.tif', 'orthophoto_cog': '/rs1/shares/cals-research-station/sandhills/flights/42abfaef-b50f-4985-b757-6a32a3682224/odm_orthophoto/odm_orthophoto_cog.tif'}
2025-08-26 14:32:08,393 - INFO - [dry-run] DB set efd9ce4e-0f36-45bd-9397-425082d1d2c0: {'stages.odm.state': 'unknown', 'stages.odm.message': 'no success markers (log.json) and no orthophoto'}
2025-08-26 14:32:08,393 - INFO - [dry-run] DB set efd9ce4e-0f36-45bd-9397-425082d1d2c0: {'stages.ortho_intel.state': 'unknown', 'stages.ortho_intel.message': 'no ortho_intel artifacts'}
2025-08-26 14:32:08,509 - INFO - [dry-run] DB set 95e56cff-6ab8-460d-b4a2-a3f0d219e2fa: {'stages.odm.state': 'succeeded', 'stages.odm.ended_at': datetime.datetime(2025, 8, 26, 18, 32, 8, 509253, tzinfo=datetime.timezone.utc), 'stages.odm.message': 'log.json success=true (log.json)'}
2025-08-26 14:32:08,509 - INFO - [dry-run] DB set 95e56cff-6ab8-460d-b4a2-a3f0d219e2fa: {'stages.ortho_intel.state': 'succeeded', 'stages.ortho_intel.ended_at': datetime.datetime(2025, 8, 26, 18, 32, 8, 509253, tzinfo=datetime.timezone.utc), 'stages.ortho_intel.message': 'COG + veg_indices'}
2025-08-26 14:32:08,510 - INFO - [dry-run] DB set 95e56cff-6ab8-460d-b4a2-a3f0d219e2fa: artifacts={'orthophoto': '/rs1/shares/cals-research-station/sandhills/flights/95e56cff-6ab8-460d-b4a2-a3f0d219e2fa/odm_orthophoto/odm_orthophoto.tif', 'orthophoto_cog': '/rs1/shares/cals-research-station/sandhills/flights/95e56cff-6ab8-460d-b4a2-a3f0d219e2fa/odm_orthophoto/odm_orthophoto_cog.tif', 'veg_indices_dir': '/rs1/shares/cals-research-station/sandhills/flights/95e56cff-6ab8-460d-b4a2-a3f0d219e2fa/veg_indices'}
2025-08-26 14:32:08,749 - INFO - [dry-run] DB set 83e057c5-18c2-4d77-8e5b-3b594c791760: {'stages.odm.state': 'succeeded', 'stages.odm.ended_at': datetime.datetime(2025, 8, 26, 18, 32, 8, 749889, tzinfo=datetime.timezone.utc), 'stages.odm.message': 'log.json success=true (log.json)'}
2025-08-26 14:32:08,750 - INFO - [dry-run] DB set 83e057c5-18c2-4d77-8e5b-3b594c791760: {'stages.ortho_intel.state': 'succeeded', 'stages.ortho_intel.ended_at': datetime.datetime(2025, 8, 26, 18, 32, 8, 749889, tzinfo=datetime.timezone.utc), 'stages.ortho_intel.message': 'COG present'}
2025-08-26 14:32:08,750 - INFO - [dry-run] DB set 83e057c5-18c2-4d77-8e5b-3b594c791760: status=processed
2025-08-26 14:32:08,750 - INFO - 83e057c5-18c2-4d77-8e5b-3b594c791760: status processing manually  :: intel_after_mv -> processed
2025-08-26 14:32:08,751 - INFO - [dry-run] DB set 83e057c5-18c2-4d77-8e5b-3b594c791760: artifacts={'orthophoto': '/rs1/shares/cals-research-station/sandhills/flights/83e057c5-18c2-4d77-8e5b-3b594c791760/odm_orthophoto/odm_orthophoto.tif', 'orthophoto_cog': '/rs1/shares/cals-research-station/sandhills/flights/83e057c5-18c2-4d77-8e5b-3b594c791760/odm_orthophoto/odm_orthophoto_cog.tif'}
2025-08-26 14:32:08,874 - INFO - [dry-run] DB set c5613a81-fb0a-4dd2-bafe-050deb4462df: {'stages.odm.state': 'unknown', 'stages.odm.message': 'no success markers (log.json) and no orthophoto'}
2025-08-26 14:32:08,874 - INFO - [dry-run] DB set c5613a81-fb0a-4dd2-bafe-050deb4462df: {'stages.ortho_intel.state': 'unknown', 'stages.ortho_intel.message': 'no ortho_intel artifacts'}
2025-08-26 14:32:08,946 - INFO - [dry-run] DB set 0b9ceb16-8739-4cce-9055-9f546bf1f684: {'stages.odm.state': 'unknown', 'stages.odm.message': 'no success markers (log.json) and no orthophoto'}
2025-08-26 14:32:08,947 - INFO - [dry-run] DB set 0b9ceb16-8739-4cce-9055-9f546bf1f684: {'stages.ortho_intel.state': 'unknown', 'stages.ortho_intel.message': 'no ortho_intel artifacts'}
2025-08-26 14:32:09,072 - INFO - [dry-run] DB set 3330c78c-ea45-4e74-9d2b-a1cfa05b33bb: {'stages.odm.state': 'unknown', 'stages.odm.message': 'no success markers (log.json) and no orthophoto'}
2025-08-26 14:32:09,072 - INFO - [dry-run] DB set 3330c78c-ea45-4e74-9d2b-a1cfa05b33bb: {'stages.ortho_intel.state': 'unknown', 'stages.ortho_intel.message': 'no ortho_intel artifacts'}
2025-08-26 14:32:09,200 - INFO - [dry-run] DB set 69a41a87-e238-4395-aa00-ee7ee84e60cd: {'stages.odm.state': 'unknown', 'stages.odm.message': 'no success markers (log.json) and no orthophoto'}
2025-08-26 14:32:09,200 - INFO - [dry-run] DB set 69a41a87-e238-4395-aa00-ee7ee84e60cd: {'stages.ortho_intel.state': 'unknown', 'stages.ortho_intel.message': 'no ortho_intel artifacts'}
2025-08-26 14:32:09,207 - INFO - [dry-run] DB set f273f3c4-c421-459a-bb5b-6c87585580db: {'stages.odm.state': 'unknown', 'stages.odm.message': 'no success markers (log.json) and no orthophoto'}
2025-08-26 14:32:09,208 - INFO - [dry-run] DB set f273f3c4-c421-459a-bb5b-6c87585580db: {'stages.ortho_intel.state': 'unknown', 'stages.ortho_intel.message': 'no ortho_intel artifacts'}
2025-08-26 14:32:09,296 - INFO - [dry-run] DB set 3f708012-654e-41cd-b8a6-22c95029b332: {'stages.odm.state': 'unknown', 'stages.odm.message': 'no success markers (log.json) and no orthophoto'}
2025-08-26 14:32:09,296 - INFO - [dry-run] DB set 3f708012-654e-41cd-b8a6-22c95029b332: {'stages.ortho_intel.state': 'unknown', 'stages.ortho_intel.message': 'no ortho_intel artifacts'}
2025-08-26 14:32:09,322 - INFO - [dry-run] DB set 3e6f979e-b207-400f-a05b-cb658022942b: {'stages.odm.state': 'unknown', 'stages.odm.message': 'no success markers (log.json) and no orthophoto'}
2025-08-26 14:32:09,322 - INFO - [dry-run] DB set 3e6f979e-b207-400f-a05b-cb658022942b: {'stages.ortho_intel.state': 'unknown', 'stages.ortho_intel.message': 'no ortho_intel artifacts'}
2025-08-26 14:32:09,364 - INFO - [dry-run] DB set a623a66e-e19c-4ff3-937a-6271fb083151: {'stages.odm.state': 'unknown', 'stages.odm.message': 'no success markers (log.json) and no orthophoto'}
2025-08-26 14:32:09,364 - INFO - [dry-run] DB set a623a66e-e19c-4ff3-937a-6271fb083151: {'stages.ortho_intel.state': 'unknown', 'stages.ortho_intel.message': 'no ortho_intel artifacts'}
2025-08-26 14:32:09,658 - ERROR - be52b07b-c38a-459b-ad9c-bd8765db6302: file count mismatch (expected 4004, found 3990)
2025-08-26 14:32:09,659 - INFO - [dry-run] DB set be52b07b-c38a-459b-ad9c-bd8765db6302: {'stages.odm.state': 'blocked', 'stages.odm.message': 'file count mismatch (expected 4004, found 3990)'}
2025-08-26 14:32:09,659 - INFO - [dry-run] DB set be52b07b-c38a-459b-ad9c-bd8765db6302: status=file count mismatch
2025-08-26 14:32:09,756 - INFO - [dry-run] DB set 7618db8f-ba0b-4d25-9540-8755dc85dbeb: {'stages.odm.state': 'unknown', 'stages.odm.message': 'no success markers (log.json) and no orthophoto'}
2025-08-26 14:32:09,756 - INFO - [dry-run] DB set 7618db8f-ba0b-4d25-9540-8755dc85dbeb: {'stages.ortho_intel.state': 'unknown', 'stages.ortho_intel.message': 'no ortho_intel artifacts'}
2025-08-26 14:32:09,925 - ERROR - 1ca6ad71-7567-4c58-8ac9-9184b7abe5f5: file count mismatch (expected 2219, found 2205)
2025-08-26 14:32:09,925 - INFO - [dry-run] DB set 1ca6ad71-7567-4c58-8ac9-9184b7abe5f5: {'stages.odm.state': 'blocked', 'stages.odm.message': 'file count mismatch (expected 2219, found 2205)'}
2025-08-26 14:32:09,926 - INFO - [dry-run] DB set 1ca6ad71-7567-4c58-8ac9-9184b7abe5f5: status=file count mismatch
2025-08-26 14:32:10,028 - INFO - [dry-run] DB set cc6a55d6-7c68-4509-8385-14bb087e153b: {'stages.odm.state': 'unknown', 'stages.odm.message': 'no success markers (log.json) and no orthophoto'}
2025-08-26 14:32:10,028 - INFO - [dry-run] DB set cc6a55d6-7c68-4509-8385-14bb087e153b: {'stages.ortho_intel.state': 'unknown', 'stages.ortho_intel.message': 'no ortho_intel artifacts'}
2025-08-26 14:32:10,068 - INFO - [dry-run] DB set 637bed33-327a-4028-b15c-f5bff07ea4bf: {'stages.odm.state': 'unknown', 'stages.odm.message': 'no success markers (log.json) and no orthophoto'}
2025-08-26 14:32:10,068 - INFO - [dry-run] DB set 637bed33-327a-4028-b15c-f5bff07ea4bf: {'stages.ortho_intel.state': 'unknown', 'stages.ortho_intel.message': 'no ortho_intel artifacts'}
2025-08-26 14:32:10,169 - INFO - [dry-run] DB set 5d630c64-a2f4-4553-aa88-072cb10267bb: {'stages.odm.state': 'unknown', 'stages.odm.message': 'no success markers (log.json) and no orthophoto'}
2025-08-26 14:32:10,169 - INFO - [dry-run] DB set 5d630c64-a2f4-4553-aa88-072cb10267bb: {'stages.ortho_intel.state': 'unknown', 'stages.ortho_intel.message': 'no ortho_intel artifacts'}
2025-08-26 14:32:10,268 - INFO - [dry-run] DB set 5f7f453b-c736-495d-8eb4-96793a80d51c: {'stages.odm.state': 'unknown', 'stages.odm.message': 'no success markers (log.json) and no orthophoto'}
2025-08-26 14:32:10,268 - INFO - [dry-run] DB set 5f7f453b-c736-495d-8eb4-96793a80d51c: {'stages.ortho_intel.state': 'unknown', 'stages.ortho_intel.message': 'no ortho_intel artifacts'}
2025-08-26 14:32:10,378 - INFO - [dry-run] DB set 2f56ff91-2a69-4b20-825d-9871a7934fe4: {'stages.odm.state': 'unknown', 'stages.odm.message': 'no success markers (log.json) and no orthophoto'}
2025-08-26 14:32:10,379 - INFO - [dry-run] DB set 2f56ff91-2a69-4b20-825d-9871a7934fe4: {'stages.ortho_intel.state': 'unknown', 'stages.ortho_intel.message': 'no ortho_intel artifacts'}
2025-08-26 14:32:10,569 - INFO - [dry-run] DB set df657d99-c00a-44e4-be4e-7287b7aa31cf: {'stages.odm.state': 'unknown', 'stages.odm.message': 'no success markers (log.json) and no orthophoto'}
2025-08-26 14:32:10,570 - INFO - [dry-run] DB set df657d99-c00a-44e4-be4e-7287b7aa31cf: {'stages.ortho_intel.state': 'unknown', 'stages.ortho_intel.message': 'no ortho_intel artifacts'}
2025-08-26 14:32:10,770 - INFO - [dry-run] DB set 9d975ff9-565b-46fa-ac1c-d47199152e35: {'stages.odm.state': 'unknown', 'stages.odm.message': 'no success markers (log.json) and no orthophoto'}
2025-08-26 14:32:10,770 - INFO - [dry-run] DB set 9d975ff9-565b-46fa-ac1c-d47199152e35: {'stages.ortho_intel.state': 'unknown', 'stages.ortho_intel.message': 'no ortho_intel artifacts'}
2025-08-26 14:32:10,933 - INFO - [dry-run] DB set 683b5f8f-3b58-40a6-ba29-4f1553160da8: {'stages.odm.state': 'unknown', 'stages.odm.message': 'no success markers (log.json) and no orthophoto'}
2025-08-26 14:32:10,934 - INFO - [dry-run] DB set 683b5f8f-3b58-40a6-ba29-4f1553160da8: {'stages.ortho_intel.state': 'unknown', 'stages.ortho_intel.message': 'no ortho_intel artifacts'}
2025-08-26 14:32:11,051 - INFO - [dry-run] DB set 5e56a4ea-a086-444f-b14b-1721b8d6ef69: {'stages.odm.state': 'unknown', 'stages.odm.message': 'no success markers (log.json) and no orthophoto'}
2025-08-26 14:32:11,051 - INFO - [dry-run] DB set 5e56a4ea-a086-444f-b14b-1721b8d6ef69: {'stages.ortho_intel.state': 'unknown', 'stages.ortho_intel.message': 'no ortho_intel artifacts'}
2025-08-26 14:32:11,192 - INFO - [dry-run] DB set e622e85b-be0f-4161-a850-0de3ea7e9f80: {'stages.odm.state': 'unknown', 'stages.odm.message': 'no success markers (log.json) and no orthophoto'}
2025-08-26 14:32:11,193 - INFO - [dry-run] DB set e622e85b-be0f-4161-a850-0de3ea7e9f80: {'stages.ortho_intel.state': 'unknown', 'stages.ortho_intel.message': 'no ortho_intel artifacts'}
2025-08-26 14:32:11,420 - INFO - [dry-run] DB set 2386b000-2ef9-455d-b8b3-91acf09f6c17: {'stages.odm.state': 'unknown', 'stages.odm.message': 'no success markers (log.json) and no orthophoto'}
2025-08-26 14:32:11,420 - INFO - [dry-run] DB set 2386b000-2ef9-455d-b8b3-91acf09f6c17: {'stages.ortho_intel.state': 'unknown', 'stages.ortho_intel.message': 'no ortho_intel artifacts'}
2025-08-26 14:32:11,500 - INFO - [dry-run] DB set 6d1ab919-ad26-4713-9757-4f852c73bdc0: {'stages.odm.state': 'unknown', 'stages.odm.message': 'no success markers (log.json) and no orthophoto'}
2025-08-26 14:32:11,500 - INFO - [dry-run] DB set 6d1ab919-ad26-4713-9757-4f852c73bdc0: {'stages.ortho_intel.state': 'unknown', 'stages.ortho_intel.message': 'no ortho_intel artifacts'}
2025-08-26 14:32:11,550 - INFO - [dry-run] DB set 30de206b-804b-4e88-9c39-37e06b0f45f7: {'stages.odm.state': 'unknown', 'stages.odm.message': 'no success markers (log.json) and no orthophoto'}
2025-08-26 14:32:11,550 - INFO - [dry-run] DB set 30de206b-804b-4e88-9c39-37e06b0f45f7: {'stages.ortho_intel.state': 'unknown', 'stages.ortho_intel.message': 'no ortho_intel artifacts'}
2025-08-26 14:32:11,746 - INFO - [dry-run] DB set 7b87faa7-badd-4d07-8ab6-6ee372ca40a0: {'stages.odm.state': 'unknown', 'stages.odm.message': 'no success markers (log.json) and no orthophoto'}
2025-08-26 14:32:11,746 - INFO - [dry-run] DB set 7b87faa7-badd-4d07-8ab6-6ee372ca40a0: {'stages.ortho_intel.state': 'unknown', 'stages.ortho_intel.message': 'no ortho_intel artifacts'}
2025-08-26 14:32:11,895 - INFO - [dry-run] DB set 55915e8e-2997-4753-8f13-24a484478831: {'stages.odm.state': 'unknown', 'stages.odm.message': 'no success markers (log.json) and no orthophoto'}
2025-08-26 14:32:11,895 - INFO - [dry-run] DB set 55915e8e-2997-4753-8f13-24a484478831: {'stages.ortho_intel.state': 'unknown', 'stages.ortho_intel.message': 'no ortho_intel artifacts'}
2025-08-26 14:32:12,340 - ERROR - 01e17e66-0e67-43f6-bc05-ccba093626aa: file count mismatch (expected 6685, found 6664)
2025-08-26 14:32:12,341 - INFO - [dry-run] DB set 01e17e66-0e67-43f6-bc05-ccba093626aa: {'stages.odm.state': 'blocked', 'stages.odm.message': 'file count mismatch (expected 6685, found 6664)'}
2025-08-26 14:32:12,341 - INFO - [dry-run] DB set 01e17e66-0e67-43f6-bc05-ccba093626aa: status=file count mismatch
2025-08-26 14:32:12,422 - INFO - [dry-run] DB set da49d5a3-5e89-454b-961d-5ab61b0f8609: {'stages.odm.state': 'unknown', 'stages.odm.message': 'no success markers (log.json) and no orthophoto'}
2025-08-26 14:32:12,422 - INFO - [dry-run] DB set da49d5a3-5e89-454b-961d-5ab61b0f8609: {'stages.ortho_intel.state': 'unknown', 'stages.ortho_intel.message': 'no ortho_intel artifacts'}
2025-08-26 14:32:12,482 - INFO - [dry-run] DB set efadd558-73c3-4102-9480-9f769e37bb54: {'stages.odm.state': 'unknown', 'stages.odm.message': 'no success markers (log.json) and no orthophoto'}
2025-08-26 14:32:12,483 - INFO - [dry-run] DB set efadd558-73c3-4102-9480-9f769e37bb54: {'stages.ortho_intel.state': 'unknown', 'stages.ortho_intel.message': 'no ortho_intel artifacts'}
2025-08-26 14:32:12,608 - INFO - [dry-run] DB set 19f87a61-fdd1-428a-9fd7-d8977654a95a: {'stages.odm.state': 'unknown', 'stages.odm.message': 'no success markers (log.json) and no orthophoto'}
2025-08-26 14:32:12,608 - INFO - [dry-run] DB set 19f87a61-fdd1-428a-9fd7-d8977654a95a: {'stages.ortho_intel.state': 'unknown', 'stages.ortho_intel.message': 'no ortho_intel artifacts'}
2025-08-26 14:32:12,762 - INFO - [dry-run] DB set 656acd35-f33f-41f7-a52d-046bb2a8a26f: {'stages.odm.state': 'unknown', 'stages.odm.message': 'no success markers (log.json) and no orthophoto'}
2025-08-26 14:32:12,762 - INFO - [dry-run] DB set 656acd35-f33f-41f7-a52d-046bb2a8a26f: {'stages.ortho_intel.state': 'unknown', 'stages.ortho_intel.message': 'no ortho_intel artifacts'}
2025-08-26 14:32:12,839 - INFO - [dry-run] DB set 407e625a-3f62-4aa3-8b0d-53969e7d55de: {'stages.odm.state': 'unknown', 'stages.odm.message': 'no success markers (log.json) and no orthophoto'}
2025-08-26 14:32:12,839 - INFO - [dry-run] DB set 407e625a-3f62-4aa3-8b0d-53969e7d55de: {'stages.ortho_intel.state': 'unknown', 'stages.ortho_intel.message': 'no ortho_intel artifacts'}
2025-08-26 14:32:12,967 - INFO - [dry-run] DB set 3e2addd9-fc66-4bfa-be8d-51f64830260b: {'stages.odm.state': 'unknown', 'stages.odm.message': 'no success markers (log.json) and no orthophoto'}
2025-08-26 14:32:12,968 - INFO - [dry-run] DB set 3e2addd9-fc66-4bfa-be8d-51f64830260b: {'stages.ortho_intel.state': 'unknown', 'stages.ortho_intel.message': 'no ortho_intel artifacts'}
2025-08-26 14:32:13,092 - INFO - [dry-run] DB set 5d263db3-a62f-4791-9148-986516e5d90a: {'stages.odm.state': 'unknown', 'stages.odm.message': 'no success markers (log.json) and no orthophoto'}
2025-08-26 14:32:13,092 - INFO - [dry-run] DB set 5d263db3-a62f-4791-9148-986516e5d90a: {'stages.ortho_intel.state': 'unknown', 'stages.ortho_intel.message': 'no ortho_intel artifacts'}
2025-08-26 14:32:13,573 - ERROR - 75478b84-90d5-48fd-8819-3d0a20744bb5: file count mismatch (expected 9338, found 9324)
2025-08-26 14:32:13,573 - INFO - [dry-run] DB set 75478b84-90d5-48fd-8819-3d0a20744bb5: {'stages.odm.state': 'blocked', 'stages.odm.message': 'file count mismatch (expected 9338, found 9324)'}
2025-08-26 14:32:13,573 - INFO - [dry-run] DB set 75478b84-90d5-48fd-8819-3d0a20744bb5: status=file count mismatch
2025-08-26 14:32:13,981 - ERROR - 30e7eae3-2038-4f16-841c-4be5100a2425: file count mismatch (expected 6419, found 6398)
2025-08-26 14:32:13,981 - INFO - [dry-run] DB set 30e7eae3-2038-4f16-841c-4be5100a2425: {'stages.odm.state': 'blocked', 'stages.odm.message': 'file count mismatch (expected 6419, found 6398)'}
2025-08-26 14:32:13,981 - INFO - [dry-run] DB set 30e7eae3-2038-4f16-841c-4be5100a2425: status=file count mismatch
2025-08-26 14:32:14,125 - INFO - [dry-run] DB set a8cc18ec-072c-4d0b-8a95-843e6b99e32f: {'stages.odm.state': 'unknown', 'stages.odm.message': 'no success markers (log.json) and no orthophoto'}
2025-08-26 14:32:14,125 - INFO - [dry-run] DB set a8cc18ec-072c-4d0b-8a95-843e6b99e32f: {'stages.ortho_intel.state': 'unknown', 'stages.ortho_intel.message': 'no ortho_intel artifacts'}
2025-08-26 14:32:14,152 - INFO - [dry-run] DB set 174036a2-afc1-4d82-b07e-eba2f8e7ce25: {'stages.odm.state': 'unknown', 'stages.odm.message': 'no success markers (log.json) and no orthophoto'}
2025-08-26 14:32:14,153 - INFO - [dry-run] DB set 174036a2-afc1-4d82-b07e-eba2f8e7ce25: {'stages.ortho_intel.state': 'unknown', 'stages.ortho_intel.message': 'no ortho_intel artifacts'}
2025-08-26 14:32:14,175 - INFO - [dry-run] DB set 4853ee87-5c96-47d1-bdd9-a1d0a1050717: {'stages.odm.state': 'unknown', 'stages.odm.message': 'no success markers (log.json) and no orthophoto'}
2025-08-26 14:32:14,175 - INFO - [dry-run] DB set 4853ee87-5c96-47d1-bdd9-a1d0a1050717: {'stages.ortho_intel.state': 'unknown', 'stages.ortho_intel.message': 'no ortho_intel artifacts'}
2025-08-26 14:32:14,285 - INFO - [dry-run] DB set 0f93329f-cd32-4327-864e-00566017be29: {'stages.odm.state': 'unknown', 'stages.odm.message': 'no success markers (log.json) and no orthophoto'}
2025-08-26 14:32:14,285 - INFO - [dry-run] DB set 0f93329f-cd32-4327-864e-00566017be29: {'stages.ortho_intel.state': 'unknown', 'stages.ortho_intel.message': 'no ortho_intel artifacts'}
2025-08-26 14:32:14,487 - INFO - [dry-run] DB set de99dc02-8c17-490a-aa14-c3e8ecae29f7: {'stages.odm.state': 'unknown', 'stages.odm.message': 'no success markers (log.json) and no orthophoto'}
2025-08-26 14:32:14,487 - INFO - [dry-run] DB set de99dc02-8c17-490a-aa14-c3e8ecae29f7: {'stages.ortho_intel.state': 'unknown', 'stages.ortho_intel.message': 'no ortho_intel artifacts'}
2025-08-26 14:32:14,613 - INFO - [dry-run] DB set f8e445b3-7033-428e-b1cd-dd0a732e19d4: {'stages.odm.state': 'unknown', 'stages.odm.message': 'no success markers (log.json) and no orthophoto'}
2025-08-26 14:32:14,613 - INFO - [dry-run] DB set f8e445b3-7033-428e-b1cd-dd0a732e19d4: {'stages.ortho_intel.state': 'unknown', 'stages.ortho_intel.message': 'no ortho_intel artifacts'}
2025-08-26 14:32:14,748 - INFO - [dry-run] DB set 833dc7ea-1677-4a16-a8a5-a40dbaa3cdd2: {'stages.odm.state': 'unknown', 'stages.odm.message': 'no success markers (log.json) and no orthophoto'}
2025-08-26 14:32:14,748 - INFO - [dry-run] DB set 833dc7ea-1677-4a16-a8a5-a40dbaa3cdd2: {'stages.ortho_intel.state': 'unknown', 'stages.ortho_intel.message': 'no ortho_intel artifacts'}
2025-08-26 14:32:14,875 - INFO - [dry-run] DB set b4f9f8d5-8451-4431-856b-daac7d9d3eb1: {'stages.odm.state': 'unknown', 'stages.odm.message': 'no success markers (log.json) and no orthophoto'}
2025-08-26 14:32:14,876 - INFO - [dry-run] DB set b4f9f8d5-8451-4431-856b-daac7d9d3eb1: {'stages.ortho_intel.state': 'unknown', 'stages.ortho_intel.message': 'no ortho_intel artifacts'}
2025-08-26 14:32:14,992 - INFO - [dry-run] DB set fa9fbca0-f330-494b-a222-28432dc74fce: {'stages.odm.state': 'unknown', 'stages.odm.message': 'no success markers (log.json) and no orthophoto'}
2025-08-26 14:32:14,992 - INFO - [dry-run] DB set fa9fbca0-f330-494b-a222-28432dc74fce: {'stages.ortho_intel.state': 'unknown', 'stages.ortho_intel.message': 'no ortho_intel artifacts'}
2025-08-26 14:32:15,022 - INFO - [dry-run] DB set 4d5eb225-e86b-4a64-9704-45e9021882ae: {'stages.odm.state': 'unknown', 'stages.odm.message': 'no success markers (log.json) and no orthophoto'}
2025-08-26 14:32:15,023 - INFO - [dry-run] DB set 4d5eb225-e86b-4a64-9704-45e9021882ae: {'stages.ortho_intel.state': 'unknown', 'stages.ortho_intel.message': 'no ortho_intel artifacts'}
2025-08-26 14:32:15,097 - INFO - [dry-run] DB set d336cc59-69bb-4fef-870b-5130d40fd65c: {'stages.odm.state': 'unknown', 'stages.odm.message': 'no success markers (log.json) and no orthophoto'}
2025-08-26 14:32:15,097 - INFO - [dry-run] DB set d336cc59-69bb-4fef-870b-5130d40fd65c: {'stages.ortho_intel.state': 'unknown', 'stages.ortho_intel.message': 'no ortho_intel artifacts'}
2025-08-26 14:32:15,131 - INFO - [dry-run] DB set 4c744db5-1b74-42c8-9280-f4614d8737e5: {'stages.odm.state': 'unknown', 'stages.odm.message': 'no success markers (log.json) and no orthophoto'}
2025-08-26 14:32:15,131 - INFO - [dry-run] DB set 4c744db5-1b74-42c8-9280-f4614d8737e5: {'stages.ortho_intel.state': 'unknown', 'stages.ortho_intel.message': 'no ortho_intel artifacts'}
2025-08-26 14:32:15,236 - INFO - [dry-run] DB set e5df5f3c-eec0-418d-b986-402e8db31166: {'stages.odm.state': 'unknown', 'stages.odm.message': 'no success markers (log.json) and no orthophoto'}
2025-08-26 14:32:15,236 - INFO - [dry-run] DB set e5df5f3c-eec0-418d-b986-402e8db31166: {'stages.ortho_intel.state': 'unknown', 'stages.ortho_intel.message': 'no ortho_intel artifacts'}
2025-08-26 14:32:15,262 - INFO - [dry-run] DB set a8e5d625-fa33-4ab1-92b3-01011e8318ec: {'stages.odm.state': 'unknown', 'stages.odm.message': 'no success markers (log.json) and no orthophoto'}
2025-08-26 14:32:15,263 - INFO - [dry-run] DB set a8e5d625-fa33-4ab1-92b3-01011e8318ec: {'stages.ortho_intel.state': 'unknown', 'stages.ortho_intel.message': 'no ortho_intel artifacts'}
2025-08-26 14:32:15,409 - INFO - [dry-run] DB set d3a97094-5a2d-4eaa-9ff4-71662649e3ca: {'stages.odm.state': 'unknown', 'stages.odm.message': 'no success markers (log.json) and no orthophoto'}
2025-08-26 14:32:15,410 - INFO - [dry-run] DB set d3a97094-5a2d-4eaa-9ff4-71662649e3ca: {'stages.ortho_intel.state': 'unknown', 'stages.ortho_intel.message': 'no ortho_intel artifacts'}
2025-08-26 14:32:15,948 - ERROR - 180128d5-a7b1-41b6-ab24-375cec741563: file count mismatch (expected 7112, found 7091)
2025-08-26 14:32:15,948 - INFO - [dry-run] DB set 180128d5-a7b1-41b6-ab24-375cec741563: {'stages.odm.state': 'blocked', 'stages.odm.message': 'file count mismatch (expected 7112, found 7091)'}
2025-08-26 14:32:15,948 - INFO - [dry-run] DB set 180128d5-a7b1-41b6-ab24-375cec741563: status=file count mismatch
2025-08-26 14:32:16,504 - ERROR - 6095c9b1-a36d-4c14-a078-6c958c1812f3: file count mismatch (expected 8862, found 8841)
2025-08-26 14:32:16,505 - INFO - [dry-run] DB set 6095c9b1-a36d-4c14-a078-6c958c1812f3: {'stages.odm.state': 'blocked', 'stages.odm.message': 'file count mismatch (expected 8862, found 8841)'}
2025-08-26 14:32:16,505 - INFO - [dry-run] DB set 6095c9b1-a36d-4c14-a078-6c958c1812f3: status=file count mismatch
2025-08-26 14:32:16,609 - INFO - [dry-run] DB set 20dba6be-0ac2-4b6b-a9fc-e8724873bf20: {'stages.odm.state': 'unknown', 'stages.odm.message': 'no success markers (log.json) and no orthophoto'}
2025-08-26 14:32:16,609 - INFO - [dry-run] DB set 20dba6be-0ac2-4b6b-a9fc-e8724873bf20: {'stages.ortho_intel.state': 'unknown', 'stages.ortho_intel.message': 'no ortho_intel artifacts'}
2025-08-26 14:32:16,759 - INFO - [dry-run] DB set 76c4e94e-0617-4d37-b178-ce9a6344d828: {'stages.odm.state': 'unknown', 'stages.odm.message': 'no success markers (log.json) and no orthophoto'}
2025-08-26 14:32:16,759 - INFO - [dry-run] DB set 76c4e94e-0617-4d37-b178-ce9a6344d828: {'stages.ortho_intel.state': 'unknown', 'stages.ortho_intel.message': 'no ortho_intel artifacts'}
2025-08-26 14:32:16,877 - INFO - [dry-run] DB set a608e726-6cef-47a8-9e59-11150509b40d: {'stages.odm.state': 'unknown', 'stages.odm.message': 'no success markers (log.json) and no orthophoto'}
2025-08-26 14:32:16,878 - INFO - [dry-run] DB set a608e726-6cef-47a8-9e59-11150509b40d: {'stages.ortho_intel.state': 'unknown', 'stages.ortho_intel.message': 'no ortho_intel artifacts'}
2025-08-26 14:32:16,895 - INFO - [dry-run] DB set 3f577274-1480-4452-8fa6-0cef893e72ce: {'stages.odm.state': 'unknown', 'stages.odm.message': 'no success markers (log.json) and no orthophoto'}
2025-08-26 14:32:16,895 - INFO - [dry-run] DB set 3f577274-1480-4452-8fa6-0cef893e72ce: {'stages.ortho_intel.state': 'unknown', 'stages.ortho_intel.message': 'no ortho_intel artifacts'}
2025-08-26 14:32:17,048 - INFO - [dry-run] DB set 762a1796-81b6-413f-843b-de4593bbb15e: {'stages.odm.state': 'unknown', 'stages.odm.message': 'no success markers (log.json) and no orthophoto'}
2025-08-26 14:32:17,049 - INFO - [dry-run] DB set 762a1796-81b6-413f-843b-de4593bbb15e: {'stages.ortho_intel.state': 'unknown', 'stages.ortho_intel.message': 'no ortho_intel artifacts'}
2025-08-26 14:32:17,162 - INFO - [dry-run] DB set 25af4794-1ccd-4d98-a7f1-e5aae92e17d5: {'stages.odm.state': 'unknown', 'stages.odm.message': 'no success markers (log.json) and no orthophoto'}
2025-08-26 14:32:17,162 - INFO - [dry-run] DB set 25af4794-1ccd-4d98-a7f1-e5aae92e17d5: {'stages.ortho_intel.state': 'unknown', 'stages.ortho_intel.message': 'no ortho_intel artifacts'}
2025-08-26 14:32:17,317 - INFO - [dry-run] DB set c1db93d9-c9fd-4aca-9110-bb6f4a657e84: {'stages.odm.state': 'unknown', 'stages.odm.message': 'no success markers (log.json) and no orthophoto'}
2025-08-26 14:32:17,317 - INFO - [dry-run] DB set c1db93d9-c9fd-4aca-9110-bb6f4a657e84: {'stages.ortho_intel.state': 'unknown', 'stages.ortho_intel.message': 'no ortho_intel artifacts'}
2025-08-26 14:32:17,399 - INFO - [dry-run] DB set b286b1e4-627e-43a6-82c3-f27da9642fdb: {'stages.odm.state': 'unknown', 'stages.odm.message': 'no success markers (log.json) and no orthophoto'}
2025-08-26 14:32:17,400 - INFO - [dry-run] DB set b286b1e4-627e-43a6-82c3-f27da9642fdb: {'stages.ortho_intel.state': 'unknown', 'stages.ortho_intel.message': 'no ortho_intel artifacts'}
2025-08-26 14:32:17,453 - INFO - [dry-run] DB set fc616913-25cf-4ace-b088-348e9dc11a2b: {'stages.odm.state': 'unknown', 'stages.odm.message': 'no success markers (log.json) and no orthophoto'}
2025-08-26 14:32:17,453 - INFO - [dry-run] DB set fc616913-25cf-4ace-b088-348e9dc11a2b: {'stages.ortho_intel.state': 'unknown', 'stages.ortho_intel.message': 'no ortho_intel artifacts'}
2025-08-26 14:32:17,758 - ERROR - 1481b835-3334-48e9-a63d-b4794c7a3a60: file count mismatch (expected 4004, found 3990)
2025-08-26 14:32:17,758 - INFO - [dry-run] DB set 1481b835-3334-48e9-a63d-b4794c7a3a60: {'stages.odm.state': 'blocked', 'stages.odm.message': 'file count mismatch (expected 4004, found 3990)'}
2025-08-26 14:32:17,758 - INFO - [dry-run] DB set 1481b835-3334-48e9-a63d-b4794c7a3a60: status=file count mismatch
2025-08-26 14:32:17,917 - INFO - [dry-run] DB set b304b19a-efcf-4a76-806f-7a299081c348: {'stages.odm.state': 'unknown', 'stages.odm.message': 'no success markers (log.json) and no orthophoto'}
2025-08-26 14:32:17,918 - INFO - [dry-run] DB set b304b19a-efcf-4a76-806f-7a299081c348: {'stages.ortho_intel.state': 'unknown', 'stages.ortho_intel.message': 'no ortho_intel artifacts'}
2025-08-26 14:32:17,944 - INFO - [dry-run] DB set 2aa81527-3544-4389-86d1-0e7bd51fee2c: {'stages.odm.state': 'unknown', 'stages.odm.message': 'no success markers (log.json) and no orthophoto'}
2025-08-26 14:32:17,944 - INFO - [dry-run] DB set 2aa81527-3544-4389-86d1-0e7bd51fee2c: {'stages.ortho_intel.state': 'unknown', 'stages.ortho_intel.message': 'no ortho_intel artifacts'}
2025-08-26 14:32:17,989 - INFO - [dry-run] DB set 33a38934-d127-4886-82c5-515fcddc416e: {'stages.odm.state': 'unknown', 'stages.odm.message': 'no success markers (log.json) and no orthophoto'}
2025-08-26 14:32:17,990 - INFO - [dry-run] DB set 33a38934-d127-4886-82c5-515fcddc416e: {'stages.ortho_intel.state': 'unknown', 'stages.ortho_intel.message': 'no ortho_intel artifacts'}
2025-08-26 14:32:18,007 - INFO - [dry-run] DB set 2bb45006-60c6-4f0f-ba33-45cc6fdb55ed: {'stages.odm.state': 'unknown', 'stages.odm.message': 'no success markers (log.json) and no orthophoto'}
2025-08-26 14:32:18,007 - INFO - [dry-run] DB set 2bb45006-60c6-4f0f-ba33-45cc6fdb55ed: {'stages.ortho_intel.state': 'unknown', 'stages.ortho_intel.message': 'no ortho_intel artifacts'}
2025-08-26 14:32:18,209 - ERROR - c5b54aad-9d4c-405b-a8df-49f2b91c363c: file count mismatch (expected 2219, found 2205)
2025-08-26 14:32:18,209 - INFO - [dry-run] DB set c5b54aad-9d4c-405b-a8df-49f2b91c363c: {'stages.odm.state': 'blocked', 'stages.odm.message': 'file count mismatch (expected 2219, found 2205)'}
2025-08-26 14:32:18,209 - INFO - [dry-run] DB set c5b54aad-9d4c-405b-a8df-49f2b91c363c: status=file count mismatch
2025-08-26 14:32:18,317 - INFO - [dry-run] DB set 727d07c8-f583-4b38-978e-e2797cc6c5d3: {'stages.odm.state': 'unknown', 'stages.odm.message': 'no success markers (log.json) and no orthophoto'}
2025-08-26 14:32:18,317 - INFO - [dry-run] DB set 727d07c8-f583-4b38-978e-e2797cc6c5d3: {'stages.ortho_intel.state': 'unknown', 'stages.ortho_intel.message': 'no ortho_intel artifacts'}
2025-08-26 14:32:18,457 - INFO - [dry-run] DB set cf599248-64e1-4e9e-8079-3db4d22a3d0f: {'stages.odm.state': 'unknown', 'stages.odm.message': 'no success markers (log.json) and no orthophoto'}
2025-08-26 14:32:18,457 - INFO - [dry-run] DB set cf599248-64e1-4e9e-8079-3db4d22a3d0f: {'stages.ortho_intel.state': 'unknown', 'stages.ortho_intel.message': 'no ortho_intel artifacts'}
2025-08-26 14:32:18,588 - INFO - [dry-run] DB set bf29b3a6-7be3-43eb-b419-7277490793e9: {'stages.odm.state': 'unknown', 'stages.odm.message': 'no success markers (log.json) and no orthophoto'}
2025-08-26 14:32:18,588 - INFO - [dry-run] DB set bf29b3a6-7be3-43eb-b419-7277490793e9: {'stages.ortho_intel.state': 'unknown', 'stages.ortho_intel.message': 'no ortho_intel artifacts'}
2025-08-26 14:32:18,727 - INFO - [dry-run] DB set d23456db-fb52-4b60-a9cf-3f9461f88d19: {'stages.odm.state': 'unknown', 'stages.odm.message': 'no success markers (log.json) and no orthophoto'}
2025-08-26 14:32:18,727 - INFO - [dry-run] DB set d23456db-fb52-4b60-a9cf-3f9461f88d19: {'stages.ortho_intel.state': 'unknown', 'stages.ortho_intel.message': 'no ortho_intel artifacts'}
2025-08-26 14:32:18,876 - INFO - [dry-run] DB set 95636012-d6ef-4823-b170-7b13df21226b: {'stages.odm.state': 'unknown', 'stages.odm.message': 'no success markers (log.json) and no orthophoto'}
2025-08-26 14:32:18,876 - INFO - [dry-run] DB set 95636012-d6ef-4823-b170-7b13df21226b: {'stages.ortho_intel.state': 'unknown', 'stages.ortho_intel.message': 'no ortho_intel artifacts'}
2025-08-26 14:32:19,045 - INFO - [dry-run] DB set 1a99048f-8750-44ff-9b89-3b5179a41b30: {'stages.odm.state': 'unknown', 'stages.odm.message': 'no success markers (log.json) and no orthophoto'}
2025-08-26 14:32:19,045 - INFO - [dry-run] DB set 1a99048f-8750-44ff-9b89-3b5179a41b30: {'stages.ortho_intel.state': 'unknown', 'stages.ortho_intel.message': 'no ortho_intel artifacts'}
2025-08-26 14:32:19,185 - INFO - [dry-run] DB set a65254ea-36e0-465c-b791-7afe972d4050: {'stages.odm.state': 'unknown', 'stages.odm.message': 'no success markers (log.json) and no orthophoto'}
2025-08-26 14:32:19,185 - INFO - [dry-run] DB set a65254ea-36e0-465c-b791-7afe972d4050: {'stages.ortho_intel.state': 'unknown', 'stages.ortho_intel.message': 'no ortho_intel artifacts'}
2025-08-26 14:32:19,245 - INFO - [dry-run] DB set e38eb35c-fa13-4aa6-9cdf-3c1f87ab9ba8: {'stages.odm.state': 'unknown', 'stages.odm.message': 'no success markers (log.json) and no orthophoto'}
2025-08-26 14:32:19,245 - INFO - [dry-run] DB set e38eb35c-fa13-4aa6-9cdf-3c1f87ab9ba8: {'stages.ortho_intel.state': 'unknown', 'stages.ortho_intel.message': 'no ortho_intel artifacts'}
2025-08-26 14:32:19,667 - ERROR - e7631886-db3f-4b9c-9388-98b1cf5d6731: file count mismatch (expected 6685, found 6664)
2025-08-26 14:32:19,667 - INFO - [dry-run] DB set e7631886-db3f-4b9c-9388-98b1cf5d6731: {'stages.odm.state': 'blocked', 'stages.odm.message': 'file count mismatch (expected 6685, found 6664)'}
2025-08-26 14:32:19,667 - INFO - [dry-run] DB set e7631886-db3f-4b9c-9388-98b1cf5d6731: status=file count mismatch
2025-08-26 14:32:19,803 - INFO - [dry-run] DB set 330b9332-747b-45e1-ad4a-a7cef4d69aa6: {'stages.odm.state': 'unknown', 'stages.odm.message': 'no success markers (log.json) and no orthophoto'}
2025-08-26 14:32:19,804 - INFO - [dry-run] DB set 330b9332-747b-45e1-ad4a-a7cef4d69aa6: {'stages.ortho_intel.state': 'unknown', 'stages.ortho_intel.message': 'no ortho_intel artifacts'}
2025-08-26 14:32:19,853 - INFO - [dry-run] DB set d3bbeb8a-5e86-4bed-a6b1-6956462aeb32: {'stages.odm.state': 'unknown', 'stages.odm.message': 'no success markers (log.json) and no orthophoto'}
2025-08-26 14:32:19,853 - INFO - [dry-run] DB set d3bbeb8a-5e86-4bed-a6b1-6956462aeb32: {'stages.ortho_intel.state': 'unknown', 'stages.ortho_intel.message': 'no ortho_intel artifacts'}
2025-08-26 14:32:19,962 - INFO - [dry-run] DB set 298230b4-b6ab-460a-a317-d3b360be38ea: {'stages.odm.state': 'unknown', 'stages.odm.message': 'no success markers (log.json) and no orthophoto'}
2025-08-26 14:32:19,962 - INFO - [dry-run] DB set 298230b4-b6ab-460a-a317-d3b360be38ea: {'stages.ortho_intel.state': 'unknown', 'stages.ortho_intel.message': 'no ortho_intel artifacts'}
2025-08-26 14:32:20,121 - INFO - [dry-run] DB set 23e0c1dd-642b-4228-99ef-f1f5303868c2: {'stages.odm.state': 'unknown', 'stages.odm.message': 'no success markers (log.json) and no orthophoto'}
2025-08-26 14:32:20,121 - INFO - [dry-run] DB set 23e0c1dd-642b-4228-99ef-f1f5303868c2: {'stages.ortho_intel.state': 'unknown', 'stages.ortho_intel.message': 'no ortho_intel artifacts'}
2025-08-26 14:32:20,185 - INFO - [dry-run] DB set 5783828e-74c8-4e86-b450-ab6b9210cc0c: {'stages.odm.state': 'unknown', 'stages.odm.message': 'no success markers (log.json) and no orthophoto'}
2025-08-26 14:32:20,185 - INFO - [dry-run] DB set 5783828e-74c8-4e86-b450-ab6b9210cc0c: {'stages.ortho_intel.state': 'unknown', 'stages.ortho_intel.message': 'no ortho_intel artifacts'}
2025-08-26 14:32:20,255 - INFO - [dry-run] DB set 2ed92943-97a9-41ca-8a2d-715e2279285d: {'stages.odm.state': 'unknown', 'stages.odm.message': 'no success markers (log.json) and no orthophoto'}
2025-08-26 14:32:20,255 - INFO - [dry-run] DB set 2ed92943-97a9-41ca-8a2d-715e2279285d: {'stages.ortho_intel.state': 'unknown', 'stages.ortho_intel.message': 'no ortho_intel artifacts'}
2025-08-26 14:32:20,331 - INFO - [dry-run] DB set 969757fb-b6b2-4242-830f-08096ae555db: {'stages.odm.state': 'unknown', 'stages.odm.message': 'no success markers (log.json) and no orthophoto'}
2025-08-26 14:32:20,332 - INFO - [dry-run] DB set 969757fb-b6b2-4242-830f-08096ae555db: {'stages.ortho_intel.state': 'unknown', 'stages.ortho_intel.message': 'no ortho_intel artifacts'}
2025-08-26 14:32:20,442 - INFO - [dry-run] DB set d9a5c188-42f4-4450-ac80-d5f850c0785e: {'stages.odm.state': 'unknown', 'stages.odm.message': 'no success markers (log.json) and no orthophoto'}
2025-08-26 14:32:20,442 - INFO - [dry-run] DB set d9a5c188-42f4-4450-ac80-d5f850c0785e: {'stages.ortho_intel.state': 'unknown', 'stages.ortho_intel.message': 'no ortho_intel artifacts'}
2025-08-26 14:32:20,607 - INFO - [dry-run] DB set 21a8a7e2-3f3d-47c1-a544-f9887f7d2a61: {'stages.odm.state': 'unknown', 'stages.odm.message': 'no success markers (log.json) and no orthophoto'}
2025-08-26 14:32:20,607 - INFO - [dry-run] DB set 21a8a7e2-3f3d-47c1-a544-f9887f7d2a61: {'stages.ortho_intel.state': 'unknown', 'stages.ortho_intel.message': 'no ortho_intel artifacts'}
2025-08-26 14:32:20,797 - INFO - [dry-run] DB set ad2fb795-3ff0-4895-a956-76baaff0a84b: {'stages.odm.state': 'unknown', 'stages.odm.message': 'no success markers (log.json) and no orthophoto'}
2025-08-26 14:32:20,797 - INFO - [dry-run] DB set ad2fb795-3ff0-4895-a956-76baaff0a84b: {'stages.ortho_intel.state': 'unknown', 'stages.ortho_intel.message': 'no ortho_intel artifacts'}
2025-08-26 14:32:20,956 - INFO - [dry-run] DB set 03ea445b-2842-4bba-86bf-38f47349040b: {'stages.odm.state': 'unknown', 'stages.odm.message': 'no success markers (log.json) and no orthophoto'}
2025-08-26 14:32:20,956 - INFO - [dry-run] DB set 03ea445b-2842-4bba-86bf-38f47349040b: {'stages.ortho_intel.state': 'unknown', 'stages.ortho_intel.message': 'no ortho_intel artifacts'}
2025-08-26 14:32:21,037 - INFO - [dry-run] DB set a5c24c02-dc1c-43a2-93c0-fc0ccde75b44: {'stages.odm.state': 'unknown', 'stages.odm.message': 'no success markers (log.json) and no orthophoto'}
2025-08-26 14:32:21,037 - INFO - [dry-run] DB set a5c24c02-dc1c-43a2-93c0-fc0ccde75b44: {'stages.ortho_intel.state': 'unknown', 'stages.ortho_intel.message': 'no ortho_intel artifacts'}
2025-08-26 14:32:21,274 - INFO - [dry-run] DB set 59424b0b-9db0-41e5-a852-df0a3035e5c0: {'stages.odm.state': 'unknown', 'stages.odm.message': 'no success markers (log.json) and no orthophoto'}
2025-08-26 14:32:21,274 - INFO - [dry-run] DB set 59424b0b-9db0-41e5-a852-df0a3035e5c0: {'stages.ortho_intel.state': 'unknown', 'stages.ortho_intel.message': 'no ortho_intel artifacts'}
2025-08-26 14:32:21,368 - INFO - [dry-run] DB set 47d68277-b5e4-4b0e-979b-217912e84052: {'stages.odm.state': 'unknown', 'stages.odm.message': 'no success markers (log.json) and no orthophoto'}
2025-08-26 14:32:21,368 - INFO - [dry-run] DB set 47d68277-b5e4-4b0e-979b-217912e84052: {'stages.ortho_intel.state': 'unknown', 'stages.ortho_intel.message': 'no ortho_intel artifacts'}
2025-08-26 14:32:21,431 - INFO - [dry-run] DB set 6553b1a6-fadf-4a2a-be37-7e22398e724d: {'stages.odm.state': 'unknown', 'stages.odm.message': 'no success markers (log.json) and no orthophoto'}
2025-08-26 14:32:21,432 - INFO - [dry-run] DB set 6553b1a6-fadf-4a2a-be37-7e22398e724d: {'stages.ortho_intel.state': 'unknown', 'stages.ortho_intel.message': 'no ortho_intel artifacts'}
2025-08-26 14:32:21,579 - INFO - [dry-run] DB set 77a62422-02b4-43c6-a273-084849badc4e: {'stages.odm.state': 'unknown', 'stages.odm.message': 'no success markers (log.json) and no orthophoto'}
2025-08-26 14:32:21,579 - INFO - [dry-run] DB set 77a62422-02b4-43c6-a273-084849badc4e: {'stages.ortho_intel.state': 'unknown', 'stages.ortho_intel.message': 'no ortho_intel artifacts'}
2025-08-26 14:32:21,708 - INFO - [dry-run] DB set c4fdbc5c-1273-4fc6-ac14-193189f71ecd: {'stages.odm.state': 'unknown', 'stages.odm.message': 'no success markers (log.json) and no orthophoto'}
2025-08-26 14:32:21,708 - INFO - [dry-run] DB set c4fdbc5c-1273-4fc6-ac14-193189f71ecd: {'stages.ortho_intel.state': 'unknown', 'stages.ortho_intel.message': 'no ortho_intel artifacts'}
2025-08-26 14:32:21,841 - INFO - [dry-run] DB set 355766de-bdcf-44a9-b378-9d2cc9649e79: {'stages.odm.state': 'unknown', 'stages.odm.message': 'no success markers (log.json) and no orthophoto'}
2025-08-26 14:32:21,841 - INFO - [dry-run] DB set 355766de-bdcf-44a9-b378-9d2cc9649e79: {'stages.ortho_intel.state': 'unknown', 'stages.ortho_intel.message': 'no ortho_intel artifacts'}
2025-08-26 14:32:21,953 - INFO - [dry-run] DB set 2e14175e-2eb1-42a7-a9ba-943d00e6ff48: {'stages.odm.state': 'unknown', 'stages.odm.message': 'no success markers (log.json) and no orthophoto'}
2025-08-26 14:32:21,954 - INFO - [dry-run] DB set 2e14175e-2eb1-42a7-a9ba-943d00e6ff48: {'stages.ortho_intel.state': 'unknown', 'stages.ortho_intel.message': 'no ortho_intel artifacts'}
2025-08-26 14:32:21,978 - INFO - [dry-run] DB set 99f5dd56-3339-41cf-8f67-c5fc8f984e9b: {'stages.odm.state': 'unknown', 'stages.odm.message': 'no success markers (log.json) and no orthophoto'}
2025-08-26 14:32:21,978 - INFO - [dry-run] DB set 99f5dd56-3339-41cf-8f67-c5fc8f984e9b: {'stages.ortho_intel.state': 'unknown', 'stages.ortho_intel.message': 'no ortho_intel artifacts'}
2025-08-26 14:32:22,002 - INFO - [dry-run] DB set 4b7bec7a-58b8-4fd7-a4e9-ca69f9abbac9: {'stages.odm.state': 'unknown', 'stages.odm.message': 'no success markers (log.json) and no orthophoto'}
2025-08-26 14:32:22,002 - INFO - [dry-run] DB set 4b7bec7a-58b8-4fd7-a4e9-ca69f9abbac9: {'stages.ortho_intel.state': 'unknown', 'stages.ortho_intel.message': 'no ortho_intel artifacts'}
2025-08-26 14:32:22,024 - INFO - [dry-run] DB set 465a5bb6-540b-4da4-b572-ed7a19c4d823: {'stages.odm.state': 'unknown', 'stages.odm.message': 'no success markers (log.json) and no orthophoto'}
2025-08-26 14:32:22,024 - INFO - [dry-run] DB set 465a5bb6-540b-4da4-b572-ed7a19c4d823: {'stages.ortho_intel.state': 'unknown', 'stages.ortho_intel.message': 'no ortho_intel artifacts'}
2025-08-26 14:32:22,190 - INFO - [dry-run] DB set e8951074-5212-4695-9df8-706692636e40: {'stages.odm.state': 'unknown', 'stages.odm.message': 'no success markers (log.json) and no orthophoto'}
2025-08-26 14:32:22,190 - INFO - [dry-run] DB set e8951074-5212-4695-9df8-706692636e40: {'stages.ortho_intel.state': 'unknown', 'stages.ortho_intel.message': 'no ortho_intel artifacts'}
2025-08-26 14:32:22,300 - INFO - [dry-run] DB set dba4dd9a-85cd-4ff7-96ff-9af5b0e4dead: {'stages.odm.state': 'unknown', 'stages.odm.message': 'no success markers (log.json) and no orthophoto'}
2025-08-26 14:32:22,300 - INFO - [dry-run] DB set dba4dd9a-85cd-4ff7-96ff-9af5b0e4dead: {'stages.ortho_intel.state': 'unknown', 'stages.ortho_intel.message': 'no ortho_intel artifacts'}
2025-08-26 14:32:22,314 - INFO - [dry-run] DB set cd06013c-4afa-4fe4-9d7b-c22526f1cae7: {'stages.odm.state': 'unknown', 'stages.odm.message': 'no success markers (log.json) and no orthophoto'}
2025-08-26 14:32:22,314 - INFO - [dry-run] DB set cd06013c-4afa-4fe4-9d7b-c22526f1cae7: {'stages.ortho_intel.state': 'unknown', 'stages.ortho_intel.message': 'no ortho_intel artifacts'}
2025-08-26 14:32:22,394 - INFO - [dry-run] DB set 9135ce8d-7b5a-4e8a-8fb0-0ef7b41e2c1b: {'stages.odm.state': 'unknown', 'stages.odm.message': 'no success markers (log.json) and no orthophoto'}
2025-08-26 14:32:22,395 - INFO - [dry-run] DB set 9135ce8d-7b5a-4e8a-8fb0-0ef7b41e2c1b: {'stages.ortho_intel.state': 'unknown', 'stages.ortho_intel.message': 'no ortho_intel artifacts'}
2025-08-26 14:32:22,488 - INFO - [dry-run] DB set 8bde1cb8-f843-43ce-bc4f-146f081513e6: {'stages.odm.state': 'unknown', 'stages.odm.message': 'no success markers (log.json) and no orthophoto'}
2025-08-26 14:32:22,488 - INFO - [dry-run] DB set 8bde1cb8-f843-43ce-bc4f-146f081513e6: {'stages.ortho_intel.state': 'unknown', 'stages.ortho_intel.message': 'no ortho_intel artifacts'}
2025-08-26 14:32:22,610 - INFO - [dry-run] DB set 8af68feb-a854-4a71-9f12-434723e5dde3: {'stages.odm.state': 'unknown', 'stages.odm.message': 'no success markers (log.json) and no orthophoto'}
2025-08-26 14:32:22,610 - INFO - [dry-run] DB set 8af68feb-a854-4a71-9f12-434723e5dde3: {'stages.ortho_intel.state': 'unknown', 'stages.ortho_intel.message': 'no ortho_intel artifacts'}
2025-08-26 14:32:22,740 - INFO - [dry-run] DB set e65d8d33-4a02-4178-8e9c-0de3ba59138f: {'stages.odm.state': 'unknown', 'stages.odm.message': 'no success markers (log.json) and no orthophoto'}
2025-08-26 14:32:22,740 - INFO - [dry-run] DB set e65d8d33-4a02-4178-8e9c-0de3ba59138f: {'stages.ortho_intel.state': 'unknown', 'stages.ortho_intel.message': 'no ortho_intel artifacts'}
2025-08-26 14:32:22,867 - INFO - [dry-run] DB set cc8aaa96-4265-49a7-afc5-d74a4b08c411: {'stages.odm.state': 'unknown', 'stages.odm.message': 'no success markers (log.json) and no orthophoto'}
2025-08-26 14:32:22,867 - INFO - [dry-run] DB set cc8aaa96-4265-49a7-afc5-d74a4b08c411: {'stages.ortho_intel.state': 'unknown', 'stages.ortho_intel.message': 'no ortho_intel artifacts'}
2025-08-26 14:32:22,887 - INFO - [dry-run] DB set f152431b-5162-45c2-a3eb-3c0a828d0664: {'stages.odm.state': 'unknown', 'stages.odm.message': 'no success markers (log.json) and no orthophoto'}
2025-08-26 14:32:22,888 - INFO - [dry-run] DB set f152431b-5162-45c2-a3eb-3c0a828d0664: {'stages.ortho_intel.state': 'unknown', 'stages.ortho_intel.message': 'no ortho_intel artifacts'}
2025-08-26 14:32:22,946 - INFO - [dry-run] DB set 5fd04440-13dd-45a2-915f-89aafbb33f39: {'stages.odm.state': 'unknown', 'stages.odm.message': 'no success markers (log.json) and no orthophoto'}
2025-08-26 14:32:22,946 - INFO - [dry-run] DB set 5fd04440-13dd-45a2-915f-89aafbb33f39: {'stages.ortho_intel.state': 'unknown', 'stages.ortho_intel.message': 'no ortho_intel artifacts'}
2025-08-26 14:32:23,079 - INFO - [dry-run] DB set e7540fd4-b069-4825-b917-19373efa6395: {'stages.odm.state': 'unknown', 'stages.odm.message': 'no success markers (log.json) and no orthophoto'}
2025-08-26 14:32:23,079 - INFO - [dry-run] DB set e7540fd4-b069-4825-b917-19373efa6395: {'stages.ortho_intel.state': 'unknown', 'stages.ortho_intel.message': 'no ortho_intel artifacts'}
2025-08-26 14:32:23,190 - INFO - [dry-run] DB set 597863c5-0e8d-4765-8529-c48d4fb1a859: {'stages.odm.state': 'unknown', 'stages.odm.message': 'no success markers (log.json) and no orthophoto'}
2025-08-26 14:32:23,190 - INFO - [dry-run] DB set 597863c5-0e8d-4765-8529-c48d4fb1a859: {'stages.ortho_intel.state': 'unknown', 'stages.ortho_intel.message': 'no ortho_intel artifacts'}
2025-08-26 14:32:23,288 - INFO - [dry-run] DB set 52087031-79b6-4681-a2e7-9af06a1a09b2: {'stages.odm.state': 'unknown', 'stages.odm.message': 'no success markers (log.json) and no orthophoto'}
2025-08-26 14:32:23,288 - INFO - [dry-run] DB set 52087031-79b6-4681-a2e7-9af06a1a09b2: {'stages.ortho_intel.state': 'unknown', 'stages.ortho_intel.message': 'no ortho_intel artifacts'}
2025-08-26 14:32:23,414 - INFO - [dry-run] DB set d21fdd81-cd96-4d90-ae1d-6c5411387c77: {'stages.odm.state': 'unknown', 'stages.odm.message': 'no success markers (log.json) and no orthophoto'}
2025-08-26 14:32:23,414 - INFO - [dry-run] DB set d21fdd81-cd96-4d90-ae1d-6c5411387c77: {'stages.ortho_intel.state': 'unknown', 'stages.ortho_intel.message': 'no ortho_intel artifacts'}
2025-08-26 14:32:23,468 - INFO - [dry-run] DB set 3d396b6f-e612-4b1f-b2ce-5547491b732d: {'stages.odm.state': 'unknown', 'stages.odm.message': 'no success markers (log.json) and no orthophoto'}
2025-08-26 14:32:23,469 - INFO - [dry-run] DB set 3d396b6f-e612-4b1f-b2ce-5547491b732d: {'stages.ortho_intel.state': 'unknown', 'stages.ortho_intel.message': 'no ortho_intel artifacts'}
2025-08-26 14:32:23,605 - INFO - [dry-run] DB set f446e09d-153d-4fd1-988d-41ff83f34fc2: {'stages.odm.state': 'unknown', 'stages.odm.message': 'no success markers (log.json) and no orthophoto'}
2025-08-26 14:32:23,605 - INFO - [dry-run] DB set f446e09d-153d-4fd1-988d-41ff83f34fc2: {'stages.ortho_intel.state': 'unknown', 'stages.ortho_intel.message': 'no ortho_intel artifacts'}
2025-08-26 14:32:23,678 - INFO - [dry-run] DB set bd96c39d-46c5-438f-80bc-450ce4078778: {'stages.odm.state': 'unknown', 'stages.odm.message': 'no success markers (log.json) and no orthophoto'}
2025-08-26 14:32:23,679 - INFO - [dry-run] DB set bd96c39d-46c5-438f-80bc-450ce4078778: {'stages.ortho_intel.state': 'unknown', 'stages.ortho_intel.message': 'no ortho_intel artifacts'}
2025-08-26 14:32:23,768 - INFO - [dry-run] DB set 76c9d9ad-6bb3-45af-bd47-ad927216074f: {'stages.odm.state': 'unknown', 'stages.odm.message': 'no success markers (log.json) and no orthophoto'}
2025-08-26 14:32:23,768 - INFO - [dry-run] DB set 76c9d9ad-6bb3-45af-bd47-ad927216074f: {'stages.ortho_intel.state': 'unknown', 'stages.ortho_intel.message': 'no ortho_intel artifacts'}
2025-08-26 14:32:23,855 - INFO - [dry-run] DB set f728e9cd-6d96-4a98-9f1a-c443c871e432: {'stages.odm.state': 'unknown', 'stages.odm.message': 'no success markers (log.json) and no orthophoto'}
2025-08-26 14:32:23,855 - INFO - [dry-run] DB set f728e9cd-6d96-4a98-9f1a-c443c871e432: {'stages.ortho_intel.state': 'unknown', 'stages.ortho_intel.message': 'no ortho_intel artifacts'}
2025-08-26 14:32:24,000 - INFO - [dry-run] DB set 3a5ea7e9-c9cf-44c6-9833-a36047356dbe: {'stages.odm.state': 'unknown', 'stages.odm.message': 'no success markers (log.json) and no orthophoto'}
2025-08-26 14:32:24,000 - INFO - [dry-run] DB set 3a5ea7e9-c9cf-44c6-9833-a36047356dbe: {'stages.ortho_intel.state': 'unknown', 'stages.ortho_intel.message': 'no ortho_intel artifacts'}
2025-08-26 14:32:24,025 - INFO - [dry-run] DB set 762d60e7-315f-4d5a-8eab-7f00ddb33e23: {'stages.odm.state': 'unknown', 'stages.odm.message': 'no success markers (log.json) and no orthophoto'}
2025-08-26 14:32:24,025 - INFO - [dry-run] DB set 762d60e7-315f-4d5a-8eab-7f00ddb33e23: {'stages.ortho_intel.state': 'unknown', 'stages.ortho_intel.message': 'no ortho_intel artifacts'}
2025-08-26 14:32:24,025 - INFO - Reconciled 222 flights (station=sandhills)
2025-08-26 14:37:37,738 - INFO - 047a588b-46ff-4582-8bfd-7bd5397e34e5: status None -> processed
2025-08-26 14:37:38,089 - ERROR - 3dafdf27-2805-4c55-b420-453241092c8d: file count mismatch (expected 1170, found 1171)
2025-08-26 14:37:38,464 - INFO - d66818ec-73b5-45fe-9506-d693c29dd302: status processing -> ortho generated
2025-08-26 14:37:39,221 - INFO - 69b18411-5f63-4832-91f8-46df717daf12: status processing manually -> processed
2025-08-26 14:37:39,934 - INFO - d607d7ee-6c9e-4093-9420-1974c3c93e61: status failed -> ortho generated
2025-08-26 14:37:40,366 - INFO - eea17167-e9cf-4a7a-b761-319b881053e6: status processing manually  :: intel_check_veg_index -> processed
2025-08-26 14:37:40,472 - INFO - 7fbb23c2-a323-4a6b-b4b7-c38b2c570e47: status processing manually  :: intel_check_veg_index -> processed
2025-08-26 14:37:40,562 - INFO - 83b3aae5-d56f-40d7-9e05-0b97e682c68d: status failed -> processed
2025-08-26 14:37:41,104 - INFO - d9b0589d-f2cc-4847-8c10-4e7c02622063: status processing manually  :: intel_check_veg_index -> processed
2025-08-26 14:37:41,455 - INFO - 20e183ec-5107-437e-bd8c-1821f4d86624: status processing manually  :: intel_check_veg_index -> processed
2025-08-26 14:37:41,701 - INFO - c0b21a9d-dd6a-4355-84b0-92ef9e0ac963: status processing manually  :: intel_check_veg_index -> processed
2025-08-26 14:37:41,976 - INFO - 76feb0e4-e773-4dc3-bc46-62a00907fade: status processing manually  :: intel_after_mv -> processed
2025-08-26 14:37:42,361 - ERROR - 9b1802b9-4f27-4511-9814-6e5b56d61d91: file count mismatch (expected 4004, found 3990)
2025-08-26 14:37:42,723 - INFO - 3dbb0f71-ff87-45eb-9752-7fc9b0d46b9b: status processing manually  :: intel_after_mv -> processed
2025-08-26 14:37:42,860 - INFO - 3a3ff4a7-ab15-46f9-882b-4a32111f1c1e: status processing manually  :: intel_after_mv -> processed
2025-08-26 14:37:42,995 - INFO - 0db1afad-c1f8-4f2e-92e0-8178532cddd5: status processing manually  :: intel_after_mv -> processed
2025-08-26 14:37:43,086 - INFO - 3001b4ca-61e5-43c1-bc99-2ab034fdb35d: status processing manually  :: intel_after_mv -> processed
2025-08-26 14:37:43,182 - INFO - 6fe76aef-f906-4e5e-baf3-864d7098d919: status processing manually  :: intel_after_mv -> processed
2025-08-26 14:37:43,511 - INFO - 7061ca72-5c2e-42db-9940-6d15b7c43ce6: status processing manually  :: intel_after_mv -> processed
2025-08-26 14:37:43,599 - INFO - 42abfaef-b50f-4985-b757-6a32a3682224: status processing manually  :: intel_after_mv -> processed
2025-08-26 14:37:43,824 - INFO - 83e057c5-18c2-4d77-8e5b-3b594c791760: status processing manually  :: intel_after_mv -> processed
2025-08-26 14:37:44,223 - ERROR - be52b07b-c38a-459b-ad9c-bd8765db6302: file count mismatch (expected 4004, found 3990)
2025-08-26 14:37:44,353 - ERROR - 1ca6ad71-7567-4c58-8ac9-9184b7abe5f5: file count mismatch (expected 2219, found 2205)
2025-08-26 14:37:45,101 - ERROR - 01e17e66-0e67-43f6-bc05-ccba093626aa: file count mismatch (expected 6685, found 6664)
2025-08-26 14:37:45,479 - ERROR - 75478b84-90d5-48fd-8819-3d0a20744bb5: file count mismatch (expected 9338, found 9324)
2025-08-26 14:37:45,531 - ERROR - 30e7eae3-2038-4f16-841c-4be5100a2425: file count mismatch (expected 6419, found 6398)
2025-08-26 14:37:46,306 - ERROR - 180128d5-a7b1-41b6-ab24-375cec741563: file count mismatch (expected 7112, found 7091)
2025-08-26 14:37:46,362 - ERROR - 6095c9b1-a36d-4c14-a078-6c958c1812f3: file count mismatch (expected 8862, found 8841)
2025-08-26 14:37:46,828 - ERROR - 1481b835-3334-48e9-a63d-b4794c7a3a60: file count mismatch (expected 4004, found 3990)
2025-08-26 14:37:47,067 - ERROR - c5b54aad-9d4c-405b-a8df-49f2b91c363c: file count mismatch (expected 2219, found 2205)
2025-08-26 14:37:47,498 - ERROR - e7631886-db3f-4b9c-9388-98b1cf5d6731: file count mismatch (expected 6685, found 6664)
2025-08-26 14:37:49,636 - INFO - Reconciled 222 flights (station=sandhills)
2025-08-26 14:40:56,077 - INFO - d1a0c0e4-2618-4af2-940e-111a299f5cb5: status processing -> ortho generated
2025-08-26 14:40:56,841 - ERROR - d8555f14-7217-463b-8029-93b78420eb51: file count mismatch (expected 397, found 405)
2025-08-26 14:40:57,724 - ERROR - 77599c20-29b7-4158-900a-5694e7e31db8: file count mismatch (expected 868, found 854)
2025-08-26 14:40:58,081 - ERROR - 09800191-5e5b-4504-a7ed-a19640d33a24: file count mismatch (expected 448, found 427)
2025-08-26 14:40:58,321 - ERROR - 9a7cb4aa-68de-4331-befa-4901d5db9417: file count mismatch (expected 4284, found 4263)
2025-08-26 14:40:59,284 - ERROR - 54ee29ef-482e-4c07-aa08-a496024ce886: file count mismatch (expected 2051, found 2044)
2025-08-26 14:41:00,183 - ERROR - f250bb09-84b4-4807-82b2-ba66e48f0506: file count mismatch (expected 196, found 154)
2025-08-26 14:41:01,114 - ERROR - 7902133d-e090-4493-bdda-2c73d3fe7ca6: file count mismatch (expected 3493, found 3472)
2025-08-26 14:41:01,501 - INFO - 50a81df8-e6f9-4d6e-a546-6d31b9da4deb: status processing -> processed
2025-08-26 14:41:02,080 - INFO - 683f01b2-d0cf-47e1-b70f-8b45a8be760a: status processing -> processed
2025-08-26 14:41:02,767 - INFO - 89c3cb1e-5286-48a7-9100-7646aff6edb4: status processing -> processed
2025-08-26 14:41:03,222 - INFO - 3a64d1fb-48f8-4b16-9ce9-25d91e9dfce6: status processing -> processed
2025-08-26 14:41:03,424 - INFO - ff13155c-8bca-4048-a882-e6e695e87be4: status processing -> processed
2025-08-26 14:41:03,954 - INFO - 8455d144-29c7-48ee-b700-d1065321a5c0: status processing -> processed
2025-08-26 14:41:04,427 - INFO - 7f223a43-abce-402b-8f12-4274bfb4dbb0: status processing -> processed
2025-08-26 14:41:04,623 - INFO - b6ef9267-4755-44d1-a000-59e4b0df1796: status processing -> processed
2025-08-26 14:41:04,828 - INFO - 2671bd53-6a6c-4c18-8fa7-6c425127c640: status processing -> processed
2025-08-26 14:41:04,986 - INFO - 9349a4ff-a4cf-4a41-a95d-3ed5f7082e15: status processing -> processed
2025-08-26 14:41:05,394 - INFO - ac2b0e94-ed79-4ab0-a205-a1bf2a6a5195: status processing -> processed
2025-08-26 14:41:05,581 - INFO - 74770002-452a-4a39-a890-9f8fa2ccd8da: status processing -> processed
2025-08-26 14:41:05,879 - INFO - 2287f3f7-fdc2-4cf8-bd2b-3056d7bb3e4c: status processing -> processed
2025-08-26 14:41:06,184 - INFO - 13d5404e-a5a4-4d4e-9e31-2e4f07ed827a: status processing -> processed
2025-08-26 14:41:06,479 - INFO - 755852e1-2f0e-4890-be14-21ad5f96e673: status processing -> processed
2025-08-26 14:41:07,017 - INFO - f7519d65-7648-486b-8510-3be32c3d9218: status processing -> processed
2025-08-26 14:41:07,771 - INFO - 93073946-4f4e-40a7-9759-bfac430aad48: status processing -> processed
2025-08-26 14:41:07,987 - INFO - a490e2ca-7227-41b8-8b48-614f85888c21: status processing -> processed
2025-08-26 14:41:08,233 - INFO - 82d92979-74a7-4662-a340-21746f065f71: status processing -> processed
2025-08-26 14:41:08,679 - INFO - Reconciled 80 flights (station=central)
2025-08-26 16:49:10,318 - INFO - d1a0c0e4-2618-4af2-940e-111a299f5cb5: status processing -> ortho generated
2025-08-26 16:49:10,593 - ERROR - d8555f14-7217-463b-8029-93b78420eb51: file count mismatch (expected 397, found 405)
2025-08-26 16:49:10,986 - ERROR - 77599c20-29b7-4158-900a-5694e7e31db8: file count mismatch (expected 868, found 854)
2025-08-26 16:49:11,128 - ERROR - 09800191-5e5b-4504-a7ed-a19640d33a24: file count mismatch (expected 448, found 427)
2025-08-26 16:49:11,178 - ERROR - 9a7cb4aa-68de-4331-befa-4901d5db9417: file count mismatch (expected 4284, found 4263)
2025-08-26 16:49:11,534 - ERROR - 54ee29ef-482e-4c07-aa08-a496024ce886: file count mismatch (expected 2051, found 2044)
2025-08-26 16:49:11,985 - ERROR - f250bb09-84b4-4807-82b2-ba66e48f0506: file count mismatch (expected 196, found 154)
2025-08-26 16:49:12,336 - ERROR - 7902133d-e090-4493-bdda-2c73d3fe7ca6: file count mismatch (expected 3493, found 3472)
2025-08-26 16:49:12,518 - INFO - 50a81df8-e6f9-4d6e-a546-6d31b9da4deb: status processing -> ortho generated
2025-08-26 16:49:12,782 - INFO - 683f01b2-d0cf-47e1-b70f-8b45a8be760a: status processing -> ortho generated
2025-08-26 16:49:12,962 - INFO - 880e675f-be18-4d62-b591-1a4c4075d0ad: status processed -> ortho generated
2025-08-26 16:49:13,070 - INFO - 89c3cb1e-5286-48a7-9100-7646aff6edb4: status processing -> processed
2025-08-26 16:49:13,276 - INFO - 3a64d1fb-48f8-4b16-9ce9-25d91e9dfce6: status processing -> ortho generated
2025-08-26 16:49:13,379 - INFO - ff13155c-8bca-4048-a882-e6e695e87be4: status processing -> ortho generated
2025-08-26 16:49:13,629 - INFO - 8455d144-29c7-48ee-b700-d1065321a5c0: status processing -> ortho generated
2025-08-26 16:49:13,879 - INFO - 7f223a43-abce-402b-8f12-4274bfb4dbb0: status processing -> ortho generated
2025-08-26 16:49:13,983 - INFO - b6ef9267-4755-44d1-a000-59e4b0df1796: status processing -> ortho generated
2025-08-26 16:49:14,094 - INFO - 2671bd53-6a6c-4c18-8fa7-6c425127c640: status processing -> ortho generated
2025-08-26 16:49:14,199 - INFO - 9349a4ff-a4cf-4a41-a95d-3ed5f7082e15: status processing -> ortho generated
2025-08-26 16:49:14,377 - INFO - ac2b0e94-ed79-4ab0-a205-a1bf2a6a5195: status processing -> ortho generated
2025-08-26 16:49:14,479 - INFO - 74770002-452a-4a39-a890-9f8fa2ccd8da: status processing -> ortho generated
2025-08-26 16:49:14,689 - INFO - 2287f3f7-fdc2-4cf8-bd2b-3056d7bb3e4c: status processing -> ortho generated
2025-08-26 16:49:14,867 - INFO - 13d5404e-a5a4-4d4e-9e31-2e4f07ed827a: status processing -> ortho generated
2025-08-26 16:49:14,967 - INFO - 755852e1-2f0e-4890-be14-21ad5f96e673: status processing -> ortho generated
2025-08-26 16:49:15,170 - INFO - f7519d65-7648-486b-8510-3be32c3d9218: status processing -> ortho generated
2025-08-26 16:49:15,440 - INFO - 93073946-4f4e-40a7-9759-bfac430aad48: status processing -> ortho generated
2025-08-26 16:49:15,547 - INFO - a490e2ca-7227-41b8-8b48-614f85888c21: status processing -> ortho generated
2025-08-26 16:49:15,654 - INFO - 82d92979-74a7-4662-a340-21746f065f71: status processing -> ortho generated
2025-08-26 16:49:15,767 - INFO - Reconciled 80 flights (station=central)
2025-08-26 16:51:05,334 - INFO - 047a588b-46ff-4582-8bfd-7bd5397e34e5: status None -> processed
2025-08-26 16:51:06,374 - ERROR - 3dafdf27-2805-4c55-b420-453241092c8d: file count mismatch (expected 1170, found 1171)
2025-08-26 16:51:07,503 - INFO - d66818ec-73b5-45fe-9506-d693c29dd302: status processing -> ortho generated
2025-08-26 16:51:10,290 - INFO - 69b18411-5f63-4832-91f8-46df717daf12: status processing manually -> processed
2025-08-26 16:51:12,430 - INFO - d607d7ee-6c9e-4093-9420-1974c3c93e61: status failed -> ortho generated
2025-08-26 16:51:13,163 - INFO - 86bfa146-7630-45b8-b47f-0750df44a0e0: status processed -> ortho generated
2025-08-26 16:51:14,129 - INFO - eea17167-e9cf-4a7a-b761-319b881053e6: status processing manually  :: intel_check_veg_index -> ortho generated
2025-08-26 16:51:14,371 - INFO - 7fbb23c2-a323-4a6b-b4b7-c38b2c570e47: status processing manually  :: intel_check_veg_index -> ortho generated
2025-08-26 16:51:14,585 - INFO - 83b3aae5-d56f-40d7-9e05-0b97e682c68d: status failed -> processed
2025-08-26 16:51:16,308 - INFO - d9b0589d-f2cc-4847-8c10-4e7c02622063: status processing manually  :: intel_check_veg_index -> ortho generated
2025-08-26 16:51:17,583 - INFO - 20e183ec-5107-437e-bd8c-1821f4d86624: status processing manually  :: intel_check_veg_index -> ortho generated
2025-08-26 16:51:18,220 - INFO - c0b21a9d-dd6a-4355-84b0-92ef9e0ac963: status processing manually  :: intel_check_veg_index -> ortho generated
2025-08-26 16:51:19,093 - INFO - 76feb0e4-e773-4dc3-bc46-62a00907fade: status processing manually  :: intel_after_mv -> ortho generated
2025-08-26 16:51:20,272 - ERROR - 9b1802b9-4f27-4511-9814-6e5b56d61d91: file count mismatch (expected 4004, found 3990)
2025-08-26 16:51:21,297 - INFO - 3dbb0f71-ff87-45eb-9752-7fc9b0d46b9b: status processing manually  :: intel_after_mv -> ortho generated
2025-08-26 16:51:21,717 - INFO - 3a3ff4a7-ab15-46f9-882b-4a32111f1c1e: status processing manually  :: intel_after_mv -> ortho generated
2025-08-26 16:51:22,240 - INFO - 0db1afad-c1f8-4f2e-92e0-8178532cddd5: status processing manually  :: intel_after_mv -> ortho generated
2025-08-26 16:51:22,501 - INFO - 3001b4ca-61e5-43c1-bc99-2ab034fdb35d: status processing manually  :: intel_after_mv -> ortho generated
2025-08-26 16:51:22,768 - INFO - 6fe76aef-f906-4e5e-baf3-864d7098d919: status processing manually  :: intel_after_mv -> ortho generated
2025-08-26 16:51:24,031 - INFO - 7061ca72-5c2e-42db-9940-6d15b7c43ce6: status processing manually  :: intel_after_mv -> ortho generated
2025-08-26 16:51:24,333 - INFO - 42abfaef-b50f-4985-b757-6a32a3682224: status processing manually  :: intel_after_mv -> ortho generated
2025-08-26 16:51:24,922 - INFO - 83e057c5-18c2-4d77-8e5b-3b594c791760: status processing manually  :: intel_after_mv -> ortho generated
2025-08-26 16:51:26,406 - ERROR - be52b07b-c38a-459b-ad9c-bd8765db6302: file count mismatch (expected 4004, found 3990)
2025-08-26 16:51:26,831 - ERROR - 1ca6ad71-7567-4c58-8ac9-9184b7abe5f5: file count mismatch (expected 2219, found 2205)
2025-08-26 16:51:29,949 - ERROR - 01e17e66-0e67-43f6-bc05-ccba093626aa: file count mismatch (expected 6685, found 6664)
2025-08-26 16:51:31,588 - ERROR - 75478b84-90d5-48fd-8819-3d0a20744bb5: file count mismatch (expected 9338, found 9324)
2025-08-26 16:51:32,079 - ERROR - 30e7eae3-2038-4f16-841c-4be5100a2425: file count mismatch (expected 6419, found 6398)
2025-08-26 16:51:34,904 - ERROR - 180128d5-a7b1-41b6-ab24-375cec741563: file count mismatch (expected 7112, found 7091)
2025-08-26 16:51:35,505 - ERROR - 6095c9b1-a36d-4c14-a078-6c958c1812f3: file count mismatch (expected 8862, found 8841)
2025-08-26 16:51:37,314 - ERROR - 1481b835-3334-48e9-a63d-b4794c7a3a60: file count mismatch (expected 4004, found 3990)
2025-08-26 16:51:38,134 - ERROR - c5b54aad-9d4c-405b-a8df-49f2b91c363c: file count mismatch (expected 2219, found 2205)
2025-08-26 16:51:40,160 - ERROR - e7631886-db3f-4b9c-9388-98b1cf5d6731: file count mismatch (expected 6685, found 6664)
2025-08-26 16:51:47,662 - INFO - Reconciled 222 flights (station=sandhills)
2025-08-27 12:13:08,896 - ERROR - d8555f14-7217-463b-8029-93b78420eb51: file count mismatch (expected 397, found 405)
2025-08-27 12:13:11,004 - ERROR - 77599c20-29b7-4158-900a-5694e7e31db8: file count mismatch (expected 868, found 854)
2025-08-27 12:13:11,557 - ERROR - 09800191-5e5b-4504-a7ed-a19640d33a24: file count mismatch (expected 448, found 427)
2025-08-27 12:13:12,853 - ERROR - 9a7cb4aa-68de-4331-befa-4901d5db9417: file count mismatch (expected 4284, found 4263)
2025-08-27 12:13:15,693 - ERROR - 54ee29ef-482e-4c07-aa08-a496024ce886: file count mismatch (expected 2051, found 2044)
2025-08-27 12:13:17,858 - ERROR - f250bb09-84b4-4807-82b2-ba66e48f0506: file count mismatch (expected 196, found 154)
2025-08-27 12:13:20,046 - ERROR - 7902133d-e090-4493-bdda-2c73d3fe7ca6: file count mismatch (expected 3493, found 3472)
2025-08-27 12:13:43,269 - INFO - Reconciled 80 flights (station=central)
2025-09-02 09:51:00,939 - INFO - finalize: moving code/odm_georeferencing -> odm_georeferencing
2025-09-02 09:51:00,939 - INFO - finalize: moving code/img_list.txt -> img_list.txt
2025-09-02 09:51:00,940 - INFO - finalize: moving code/images.json -> images.json
2025-09-02 09:51:00,941 - INFO - finalize: moving code/benchmark.txt -> benchmark.txt
2025-09-02 09:51:00,941 - INFO - finalize: moving code/opensfm -> opensfm
2025-09-02 09:51:00,942 - INFO - finalize: moving code/cameras.json -> cameras.json
2025-09-02 09:51:00,942 - INFO - finalize: moving code/odm_filterpoints -> odm_filterpoints
2025-09-02 09:51:00,942 - INFO - finalize: moving code/odm_meshing -> odm_meshing
2025-09-02 09:51:00,943 - INFO - finalize: moving code/odm_texturing -> odm_texturing
2025-09-02 09:51:00,943 - INFO - finalize: moving code/odm_texturing_25d -> odm_texturing_25d
2025-09-02 09:51:00,944 - INFO - finalize: moving code/odm_dem -> odm_dem
2025-09-02 09:51:00,944 - INFO - finalize: moving code/odm_orthophoto -> odm_orthophoto
2025-09-02 09:51:00,944 - INFO - finalize: moving code/odm_report -> odm_report
2025-09-02 09:51:00,945 - INFO - finalize: moving code/log.json -> log.json
2025-09-02 09:51:00,945 - INFO - finalize: moving code/options.json -> options.json
2025-09-02 09:51:00,946 - INFO - [dry-run] DB set d165e269-fdb0-4daa-9900-f9c68e10d775: {'stages.odm.state': 'succeeded', 'stages.odm.ended_at': datetime.datetime(2025, 9, 2, 13, 51, 0, 946299, tzinfo=datetime.timezone.utc), 'stages.odm.message': 'log.json success=true (code/log.json)'}
2025-09-02 09:51:00,946 - INFO - [dry-run] DB set d165e269-fdb0-4daa-9900-f9c68e10d775: status=ortho generated
2025-09-02 09:51:00,946 - INFO - d165e269-fdb0-4daa-9900-f9c68e10d775: status processing -> ortho generated
2025-09-02 09:51:00,947 - INFO - [dry-run] DB set d165e269-fdb0-4daa-9900-f9c68e10d775: artifacts={'orthophoto': '/rs1/shares/cals-research-station/central/flights/d165e269-fdb0-4daa-9900-f9c68e10d775/code/odm_orthophoto/odm_orthophoto.tif'}
2025-09-02 09:51:01,120 - INFO - finalize: moving code/odm_georeferencing -> odm_georeferencing
2025-09-02 09:51:01,121 - INFO - finalize: moving code/img_list.txt -> img_list.txt
2025-09-02 09:51:01,121 - INFO - finalize: moving code/images.json -> images.json
2025-09-02 09:51:01,122 - INFO - finalize: moving code/benchmark.txt -> benchmark.txt
2025-09-02 09:51:01,122 - INFO - finalize: moving code/opensfm -> opensfm
2025-09-02 09:51:01,123 - INFO - finalize: moving code/cameras.json -> cameras.json
2025-09-02 09:51:01,123 - INFO - finalize: moving code/odm_filterpoints -> odm_filterpoints
2025-09-02 09:51:01,124 - INFO - finalize: moving code/odm_meshing -> odm_meshing
2025-09-02 09:51:01,124 - INFO - finalize: moving code/odm_texturing -> odm_texturing
2025-09-02 09:51:01,125 - INFO - finalize: moving code/odm_texturing_25d -> odm_texturing_25d
2025-09-02 09:51:01,125 - INFO - finalize: moving code/odm_dem -> odm_dem
2025-09-02 09:51:01,125 - INFO - finalize: moving code/odm_orthophoto -> odm_orthophoto
2025-09-02 09:51:01,126 - INFO - finalize: moving code/odm_report -> odm_report
2025-09-02 09:51:01,126 - INFO - finalize: moving code/log.json -> log.json
2025-09-02 09:51:01,127 - INFO - finalize: moving code/options.json -> options.json
2025-09-02 09:51:01,127 - INFO - [dry-run] DB set ad84df0c-f93b-4a47-8399-eadcb5fa5890: {'stages.odm.state': 'succeeded', 'stages.odm.ended_at': datetime.datetime(2025, 9, 2, 13, 51, 1, 127579, tzinfo=datetime.timezone.utc), 'stages.odm.message': 'log.json success=true (code/log.json)'}
2025-09-02 09:51:01,127 - INFO - [dry-run] DB set ad84df0c-f93b-4a47-8399-eadcb5fa5890: status=ortho generated
2025-09-02 09:51:01,127 - INFO - ad84df0c-f93b-4a47-8399-eadcb5fa5890: status processing -> ortho generated
2025-09-02 09:51:01,128 - INFO - [dry-run] DB set ad84df0c-f93b-4a47-8399-eadcb5fa5890: artifacts={'orthophoto': '/rs1/shares/cals-research-station/central/flights/ad84df0c-f93b-4a47-8399-eadcb5fa5890/code/odm_orthophoto/odm_orthophoto.tif'}
2025-09-02 09:51:03,290 - INFO - [dry-run] DB set d1a0c0e4-2618-4af2-940e-111a299f5cb5: artifacts={'orthophoto': '/rs1/shares/cals-research-station/central/flights/d1a0c0e4-2618-4af2-940e-111a299f5cb5/odm_orthophoto/odm_orthophoto.tif'}
2025-09-02 09:51:03,631 - INFO - finalize: moving code/odm_georeferencing -> odm_georeferencing
2025-09-02 09:51:03,631 - INFO - finalize: moving code/img_list.txt -> img_list.txt
2025-09-02 09:51:03,632 - INFO - finalize: moving code/images.json -> images.json
2025-09-02 09:51:03,633 - INFO - finalize: moving code/benchmark.txt -> benchmark.txt
2025-09-02 09:51:03,633 - INFO - finalize: moving code/opensfm -> opensfm
2025-09-02 09:51:03,634 - INFO - finalize: moving code/cameras.json -> cameras.json
2025-09-02 09:51:03,635 - INFO - finalize: moving code/odm_filterpoints -> odm_filterpoints
2025-09-02 09:51:03,636 - INFO - finalize: moving code/odm_meshing -> odm_meshing
2025-09-02 09:51:03,636 - INFO - finalize: moving code/odm_texturing -> odm_texturing
2025-09-02 09:51:03,636 - INFO - finalize: moving code/odm_texturing_25d -> odm_texturing_25d
2025-09-02 09:51:03,637 - INFO - finalize: moving code/odm_dem -> odm_dem
2025-09-02 09:51:03,637 - INFO - finalize: moving code/odm_orthophoto -> odm_orthophoto
2025-09-02 09:51:03,638 - INFO - finalize: moving code/odm_report -> odm_report
2025-09-02 09:51:03,638 - INFO - finalize: moving code/log.json -> log.json
2025-09-02 09:51:03,639 - INFO - finalize: moving code/options.json -> options.json
2025-09-02 09:51:03,640 - INFO - [dry-run] DB set 4a7c07e4-6ee4-4670-a198-f3de1af6e7f5: {'stages.odm.state': 'succeeded', 'stages.odm.ended_at': datetime.datetime(2025, 9, 2, 13, 51, 3, 640078, tzinfo=datetime.timezone.utc), 'stages.odm.message': 'log.json success=true (code/log.json)'}
2025-09-02 09:51:03,640 - INFO - [dry-run] DB set 4a7c07e4-6ee4-4670-a198-f3de1af6e7f5: status=ortho generated
2025-09-02 09:51:03,640 - INFO - 4a7c07e4-6ee4-4670-a198-f3de1af6e7f5: status processing -> ortho generated
2025-09-02 09:51:03,641 - INFO - [dry-run] DB set 4a7c07e4-6ee4-4670-a198-f3de1af6e7f5: artifacts={'orthophoto': '/rs1/shares/cals-research-station/central/flights/4a7c07e4-6ee4-4670-a198-f3de1af6e7f5/code/odm_orthophoto/odm_orthophoto.tif'}
2025-09-02 09:51:11,697 - INFO - finalize: moving code/odm_georeferencing -> odm_georeferencing
2025-09-02 09:51:11,698 - INFO - finalize: moving code/img_list.txt -> img_list.txt
2025-09-02 09:51:11,698 - INFO - finalize: moving code/images.json -> images.json
2025-09-02 09:51:11,699 - INFO - finalize: moving code/benchmark.txt -> benchmark.txt
2025-09-02 09:51:11,709 - INFO - finalize: moving code/opensfm -> opensfm
2025-09-02 09:51:11,709 - INFO - finalize: moving code/cameras.json -> cameras.json
2025-09-02 09:51:11,710 - INFO - finalize: moving code/odm_filterpoints -> odm_filterpoints
2025-09-02 09:51:11,710 - INFO - finalize: moving code/odm_meshing -> odm_meshing
2025-09-02 09:51:11,711 - INFO - finalize: moving code/odm_texturing -> odm_texturing
2025-09-02 09:51:11,711 - INFO - finalize: moving code/odm_texturing_25d -> odm_texturing_25d
2025-09-02 09:51:11,712 - INFO - finalize: moving code/odm_dem -> odm_dem
2025-09-02 09:51:11,712 - INFO - finalize: moving code/odm_orthophoto -> odm_orthophoto
2025-09-02 09:51:11,712 - INFO - finalize: moving code/odm_report -> odm_report
2025-09-02 09:51:11,713 - INFO - finalize: moving code/log.json -> log.json
2025-09-02 09:51:11,713 - INFO - finalize: moving code/options.json -> options.json
2025-09-02 09:51:11,714 - INFO - [dry-run] DB set 354c2436-9044-4d47-85f0-40e59ea46a48: {'stages.odm.state': 'succeeded', 'stages.odm.ended_at': datetime.datetime(2025, 9, 2, 13, 51, 11, 714162, tzinfo=datetime.timezone.utc), 'stages.odm.message': 'log.json success=true (code/log.json)'}
2025-09-02 09:51:11,714 - INFO - [dry-run] DB set 354c2436-9044-4d47-85f0-40e59ea46a48: status=ortho generated
2025-09-02 09:51:11,714 - INFO - 354c2436-9044-4d47-85f0-40e59ea46a48: status processing -> ortho generated
2025-09-02 09:51:11,715 - INFO - [dry-run] DB set 354c2436-9044-4d47-85f0-40e59ea46a48: artifacts={'orthophoto': '/rs1/shares/cals-research-station/central/flights/354c2436-9044-4d47-85f0-40e59ea46a48/code/odm_orthophoto/odm_orthophoto.tif'}
2025-09-02 09:51:11,756 - INFO - finalize: moving code/odm_georeferencing -> odm_georeferencing
2025-09-02 09:51:11,756 - INFO - finalize: moving code/img_list.txt -> img_list.txt
2025-09-02 09:51:11,757 - INFO - finalize: moving code/images.json -> images.json
2025-09-02 09:51:11,757 - INFO - finalize: moving code/benchmark.txt -> benchmark.txt
2025-09-02 09:51:11,758 - INFO - finalize: moving code/opensfm -> opensfm
2025-09-02 09:51:11,758 - INFO - finalize: moving code/cameras.json -> cameras.json
2025-09-02 09:51:11,758 - INFO - finalize: moving code/odm_filterpoints -> odm_filterpoints
2025-09-02 09:51:11,759 - INFO - finalize: moving code/odm_meshing -> odm_meshing
2025-09-02 09:51:11,759 - INFO - finalize: moving code/odm_texturing -> odm_texturing
2025-09-02 09:51:11,760 - INFO - finalize: moving code/odm_texturing_25d -> odm_texturing_25d
2025-09-02 09:51:11,760 - INFO - finalize: moving code/odm_dem -> odm_dem
2025-09-02 09:51:11,761 - INFO - finalize: moving code/odm_orthophoto -> odm_orthophoto
2025-09-02 09:51:11,761 - INFO - finalize: moving code/odm_report -> odm_report
2025-09-02 09:51:11,761 - INFO - finalize: moving code/log.json -> log.json
2025-09-02 09:51:11,762 - INFO - finalize: moving code/options.json -> options.json
2025-09-02 09:51:11,762 - INFO - [dry-run] DB set 0a22391a-c4be-4e84-baf6-10b162d075f5: {'stages.odm.state': 'succeeded', 'stages.odm.ended_at': datetime.datetime(2025, 9, 2, 13, 51, 11, 762855, tzinfo=datetime.timezone.utc), 'stages.odm.message': 'log.json success=true (code/log.json)'}
2025-09-02 09:51:11,763 - INFO - [dry-run] DB set 0a22391a-c4be-4e84-baf6-10b162d075f5: status=ortho generated
2025-09-02 09:51:11,763 - INFO - 0a22391a-c4be-4e84-baf6-10b162d075f5: status processing -> ortho generated
2025-09-02 09:51:11,773 - INFO - [dry-run] DB set 0a22391a-c4be-4e84-baf6-10b162d075f5: artifacts={'orthophoto': '/rs1/shares/cals-research-station/central/flights/0a22391a-c4be-4e84-baf6-10b162d075f5/code/odm_orthophoto/odm_orthophoto.tif'}
2025-09-02 09:51:11,841 - ERROR - d8555f14-7217-463b-8029-93b78420eb51: file count mismatch (expected 397, found 405)
2025-09-02 09:51:11,842 - INFO - [dry-run] DB set d8555f14-7217-463b-8029-93b78420eb51: {'stages.odm.state': 'blocked', 'stages.odm.message': 'file count mismatch (expected 397, found 405)'}
2025-09-02 09:51:11,842 - INFO - [dry-run] DB set d8555f14-7217-463b-8029-93b78420eb51: status=file count mismatch
2025-09-02 09:51:12,054 - INFO - finalize: moving code/odm_georeferencing -> odm_georeferencing
2025-09-02 09:51:12,054 - INFO - finalize: moving code/img_list.txt -> img_list.txt
2025-09-02 09:51:12,055 - INFO - finalize: moving code/images.json -> images.json
2025-09-02 09:51:12,055 - INFO - finalize: moving code/benchmark.txt -> benchmark.txt
2025-09-02 09:51:12,056 - INFO - finalize: moving code/opensfm -> opensfm
2025-09-02 09:51:12,056 - INFO - finalize: moving code/cameras.json -> cameras.json
2025-09-02 09:51:12,057 - INFO - finalize: moving code/odm_filterpoints -> odm_filterpoints
2025-09-02 09:51:12,057 - INFO - finalize: moving code/odm_meshing -> odm_meshing
2025-09-02 09:51:12,057 - INFO - finalize: moving code/odm_texturing -> odm_texturing
2025-09-02 09:51:12,058 - INFO - finalize: moving code/odm_texturing_25d -> odm_texturing_25d
2025-09-02 09:51:12,058 - INFO - finalize: moving code/odm_dem -> odm_dem
2025-09-02 09:51:12,059 - INFO - finalize: moving code/odm_orthophoto -> odm_orthophoto
2025-09-02 09:51:12,059 - INFO - finalize: moving code/odm_report -> odm_report
2025-09-02 09:51:12,059 - INFO - finalize: moving code/log.json -> log.json
2025-09-02 09:51:12,060 - INFO - finalize: moving code/options.json -> options.json
2025-09-02 09:51:12,060 - INFO - [dry-run] DB set c923b9a4-116d-4085-8c6f-8684e8353f22: {'stages.odm.state': 'succeeded', 'stages.odm.ended_at': datetime.datetime(2025, 9, 2, 13, 51, 12, 60826, tzinfo=datetime.timezone.utc), 'stages.odm.message': 'log.json success=true (code/log.json)'}
2025-09-02 09:51:12,061 - INFO - [dry-run] DB set c923b9a4-116d-4085-8c6f-8684e8353f22: status=ortho generated
2025-09-02 09:51:12,061 - INFO - c923b9a4-116d-4085-8c6f-8684e8353f22: status processing -> ortho generated
2025-09-02 09:51:12,061 - INFO - [dry-run] DB set c923b9a4-116d-4085-8c6f-8684e8353f22: artifacts={'orthophoto': '/rs1/shares/cals-research-station/central/flights/c923b9a4-116d-4085-8c6f-8684e8353f22/code/odm_orthophoto/odm_orthophoto.tif'}
2025-09-02 09:51:12,327 - INFO - finalize: moving code/odm_georeferencing -> odm_georeferencing
2025-09-02 09:51:12,327 - INFO - finalize: moving code/img_list.txt -> img_list.txt
2025-09-02 09:51:12,328 - INFO - finalize: moving code/images.json -> images.json
2025-09-02 09:51:12,328 - INFO - finalize: moving code/benchmark.txt -> benchmark.txt
2025-09-02 09:51:12,329 - INFO - finalize: moving code/opensfm -> opensfm
2025-09-02 09:51:12,329 - INFO - finalize: moving code/cameras.json -> cameras.json
2025-09-02 09:51:12,330 - INFO - finalize: moving code/odm_filterpoints -> odm_filterpoints
2025-09-02 09:51:12,330 - INFO - finalize: moving code/odm_meshing -> odm_meshing
2025-09-02 09:51:12,331 - INFO - finalize: moving code/odm_texturing -> odm_texturing
2025-09-02 09:51:12,331 - INFO - finalize: moving code/odm_texturing_25d -> odm_texturing_25d
2025-09-02 09:51:12,332 - INFO - finalize: moving code/odm_dem -> odm_dem
2025-09-02 09:51:12,332 - INFO - finalize: moving code/odm_orthophoto -> odm_orthophoto
2025-09-02 09:51:12,333 - INFO - finalize: moving code/odm_report -> odm_report
2025-09-02 09:51:12,333 - INFO - finalize: moving code/log.json -> log.json
2025-09-02 09:51:12,334 - INFO - finalize: moving code/options.json -> options.json
2025-09-02 09:51:12,334 - INFO - [dry-run] DB set 1ee1ff3a-1539-401c-bc62-cc321bf77578: {'stages.odm.state': 'succeeded', 'stages.odm.ended_at': datetime.datetime(2025, 9, 2, 13, 51, 12, 334712, tzinfo=datetime.timezone.utc), 'stages.odm.message': 'log.json success=true (code/log.json)'}
2025-09-02 09:51:12,334 - INFO - [dry-run] DB set 1ee1ff3a-1539-401c-bc62-cc321bf77578: status=ortho generated
2025-09-02 09:51:12,334 - INFO - 1ee1ff3a-1539-401c-bc62-cc321bf77578: status processing -> ortho generated
2025-09-02 09:51:12,335 - INFO - [dry-run] DB set 1ee1ff3a-1539-401c-bc62-cc321bf77578: artifacts={'orthophoto': '/rs1/shares/cals-research-station/central/flights/1ee1ff3a-1539-401c-bc62-cc321bf77578/code/odm_orthophoto/odm_orthophoto.tif'}
2025-09-02 09:51:12,487 - INFO - finalize: moving code/odm_georeferencing -> odm_georeferencing
2025-09-02 09:51:12,487 - INFO - finalize: moving code/img_list.txt -> img_list.txt
2025-09-02 09:51:12,488 - INFO - finalize: moving code/images.json -> images.json
2025-09-02 09:51:12,488 - INFO - finalize: moving code/benchmark.txt -> benchmark.txt
2025-09-02 09:51:12,489 - INFO - finalize: moving code/opensfm -> opensfm
2025-09-02 09:51:12,489 - INFO - finalize: moving code/cameras.json -> cameras.json
2025-09-02 09:51:12,490 - INFO - finalize: moving code/odm_filterpoints -> odm_filterpoints
2025-09-02 09:51:12,490 - INFO - finalize: moving code/odm_meshing -> odm_meshing
2025-09-02 09:51:12,491 - INFO - finalize: moving code/odm_texturing -> odm_texturing
2025-09-02 09:51:12,491 - INFO - finalize: moving code/odm_texturing_25d -> odm_texturing_25d
2025-09-02 09:51:12,491 - INFO - finalize: moving code/odm_dem -> odm_dem
2025-09-02 09:51:12,492 - INFO - finalize: moving code/odm_orthophoto -> odm_orthophoto
2025-09-02 09:51:12,492 - INFO - finalize: moving code/odm_report -> odm_report
2025-09-02 09:51:12,493 - INFO - finalize: moving code/log.json -> log.json
2025-09-02 09:51:12,493 - INFO - finalize: moving code/options.json -> options.json
2025-09-02 09:51:12,494 - INFO - [dry-run] DB set 982f4343-b244-4712-abe7-3edd650020cc: {'stages.odm.state': 'succeeded', 'stages.odm.ended_at': datetime.datetime(2025, 9, 2, 13, 51, 12, 493988, tzinfo=datetime.timezone.utc), 'stages.odm.message': 'log.json success=true (code/log.json)'}
2025-09-02 09:51:12,494 - INFO - [dry-run] DB set 982f4343-b244-4712-abe7-3edd650020cc: status=ortho generated
2025-09-02 09:51:12,494 - INFO - 982f4343-b244-4712-abe7-3edd650020cc: status processing -> ortho generated
2025-09-02 09:51:12,494 - INFO - [dry-run] DB set 982f4343-b244-4712-abe7-3edd650020cc: artifacts={'orthophoto': '/rs1/shares/cals-research-station/central/flights/982f4343-b244-4712-abe7-3edd650020cc/code/odm_orthophoto/odm_orthophoto.tif'}
2025-09-02 09:51:21,104 - ERROR - 77599c20-29b7-4158-900a-5694e7e31db8: file count mismatch (expected 868, found 854)
2025-09-02 09:51:21,104 - INFO - [dry-run] DB set 77599c20-29b7-4158-900a-5694e7e31db8: {'stages.odm.state': 'blocked', 'stages.odm.message': 'file count mismatch (expected 868, found 854)'}
2025-09-02 09:51:21,104 - INFO - [dry-run] DB set 77599c20-29b7-4158-900a-5694e7e31db8: status=file count mismatch
2025-09-02 09:51:23,171 - ERROR - 09800191-5e5b-4504-a7ed-a19640d33a24: file count mismatch (expected 448, found 427)
2025-09-02 09:51:23,171 - INFO - [dry-run] DB set 09800191-5e5b-4504-a7ed-a19640d33a24: {'stages.odm.state': 'blocked', 'stages.odm.message': 'file count mismatch (expected 448, found 427)'}
2025-09-02 09:51:23,171 - INFO - [dry-run] DB set 09800191-5e5b-4504-a7ed-a19640d33a24: status=file count mismatch
2025-09-02 09:51:27,851 - ERROR - 9a7cb4aa-68de-4331-befa-4901d5db9417: file count mismatch (expected 4284, found 4263)
2025-09-02 09:51:27,851 - INFO - [dry-run] DB set 9a7cb4aa-68de-4331-befa-4901d5db9417: {'stages.odm.state': 'blocked', 'stages.odm.message': 'file count mismatch (expected 4284, found 4263)'}
2025-09-02 09:51:27,851 - INFO - [dry-run] DB set 9a7cb4aa-68de-4331-befa-4901d5db9417: status=file count mismatch
2025-09-02 09:51:27,873 - INFO - finalize: moving code/odm_georeferencing -> odm_georeferencing
2025-09-02 09:51:27,874 - INFO - finalize: moving code/img_list.txt -> img_list.txt
2025-09-02 09:51:27,874 - INFO - finalize: moving code/images.json -> images.json
2025-09-02 09:51:27,875 - INFO - finalize: moving code/benchmark.txt -> benchmark.txt
2025-09-02 09:51:27,875 - INFO - finalize: moving code/opensfm -> opensfm
2025-09-02 09:51:27,876 - INFO - finalize: moving code/cameras.json -> cameras.json
2025-09-02 09:51:27,876 - INFO - finalize: moving code/odm_filterpoints -> odm_filterpoints
2025-09-02 09:51:27,877 - INFO - finalize: moving code/odm_meshing -> odm_meshing
2025-09-02 09:51:27,877 - INFO - finalize: moving code/odm_texturing -> odm_texturing
2025-09-02 09:51:27,878 - INFO - finalize: moving code/odm_texturing_25d -> odm_texturing_25d
2025-09-02 09:51:27,878 - INFO - finalize: moving code/odm_dem -> odm_dem
2025-09-02 09:51:27,878 - INFO - finalize: moving code/odm_orthophoto -> odm_orthophoto
2025-09-02 09:51:27,879 - INFO - finalize: moving code/odm_report -> odm_report
2025-09-02 09:51:27,879 - INFO - finalize: moving code/log.json -> log.json
2025-09-02 09:51:27,880 - INFO - finalize: moving code/options.json -> options.json
2025-09-02 09:51:27,880 - INFO - [dry-run] DB set 0e5339c3-c02d-4f94-a0ac-1f84a87b6496: {'stages.odm.state': 'succeeded', 'stages.odm.ended_at': datetime.datetime(2025, 9, 2, 13, 51, 27, 880476, tzinfo=datetime.timezone.utc), 'stages.odm.message': 'log.json success=true (code/log.json)'}
2025-09-02 09:51:27,880 - INFO - [dry-run] DB set 0e5339c3-c02d-4f94-a0ac-1f84a87b6496: status=ortho generated
2025-09-02 09:51:27,880 - INFO - 0e5339c3-c02d-4f94-a0ac-1f84a87b6496: status processing -> ortho generated
2025-09-02 09:51:27,881 - INFO - [dry-run] DB set 0e5339c3-c02d-4f94-a0ac-1f84a87b6496: artifacts={'orthophoto': '/rs1/shares/cals-research-station/central/flights/0e5339c3-c02d-4f94-a0ac-1f84a87b6496/code/odm_orthophoto/odm_orthophoto.tif'}
2025-09-02 09:51:29,995 - INFO - finalize: moving code/odm_georeferencing -> odm_georeferencing
2025-09-02 09:51:29,995 - INFO - finalize: moving code/img_list.txt -> img_list.txt
2025-09-02 09:51:29,996 - INFO - finalize: moving code/images.json -> images.json
2025-09-02 09:51:29,996 - INFO - finalize: moving code/benchmark.txt -> benchmark.txt
2025-09-02 09:51:29,997 - INFO - finalize: moving code/opensfm -> opensfm
2025-09-02 09:51:29,997 - INFO - finalize: moving code/cameras.json -> cameras.json
2025-09-02 09:51:29,998 - INFO - finalize: moving code/odm_filterpoints -> odm_filterpoints
2025-09-02 09:51:29,998 - INFO - finalize: moving code/odm_meshing -> odm_meshing
2025-09-02 09:51:29,998 - INFO - finalize: moving code/odm_texturing -> odm_texturing
2025-09-02 09:51:29,999 - INFO - finalize: moving code/odm_texturing_25d -> odm_texturing_25d
2025-09-02 09:51:29,999 - INFO - finalize: moving code/odm_dem -> odm_dem
2025-09-02 09:51:29,999 - INFO - finalize: moving code/odm_orthophoto -> odm_orthophoto
2025-09-02 09:51:30,000 - INFO - finalize: moving code/odm_report -> odm_report
2025-09-02 09:51:30,000 - INFO - finalize: moving code/log.json -> log.json
2025-09-02 09:51:30,001 - INFO - finalize: moving code/options.json -> options.json
2025-09-02 09:51:30,001 - INFO - [dry-run] DB set 26bbdafa-fc12-443c-9fe5-2f584565e023: {'stages.odm.state': 'succeeded', 'stages.odm.ended_at': datetime.datetime(2025, 9, 2, 13, 51, 30, 1566, tzinfo=datetime.timezone.utc), 'stages.odm.message': 'log.json success=true (code/log.json)'}
2025-09-02 09:51:30,001 - INFO - [dry-run] DB set 26bbdafa-fc12-443c-9fe5-2f584565e023: status=ortho generated
2025-09-02 09:51:30,001 - INFO - 26bbdafa-fc12-443c-9fe5-2f584565e023: status processing -> ortho generated
2025-09-02 09:51:30,002 - INFO - [dry-run] DB set 26bbdafa-fc12-443c-9fe5-2f584565e023: artifacts={'orthophoto': '/rs1/shares/cals-research-station/central/flights/26bbdafa-fc12-443c-9fe5-2f584565e023/code/odm_orthophoto/odm_orthophoto.tif'}
2025-09-02 09:51:32,593 - ERROR - 54ee29ef-482e-4c07-aa08-a496024ce886: file count mismatch (expected 2051, found 2044)
2025-09-02 09:51:32,593 - INFO - [dry-run] DB set 54ee29ef-482e-4c07-aa08-a496024ce886: {'stages.odm.state': 'blocked', 'stages.odm.message': 'file count mismatch (expected 2051, found 2044)'}
2025-09-02 09:51:32,593 - INFO - [dry-run] DB set 54ee29ef-482e-4c07-aa08-a496024ce886: status=file count mismatch
2025-09-02 09:51:33,066 - INFO - finalize: moving code/odm_georeferencing -> odm_georeferencing
2025-09-02 09:51:33,067 - INFO - finalize: moving code/img_list.txt -> img_list.txt
2025-09-02 09:51:33,067 - INFO - finalize: moving code/images.json -> images.json
2025-09-02 09:51:33,068 - INFO - finalize: moving code/benchmark.txt -> benchmark.txt
2025-09-02 09:51:33,068 - INFO - finalize: moving code/opensfm -> opensfm
2025-09-02 09:51:33,069 - INFO - finalize: moving code/cameras.json -> cameras.json
2025-09-02 09:51:33,069 - INFO - finalize: moving code/odm_filterpoints -> odm_filterpoints
2025-09-02 09:51:33,070 - INFO - finalize: moving code/odm_meshing -> odm_meshing
2025-09-02 09:51:33,070 - INFO - finalize: moving code/odm_texturing -> odm_texturing
2025-09-02 09:51:33,071 - INFO - finalize: moving code/odm_texturing_25d -> odm_texturing_25d
2025-09-02 09:51:33,071 - INFO - finalize: moving code/odm_dem -> odm_dem
2025-09-02 09:51:33,072 - INFO - finalize: moving code/odm_orthophoto -> odm_orthophoto
2025-09-02 09:51:33,072 - INFO - finalize: moving code/odm_report -> odm_report
2025-09-02 09:51:33,073 - INFO - finalize: moving code/log.json -> log.json
2025-09-02 09:51:33,073 - INFO - finalize: moving code/options.json -> options.json
2025-09-02 09:51:33,074 - INFO - [dry-run] DB set db7f5403-0958-4e66-8400-679c25930f6e: {'stages.odm.state': 'succeeded', 'stages.odm.ended_at': datetime.datetime(2025, 9, 2, 13, 51, 33, 74510, tzinfo=datetime.timezone.utc), 'stages.odm.message': 'log.json success=true (code/log.json)'}
2025-09-02 09:51:33,074 - INFO - [dry-run] DB set db7f5403-0958-4e66-8400-679c25930f6e: status=ortho generated
2025-09-02 09:51:33,074 - INFO - db7f5403-0958-4e66-8400-679c25930f6e: status processing -> ortho generated
2025-09-02 09:51:33,075 - INFO - [dry-run] DB set db7f5403-0958-4e66-8400-679c25930f6e: artifacts={'orthophoto': '/rs1/shares/cals-research-station/central/flights/db7f5403-0958-4e66-8400-679c25930f6e/code/odm_orthophoto/odm_orthophoto.tif'}
2025-09-02 09:51:34,934 - ERROR - f250bb09-84b4-4807-82b2-ba66e48f0506: file count mismatch (expected 196, found 154)
2025-09-02 09:51:34,934 - INFO - [dry-run] DB set f250bb09-84b4-4807-82b2-ba66e48f0506: {'stages.odm.state': 'blocked', 'stages.odm.message': 'file count mismatch (expected 196, found 154)'}
2025-09-02 09:51:34,934 - INFO - [dry-run] DB set f250bb09-84b4-4807-82b2-ba66e48f0506: status=file count mismatch
2025-09-02 09:51:42,121 - ERROR - 7902133d-e090-4493-bdda-2c73d3fe7ca6: file count mismatch (expected 3493, found 3472)
2025-09-02 09:51:42,121 - INFO - [dry-run] DB set 7902133d-e090-4493-bdda-2c73d3fe7ca6: {'stages.odm.state': 'blocked', 'stages.odm.message': 'file count mismatch (expected 3493, found 3472)'}
2025-09-02 09:51:42,121 - INFO - [dry-run] DB set 7902133d-e090-4493-bdda-2c73d3fe7ca6: status=file count mismatch
2025-09-02 09:51:43,490 - INFO - [dry-run] DB set 50a81df8-e6f9-4d6e-a546-6d31b9da4deb: artifacts={'orthophoto': '/rs1/shares/cals-research-station/central/flights/50a81df8-e6f9-4d6e-a546-6d31b9da4deb/odm_orthophoto/odm_orthophoto.tif', 'orthophoto_cog': '/rs1/shares/cals-research-station/central/flights/50a81df8-e6f9-4d6e-a546-6d31b9da4deb/odm_orthophoto/odm_orthophoto_cog.tif'}
2025-09-02 09:51:43,830 - INFO - [dry-run] DB set 13e71001-da3f-4904-8d91-8b1a0a8ef2e4: artifacts={'orthophoto': '/rs1/shares/cals-research-station/central/flights/13e71001-da3f-4904-8d91-8b1a0a8ef2e4/odm_orthophoto/odm_orthophoto.tif', 'orthophoto_cog': '/rs1/shares/cals-research-station/central/flights/13e71001-da3f-4904-8d91-8b1a0a8ef2e4/odm_orthophoto/odm_orthophoto_cog.tif', 'veg_indices_dir': '/rs1/shares/cals-research-station/central/flights/13e71001-da3f-4904-8d91-8b1a0a8ef2e4/veg_indices'}
2025-09-02 09:51:45,245 - INFO - [dry-run] DB set ce92b219-62fd-4af1-b21d-abaa18eae283: artifacts={'orthophoto': '/rs1/shares/cals-research-station/central/flights/ce92b219-62fd-4af1-b21d-abaa18eae283/odm_orthophoto/odm_orthophoto.tif', 'orthophoto_cog': '/rs1/shares/cals-research-station/central/flights/ce92b219-62fd-4af1-b21d-abaa18eae283/odm_orthophoto/odm_orthophoto_cog.tif', 'veg_indices_dir': '/rs1/shares/cals-research-station/central/flights/ce92b219-62fd-4af1-b21d-abaa18eae283/veg_indices'}
2025-09-02 09:51:46,715 - INFO - [dry-run] DB set 683f01b2-d0cf-47e1-b70f-8b45a8be760a: artifacts={'orthophoto': '/rs1/shares/cals-research-station/central/flights/683f01b2-d0cf-47e1-b70f-8b45a8be760a/odm_orthophoto/odm_orthophoto.tif', 'orthophoto_cog': '/rs1/shares/cals-research-station/central/flights/683f01b2-d0cf-47e1-b70f-8b45a8be760a/odm_orthophoto/odm_orthophoto_cog.tif'}
2025-09-02 09:51:46,974 - INFO - [dry-run] DB set 1d90e6cb-9924-4120-81c9-3a661b0814f1: artifacts={'orthophoto': '/rs1/shares/cals-research-station/central/flights/1d90e6cb-9924-4120-81c9-3a661b0814f1/odm_orthophoto/odm_orthophoto.tif', 'orthophoto_cog': '/rs1/shares/cals-research-station/central/flights/1d90e6cb-9924-4120-81c9-3a661b0814f1/odm_orthophoto/odm_orthophoto_cog.tif', 'veg_indices_dir': '/rs1/shares/cals-research-station/central/flights/1d90e6cb-9924-4120-81c9-3a661b0814f1/veg_indices'}
2025-09-02 09:51:47,403 - INFO - [dry-run] DB set 880e675f-be18-4d62-b591-1a4c4075d0ad: artifacts={'orthophoto': '/rs1/shares/cals-research-station/central/flights/880e675f-be18-4d62-b591-1a4c4075d0ad/odm_orthophoto/odm_orthophoto.tif', 'orthophoto_cog': '/rs1/shares/cals-research-station/central/flights/880e675f-be18-4d62-b591-1a4c4075d0ad/odm_orthophoto/odm_orthophoto_cog.tif'}
2025-09-02 09:51:48,060 - INFO - [dry-run] DB set 89c3cb1e-5286-48a7-9100-7646aff6edb4: artifacts={'orthophoto': '/rs1/shares/cals-research-station/central/flights/89c3cb1e-5286-48a7-9100-7646aff6edb4/odm_orthophoto/odm_orthophoto.tif', 'orthophoto_cog': '/rs1/shares/cals-research-station/central/flights/89c3cb1e-5286-48a7-9100-7646aff6edb4/odm_orthophoto/odm_orthophoto_cog.tif', 'veg_indices_dir': '/rs1/shares/cals-research-station/central/flights/89c3cb1e-5286-48a7-9100-7646aff6edb4/veg_indices'}
2025-09-02 09:51:49,818 - INFO - [dry-run] DB set fb1776f9-0e71-4047-aed9-d8f642c563ae: artifacts={'orthophoto': '/rs1/shares/cals-research-station/central/flights/fb1776f9-0e71-4047-aed9-d8f642c563ae/odm_orthophoto/odm_orthophoto.tif', 'orthophoto_cog': '/rs1/shares/cals-research-station/central/flights/fb1776f9-0e71-4047-aed9-d8f642c563ae/odm_orthophoto/odm_orthophoto_cog.tif', 'veg_indices_dir': '/rs1/shares/cals-research-station/central/flights/fb1776f9-0e71-4047-aed9-d8f642c563ae/veg_indices'}
2025-09-02 09:51:50,597 - INFO - [dry-run] DB set 3a64d1fb-48f8-4b16-9ce9-25d91e9dfce6: artifacts={'orthophoto': '/rs1/shares/cals-research-station/central/flights/3a64d1fb-48f8-4b16-9ce9-25d91e9dfce6/odm_orthophoto/odm_orthophoto.tif', 'orthophoto_cog': '/rs1/shares/cals-research-station/central/flights/3a64d1fb-48f8-4b16-9ce9-25d91e9dfce6/odm_orthophoto/odm_orthophoto_cog.tif'}
2025-09-02 09:51:53,791 - INFO - [dry-run] DB set ff13155c-8bca-4048-a882-e6e695e87be4: artifacts={'orthophoto': '/rs1/shares/cals-research-station/central/flights/ff13155c-8bca-4048-a882-e6e695e87be4/odm_orthophoto/odm_orthophoto.tif', 'orthophoto_cog': '/rs1/shares/cals-research-station/central/flights/ff13155c-8bca-4048-a882-e6e695e87be4/odm_orthophoto/odm_orthophoto_cog.tif'}
2025-09-02 09:51:54,988 - INFO - [dry-run] DB set f6286da4-c2cd-4b5e-bc24-01df1cd6383f: artifacts={'orthophoto': '/rs1/shares/cals-research-station/central/flights/f6286da4-c2cd-4b5e-bc24-01df1cd6383f/odm_orthophoto/odm_orthophoto.tif', 'orthophoto_cog': '/rs1/shares/cals-research-station/central/flights/f6286da4-c2cd-4b5e-bc24-01df1cd6383f/odm_orthophoto/odm_orthophoto_cog.tif', 'veg_indices_dir': '/rs1/shares/cals-research-station/central/flights/f6286da4-c2cd-4b5e-bc24-01df1cd6383f/veg_indices'}
2025-09-02 09:51:55,406 - INFO - [dry-run] DB set c60271ae-fc7f-4034-baaf-4d6382308b3b: artifacts={'orthophoto': '/rs1/shares/cals-research-station/central/flights/c60271ae-fc7f-4034-baaf-4d6382308b3b/odm_orthophoto/odm_orthophoto.tif', 'orthophoto_cog': '/rs1/shares/cals-research-station/central/flights/c60271ae-fc7f-4034-baaf-4d6382308b3b/odm_orthophoto/odm_orthophoto_cog.tif', 'veg_indices_dir': '/rs1/shares/cals-research-station/central/flights/c60271ae-fc7f-4034-baaf-4d6382308b3b/veg_indices'}
2025-09-02 09:51:59,931 - INFO - [dry-run] DB set 8455d144-29c7-48ee-b700-d1065321a5c0: artifacts={'orthophoto': '/rs1/shares/cals-research-station/central/flights/8455d144-29c7-48ee-b700-d1065321a5c0/odm_orthophoto/odm_orthophoto.tif', 'orthophoto_cog': '/rs1/shares/cals-research-station/central/flights/8455d144-29c7-48ee-b700-d1065321a5c0/odm_orthophoto/odm_orthophoto_cog.tif'}
2025-09-02 09:52:01,249 - INFO - [dry-run] DB set 0c809bb5-37c6-451f-8ddf-b06f44e70f68: artifacts={'orthophoto': '/rs1/shares/cals-research-station/central/flights/0c809bb5-37c6-451f-8ddf-b06f44e70f68/odm_orthophoto/odm_orthophoto.tif', 'orthophoto_cog': '/rs1/shares/cals-research-station/central/flights/0c809bb5-37c6-451f-8ddf-b06f44e70f68/odm_orthophoto/odm_orthophoto_cog.tif', 'veg_indices_dir': '/rs1/shares/cals-research-station/central/flights/0c809bb5-37c6-451f-8ddf-b06f44e70f68/veg_indices'}
2025-09-02 09:52:01,507 - INFO - [dry-run] DB set a532f7e7-d531-4a55-a301-e3e8330a4880: artifacts={'orthophoto': '/rs1/shares/cals-research-station/central/flights/a532f7e7-d531-4a55-a301-e3e8330a4880/odm_orthophoto/odm_orthophoto.tif', 'orthophoto_cog': '/rs1/shares/cals-research-station/central/flights/a532f7e7-d531-4a55-a301-e3e8330a4880/odm_orthophoto/odm_orthophoto_cog.tif', 'veg_indices_dir': '/rs1/shares/cals-research-station/central/flights/a532f7e7-d531-4a55-a301-e3e8330a4880/veg_indices'}
2025-09-02 09:52:03,022 - INFO - [dry-run] DB set 7f223a43-abce-402b-8f12-4274bfb4dbb0: artifacts={'orthophoto': '/rs1/shares/cals-research-station/central/flights/7f223a43-abce-402b-8f12-4274bfb4dbb0/odm_orthophoto/odm_orthophoto.tif', 'orthophoto_cog': '/rs1/shares/cals-research-station/central/flights/7f223a43-abce-402b-8f12-4274bfb4dbb0/odm_orthophoto/odm_orthophoto_cog.tif'}
2025-09-02 09:52:03,719 - INFO - [dry-run] DB set b6ef9267-4755-44d1-a000-59e4b0df1796: artifacts={'orthophoto': '/rs1/shares/cals-research-station/central/flights/b6ef9267-4755-44d1-a000-59e4b0df1796/odm_orthophoto/odm_orthophoto.tif', 'orthophoto_cog': '/rs1/shares/cals-research-station/central/flights/b6ef9267-4755-44d1-a000-59e4b0df1796/odm_orthophoto/odm_orthophoto_cog.tif'}
2025-09-02 09:52:05,046 - INFO - [dry-run] DB set 2671bd53-6a6c-4c18-8fa7-6c425127c640: artifacts={'orthophoto': '/rs1/shares/cals-research-station/central/flights/2671bd53-6a6c-4c18-8fa7-6c425127c640/odm_orthophoto/odm_orthophoto.tif', 'orthophoto_cog': '/rs1/shares/cals-research-station/central/flights/2671bd53-6a6c-4c18-8fa7-6c425127c640/odm_orthophoto/odm_orthophoto_cog.tif'}
2025-09-02 09:52:05,716 - INFO - [dry-run] DB set 9349a4ff-a4cf-4a41-a95d-3ed5f7082e15: artifacts={'orthophoto': '/rs1/shares/cals-research-station/central/flights/9349a4ff-a4cf-4a41-a95d-3ed5f7082e15/odm_orthophoto/odm_orthophoto.tif', 'orthophoto_cog': '/rs1/shares/cals-research-station/central/flights/9349a4ff-a4cf-4a41-a95d-3ed5f7082e15/odm_orthophoto/odm_orthophoto_cog.tif'}
2025-09-02 09:52:06,076 - INFO - [dry-run] DB set aba2ff08-e4c9-4b63-8f41-ebc0fd76bfe0: artifacts={'orthophoto': '/rs1/shares/cals-research-station/central/flights/aba2ff08-e4c9-4b63-8f41-ebc0fd76bfe0/odm_orthophoto/odm_orthophoto.tif', 'orthophoto_cog': '/rs1/shares/cals-research-station/central/flights/aba2ff08-e4c9-4b63-8f41-ebc0fd76bfe0/odm_orthophoto/odm_orthophoto_cog.tif', 'veg_indices_dir': '/rs1/shares/cals-research-station/central/flights/aba2ff08-e4c9-4b63-8f41-ebc0fd76bfe0/veg_indices'}
2025-09-02 09:52:06,554 - INFO - [dry-run] DB set ac2b0e94-ed79-4ab0-a205-a1bf2a6a5195: artifacts={'orthophoto': '/rs1/shares/cals-research-station/central/flights/ac2b0e94-ed79-4ab0-a205-a1bf2a6a5195/odm_orthophoto/odm_orthophoto.tif', 'orthophoto_cog': '/rs1/shares/cals-research-station/central/flights/ac2b0e94-ed79-4ab0-a205-a1bf2a6a5195/odm_orthophoto/odm_orthophoto_cog.tif'}
2025-09-02 09:52:07,332 - INFO - [dry-run] DB set 74770002-452a-4a39-a890-9f8fa2ccd8da: artifacts={'orthophoto': '/rs1/shares/cals-research-station/central/flights/74770002-452a-4a39-a890-9f8fa2ccd8da/odm_orthophoto/odm_orthophoto.tif', 'orthophoto_cog': '/rs1/shares/cals-research-station/central/flights/74770002-452a-4a39-a890-9f8fa2ccd8da/odm_orthophoto/odm_orthophoto_cog.tif'}
2025-09-02 09:52:07,522 - INFO - [dry-run] DB set be3ebd16-5cf7-4df5-9031-38de564af21f: artifacts={'orthophoto': '/rs1/shares/cals-research-station/central/flights/be3ebd16-5cf7-4df5-9031-38de564af21f/odm_orthophoto/odm_orthophoto.tif', 'orthophoto_cog': '/rs1/shares/cals-research-station/central/flights/be3ebd16-5cf7-4df5-9031-38de564af21f/odm_orthophoto/odm_orthophoto_cog.tif', 'veg_indices_dir': '/rs1/shares/cals-research-station/central/flights/be3ebd16-5cf7-4df5-9031-38de564af21f/veg_indices'}
2025-09-02 09:52:08,139 - INFO - [dry-run] DB set 2287f3f7-fdc2-4cf8-bd2b-3056d7bb3e4c: artifacts={'orthophoto': '/rs1/shares/cals-research-station/central/flights/2287f3f7-fdc2-4cf8-bd2b-3056d7bb3e4c/odm_orthophoto/odm_orthophoto.tif', 'orthophoto_cog': '/rs1/shares/cals-research-station/central/flights/2287f3f7-fdc2-4cf8-bd2b-3056d7bb3e4c/odm_orthophoto/odm_orthophoto_cog.tif'}
2025-09-02 09:52:08,321 - INFO - [dry-run] DB set d40ec761-1a87-4841-a45a-d0aae464ce8b: artifacts={'orthophoto': '/rs1/shares/cals-research-station/central/flights/d40ec761-1a87-4841-a45a-d0aae464ce8b/odm_orthophoto/odm_orthophoto.tif', 'orthophoto_cog': '/rs1/shares/cals-research-station/central/flights/d40ec761-1a87-4841-a45a-d0aae464ce8b/odm_orthophoto/odm_orthophoto_cog.tif', 'veg_indices_dir': '/rs1/shares/cals-research-station/central/flights/d40ec761-1a87-4841-a45a-d0aae464ce8b/veg_indices'}
2025-09-02 09:52:08,899 - INFO - [dry-run] DB set 13d5404e-a5a4-4d4e-9e31-2e4f07ed827a: artifacts={'orthophoto': '/rs1/shares/cals-research-station/central/flights/13d5404e-a5a4-4d4e-9e31-2e4f07ed827a/odm_orthophoto/odm_orthophoto.tif', 'orthophoto_cog': '/rs1/shares/cals-research-station/central/flights/13d5404e-a5a4-4d4e-9e31-2e4f07ed827a/odm_orthophoto/odm_orthophoto_cog.tif'}
2025-09-02 09:52:09,409 - INFO - [dry-run] DB set 755852e1-2f0e-4890-be14-21ad5f96e673: artifacts={'orthophoto': '/rs1/shares/cals-research-station/central/flights/755852e1-2f0e-4890-be14-21ad5f96e673/odm_orthophoto/odm_orthophoto.tif', 'orthophoto_cog': '/rs1/shares/cals-research-station/central/flights/755852e1-2f0e-4890-be14-21ad5f96e673/odm_orthophoto/odm_orthophoto_cog.tif'}
2025-09-02 09:52:10,152 - INFO - [dry-run] DB set aeae661b-f9bb-4f10-a8e6-5198021c71d6: artifacts={'orthophoto': '/rs1/shares/cals-research-station/central/flights/aeae661b-f9bb-4f10-a8e6-5198021c71d6/odm_orthophoto/odm_orthophoto.tif', 'orthophoto_cog': '/rs1/shares/cals-research-station/central/flights/aeae661b-f9bb-4f10-a8e6-5198021c71d6/odm_orthophoto/odm_orthophoto_cog.tif', 'veg_indices_dir': '/rs1/shares/cals-research-station/central/flights/aeae661b-f9bb-4f10-a8e6-5198021c71d6/veg_indices'}
2025-09-02 09:52:10,995 - INFO - [dry-run] DB set f7519d65-7648-486b-8510-3be32c3d9218: artifacts={'orthophoto': '/rs1/shares/cals-research-station/central/flights/f7519d65-7648-486b-8510-3be32c3d9218/odm_orthophoto/odm_orthophoto.tif', 'orthophoto_cog': '/rs1/shares/cals-research-station/central/flights/f7519d65-7648-486b-8510-3be32c3d9218/odm_orthophoto/odm_orthophoto_cog.tif'}
2025-09-02 09:52:11,189 - INFO - [dry-run] DB set fe2babbf-ab38-4aff-b06b-efe9dcb46497: artifacts={'orthophoto': '/rs1/shares/cals-research-station/central/flights/fe2babbf-ab38-4aff-b06b-efe9dcb46497/odm_orthophoto/odm_orthophoto.tif', 'orthophoto_cog': '/rs1/shares/cals-research-station/central/flights/fe2babbf-ab38-4aff-b06b-efe9dcb46497/odm_orthophoto/odm_orthophoto_cog.tif', 'veg_indices_dir': '/rs1/shares/cals-research-station/central/flights/fe2babbf-ab38-4aff-b06b-efe9dcb46497/veg_indices'}
2025-09-02 09:52:11,500 - INFO - [dry-run] DB set a4b8360f-086b-406b-85c9-d3eddd1d8944: artifacts={'orthophoto': '/rs1/shares/cals-research-station/central/flights/a4b8360f-086b-406b-85c9-d3eddd1d8944/odm_orthophoto/odm_orthophoto.tif', 'orthophoto_cog': '/rs1/shares/cals-research-station/central/flights/a4b8360f-086b-406b-85c9-d3eddd1d8944/odm_orthophoto/odm_orthophoto_cog.tif', 'veg_indices_dir': '/rs1/shares/cals-research-station/central/flights/a4b8360f-086b-406b-85c9-d3eddd1d8944/veg_indices'}
2025-09-02 09:52:13,394 - INFO - [dry-run] DB set 93073946-4f4e-40a7-9759-bfac430aad48: artifacts={'orthophoto': '/rs1/shares/cals-research-station/central/flights/93073946-4f4e-40a7-9759-bfac430aad48/odm_orthophoto/odm_orthophoto.tif', 'orthophoto_cog': '/rs1/shares/cals-research-station/central/flights/93073946-4f4e-40a7-9759-bfac430aad48/odm_orthophoto/odm_orthophoto_cog.tif'}
2025-09-02 09:52:13,924 - INFO - [dry-run] DB set a490e2ca-7227-41b8-8b48-614f85888c21: artifacts={'orthophoto': '/rs1/shares/cals-research-station/central/flights/a490e2ca-7227-41b8-8b48-614f85888c21/odm_orthophoto/odm_orthophoto.tif', 'orthophoto_cog': '/rs1/shares/cals-research-station/central/flights/a490e2ca-7227-41b8-8b48-614f85888c21/odm_orthophoto/odm_orthophoto_cog.tif'}
2025-09-02 09:52:14,827 - INFO - [dry-run] DB set 82d92979-74a7-4662-a340-21746f065f71: artifacts={'orthophoto': '/rs1/shares/cals-research-station/central/flights/82d92979-74a7-4662-a340-21746f065f71/odm_orthophoto/odm_orthophoto.tif', 'orthophoto_cog': '/rs1/shares/cals-research-station/central/flights/82d92979-74a7-4662-a340-21746f065f71/odm_orthophoto/odm_orthophoto_cog.tif'}
2025-09-02 09:52:18,302 - INFO - [dry-run] DB set 458029c2-6f78-4cd4-814d-c840f9d1a3e2: artifacts={'orthophoto': '/rs1/shares/cals-research-station/central/flights/458029c2-6f78-4cd4-814d-c840f9d1a3e2/odm_orthophoto/odm_orthophoto.tif', 'orthophoto_cog': '/rs1/shares/cals-research-station/central/flights/458029c2-6f78-4cd4-814d-c840f9d1a3e2/odm_orthophoto/odm_orthophoto_cog.tif', 'veg_indices_dir': '/rs1/shares/cals-research-station/central/flights/458029c2-6f78-4cd4-814d-c840f9d1a3e2/veg_indices'}
2025-09-02 09:52:18,302 - INFO - Reconciled 80 flights (station=central)
2025-09-02 10:06:01,857 - INFO - finalize: moving code/odm_georeferencing -> odm_georeferencing
2025-09-02 10:06:01,889 - INFO - finalize: moving code/img_list.txt -> img_list.txt
2025-09-02 10:06:01,901 - INFO - finalize: moving code/images.json -> images.json
2025-09-02 10:06:01,903 - INFO - finalize: moving code/benchmark.txt -> benchmark.txt
2025-09-02 10:06:01,924 - INFO - finalize: moving code/opensfm -> opensfm
2025-09-02 10:06:01,938 - INFO - finalize: moving code/cameras.json -> cameras.json
2025-09-02 10:06:01,939 - INFO - finalize: moving code/odm_filterpoints -> odm_filterpoints
2025-09-02 10:06:01,963 - INFO - finalize: moving code/odm_meshing -> odm_meshing
2025-09-02 10:06:01,990 - INFO - finalize: moving code/odm_texturing -> odm_texturing
2025-09-02 10:06:02,010 - INFO - finalize: moving code/odm_texturing_25d -> odm_texturing_25d
2025-09-02 10:06:02,046 - INFO - finalize: moving code/odm_dem -> odm_dem
2025-09-02 10:06:02,058 - INFO - finalize: moving code/odm_orthophoto -> odm_orthophoto
2025-09-02 10:06:02,066 - INFO - finalize: moving code/odm_report -> odm_report
2025-09-02 10:06:02,081 - INFO - finalize: moving code/log.json -> log.json
2025-09-02 10:06:02,093 - INFO - finalize: moving code/options.json -> options.json
2025-09-02 10:06:02,095 - INFO - finalize: removing empty code dir
2025-09-02 10:06:02,895 - ERROR - Error reconciling d165e269-fdb0-4daa-9900-f9c68e10d775: name 'db' is not defined
Traceback (most recent call last):
  File "/usr/local/usrapps/drones/drone-pilot-upload/ortho_processing/reconcile_flights.py", line 322, in main
    reconcile_one(col, meta, dry_run=args.dry_run, finalize=True)
  File "/usr/local/usrapps/drones/drone-pilot-upload/ortho_processing/reconcile_flights.py", line 293, in reconcile_one
    set_overall_status(fdir, fid, overall, rs, dry_run)
  File "/usr/local/usrapps/drones/drone-pilot-upload/ortho_processing/reconcile_flights.py", line 206, in set_overall_status
    db.update_one({"flight_id": fid}, {"$set": {"status": status}})
NameError: name 'db' is not defined
2025-09-02 10:06:02,977 - INFO - finalize: moving code/odm_georeferencing -> odm_georeferencing
2025-09-02 10:06:02,998 - INFO - finalize: moving code/img_list.txt -> img_list.txt
2025-09-02 10:06:03,000 - INFO - finalize: moving code/images.json -> images.json
2025-09-02 10:06:03,030 - INFO - finalize: moving code/benchmark.txt -> benchmark.txt
2025-09-02 10:06:03,041 - INFO - finalize: moving code/opensfm -> opensfm
2025-09-02 10:06:03,048 - INFO - finalize: moving code/cameras.json -> cameras.json
2025-09-02 10:06:03,059 - INFO - finalize: moving code/odm_filterpoints -> odm_filterpoints
2025-09-02 10:06:03,079 - INFO - finalize: moving code/odm_meshing -> odm_meshing
2025-09-02 10:06:03,129 - INFO - finalize: moving code/odm_texturing -> odm_texturing
2025-09-02 10:06:03,156 - INFO - finalize: moving code/odm_texturing_25d -> odm_texturing_25d
2025-09-02 10:06:03,173 - INFO - finalize: moving code/odm_dem -> odm_dem
2025-09-02 10:06:03,197 - INFO - finalize: moving code/odm_orthophoto -> odm_orthophoto
2025-09-02 10:06:03,208 - INFO - finalize: moving code/odm_report -> odm_report
2025-09-02 10:06:03,223 - INFO - finalize: moving code/log.json -> log.json
2025-09-02 10:06:03,227 - INFO - finalize: moving code/options.json -> options.json
2025-09-02 10:06:03,238 - INFO - finalize: removing empty code dir
2025-09-02 10:06:04,460 - ERROR - Error reconciling ad84df0c-f93b-4a47-8399-eadcb5fa5890: name 'db' is not defined
Traceback (most recent call last):
  File "/usr/local/usrapps/drones/drone-pilot-upload/ortho_processing/reconcile_flights.py", line 322, in main
    reconcile_one(col, meta, dry_run=args.dry_run, finalize=True)
  File "/usr/local/usrapps/drones/drone-pilot-upload/ortho_processing/reconcile_flights.py", line 293, in reconcile_one
    set_overall_status(fdir, fid, overall, rs, dry_run)
  File "/usr/local/usrapps/drones/drone-pilot-upload/ortho_processing/reconcile_flights.py", line 206, in set_overall_status
    db.update_one({"flight_id": fid}, {"$set": {"status": status}})
NameError: name 'db' is not defined
2025-09-02 10:06:04,826 - INFO - finalize: moving code/odm_georeferencing -> odm_georeferencing
2025-09-02 10:06:04,858 - INFO - finalize: moving code/img_list.txt -> img_list.txt
2025-09-02 10:06:04,863 - INFO - finalize: moving code/images.json -> images.json
2025-09-02 10:06:04,867 - INFO - finalize: moving code/benchmark.txt -> benchmark.txt
2025-09-02 10:06:04,871 - INFO - finalize: moving code/opensfm -> opensfm
2025-09-02 10:06:04,906 - INFO - finalize: moving code/cameras.json -> cameras.json
2025-09-02 10:06:04,912 - INFO - finalize: moving code/odm_filterpoints -> odm_filterpoints
2025-09-02 10:06:46,238 - INFO - d165e269-fdb0-4daa-9900-f9c68e10d775: status processing -> ortho generated
2025-09-02 10:06:46,553 - INFO - ad84df0c-f93b-4a47-8399-eadcb5fa5890: status processing -> ortho generated
2025-09-02 10:06:46,582 - INFO - finalize: moving code/odm_meshing -> odm_meshing
2025-09-02 10:06:46,628 - INFO - finalize: moving code/odm_texturing -> odm_texturing
2025-09-02 10:06:46,646 - INFO - finalize: moving code/odm_texturing_25d -> odm_texturing_25d
2025-09-02 10:06:46,664 - INFO - finalize: moving code/odm_dem -> odm_dem
2025-09-02 10:06:46,683 - INFO - finalize: moving code/odm_orthophoto -> odm_orthophoto
2025-09-02 10:06:46,697 - INFO - finalize: moving code/odm_report -> odm_report
2025-09-02 10:06:46,709 - INFO - finalize: moving code/log.json -> log.json
2025-09-02 10:06:46,720 - INFO - finalize: moving code/options.json -> options.json
2025-09-02 10:06:46,722 - INFO - finalize: removing empty code dir
2025-09-02 10:06:50,418 - INFO - 4a7c07e4-6ee4-4670-a198-f3de1af6e7f5: status processing -> ortho generated
2025-09-02 10:06:50,995 - INFO - finalize: moving code/odm_georeferencing -> odm_georeferencing
2025-09-02 10:06:51,040 - INFO - finalize: moving code/img_list.txt -> img_list.txt
2025-09-02 10:06:51,042 - INFO - finalize: moving code/images.json -> images.json
2025-09-02 10:06:51,043 - INFO - finalize: moving code/benchmark.txt -> benchmark.txt
2025-09-02 10:06:51,045 - INFO - finalize: moving code/opensfm -> opensfm
2025-09-02 10:06:51,057 - INFO - finalize: moving code/cameras.json -> cameras.json
2025-09-02 10:06:51,058 - INFO - finalize: moving code/odm_filterpoints -> odm_filterpoints
2025-09-02 10:06:51,072 - INFO - finalize: moving code/odm_meshing -> odm_meshing
2025-09-02 10:06:51,074 - INFO - finalize: moving code/odm_texturing -> odm_texturing
2025-09-02 10:06:51,091 - INFO - finalize: moving code/odm_texturing_25d -> odm_texturing_25d
2025-09-02 10:06:51,104 - INFO - finalize: moving code/odm_dem -> odm_dem
2025-09-02 10:06:51,121 - INFO - finalize: moving code/odm_orthophoto -> odm_orthophoto
2025-09-02 10:06:51,123 - INFO - finalize: moving code/odm_report -> odm_report
2025-09-02 10:06:51,124 - INFO - finalize: moving code/log.json -> log.json
2025-09-02 10:06:51,126 - INFO - finalize: moving code/options.json -> options.json
2025-09-02 10:06:51,128 - INFO - finalize: removing empty code dir
2025-09-02 10:06:55,740 - INFO - 354c2436-9044-4d47-85f0-40e59ea46a48: status processing -> ortho generated
2025-09-02 10:06:56,298 - INFO - finalize: moving code/odm_georeferencing -> odm_georeferencing
2025-09-02 10:06:56,301 - INFO - finalize: moving code/img_list.txt -> img_list.txt
2025-09-02 10:06:56,307 - INFO - finalize: moving code/images.json -> images.json
2025-09-02 10:06:56,311 - INFO - finalize: moving code/benchmark.txt -> benchmark.txt
2025-09-02 10:06:56,312 - INFO - finalize: moving code/opensfm -> opensfm
2025-09-02 10:06:56,314 - INFO - finalize: moving code/cameras.json -> cameras.json
2025-09-02 10:06:56,316 - INFO - finalize: moving code/odm_filterpoints -> odm_filterpoints
2025-09-02 10:06:56,317 - INFO - finalize: moving code/odm_meshing -> odm_meshing
2025-09-02 10:06:56,320 - INFO - finalize: moving code/odm_texturing -> odm_texturing
2025-09-02 10:06:56,321 - INFO - finalize: moving code/odm_texturing_25d -> odm_texturing_25d
2025-09-02 10:06:56,322 - INFO - finalize: moving code/odm_dem -> odm_dem
2025-09-02 10:06:56,323 - INFO - finalize: moving code/odm_orthophoto -> odm_orthophoto
2025-09-02 10:06:56,325 - INFO - finalize: moving code/odm_report -> odm_report
2025-09-02 10:06:56,327 - INFO - finalize: moving code/log.json -> log.json
2025-09-02 10:06:56,329 - INFO - finalize: moving code/options.json -> options.json
2025-09-02 10:06:56,330 - INFO - finalize: removing empty code dir
2025-09-02 10:06:59,533 - INFO - 0a22391a-c4be-4e84-baf6-10b162d075f5: status processing -> ortho generated
2025-09-02 10:06:59,552 - ERROR - d8555f14-7217-463b-8029-93b78420eb51: file count mismatch (expected 397, found 405)
2025-09-02 10:15:10,645 - INFO - d165e269-fdb0-4daa-9900-f9c68e10d775: status processing -> ortho generated
2025-09-02 10:15:11,034 - INFO - ad84df0c-f93b-4a47-8399-eadcb5fa5890: status processing -> ortho generated
2025-09-02 10:15:11,399 - INFO - 4a7c07e4-6ee4-4670-a198-f3de1af6e7f5: status processing -> ortho generated
2025-09-02 10:15:11,692 - INFO - 354c2436-9044-4d47-85f0-40e59ea46a48: status processing -> ortho generated
2025-09-02 10:15:11,992 - INFO - 0a22391a-c4be-4e84-baf6-10b162d075f5: status processing -> ortho generated
2025-09-02 10:15:11,994 - ERROR - d8555f14-7217-463b-8029-93b78420eb51: file count mismatch (expected 397, found 405)
2025-09-02 10:15:12,925 - INFO - finalize: moving code/odm_georeferencing -> odm_georeferencing
2025-09-02 10:15:12,959 - INFO - finalize: moving code/img_list.txt -> img_list.txt
2025-09-02 10:15:12,961 - INFO - finalize: moving code/images.json -> images.json
2025-09-02 10:15:12,962 - INFO - finalize: moving code/benchmark.txt -> benchmark.txt
2025-09-02 10:15:12,964 - INFO - finalize: moving code/opensfm -> opensfm
2025-09-02 10:15:12,997 - INFO - finalize: moving code/cameras.json -> cameras.json
2025-09-02 10:15:12,998 - INFO - finalize: moving code/odm_filterpoints -> odm_filterpoints
2025-09-02 10:15:13,014 - INFO - finalize: moving code/odm_meshing -> odm_meshing
2025-09-02 10:15:13,054 - INFO - finalize: moving code/odm_texturing -> odm_texturing
2025-09-02 10:15:13,071 - INFO - finalize: moving code/odm_texturing_25d -> odm_texturing_25d
2025-09-02 10:15:13,084 - INFO - finalize: moving code/odm_dem -> odm_dem
2025-09-02 10:15:13,102 - INFO - finalize: moving code/odm_orthophoto -> odm_orthophoto
2025-09-02 10:15:13,149 - INFO - finalize: moving code/odm_report -> odm_report
2025-09-02 10:15:13,174 - INFO - finalize: moving code/log.json -> log.json
2025-09-02 10:15:13,175 - INFO - finalize: moving code/options.json -> options.json
2025-09-02 10:15:13,237 - INFO - finalize: removing empty code dir
2025-09-02 10:15:25,405 - INFO - c923b9a4-116d-4085-8c6f-8684e8353f22: status processing -> ortho generated
2025-09-02 10:15:25,604 - INFO - finalize: moving code/odm_georeferencing -> odm_georeferencing
2025-09-02 10:15:25,640 - INFO - finalize: moving code/img_list.txt -> img_list.txt
2025-09-02 10:15:25,642 - INFO - finalize: moving code/images.json -> images.json
2025-09-02 10:15:25,643 - INFO - finalize: moving code/benchmark.txt -> benchmark.txt
2025-09-02 10:15:25,655 - INFO - finalize: moving code/opensfm -> opensfm
2025-09-02 10:15:25,688 - INFO - finalize: moving code/cameras.json -> cameras.json
2025-09-02 10:15:25,719 - INFO - finalize: moving code/odm_filterpoints -> odm_filterpoints
2025-09-02 10:15:25,749 - INFO - finalize: moving code/odm_meshing -> odm_meshing
2025-09-02 10:15:25,780 - INFO - finalize: moving code/odm_texturing -> odm_texturing
2025-09-02 10:15:25,821 - INFO - finalize: moving code/odm_texturing_25d -> odm_texturing_25d
2025-09-02 10:15:25,858 - INFO - finalize: moving code/odm_dem -> odm_dem
2025-09-02 10:15:25,873 - INFO - finalize: moving code/odm_orthophoto -> odm_orthophoto
2025-09-02 10:15:25,905 - INFO - finalize: moving code/odm_report -> odm_report
2025-09-02 10:15:25,916 - INFO - finalize: moving code/log.json -> log.json
2025-09-02 10:15:25,947 - INFO - finalize: moving code/options.json -> options.json
2025-09-02 10:15:25,958 - INFO - finalize: removing empty code dir
2025-09-02 10:15:35,756 - INFO - 1ee1ff3a-1539-401c-bc62-cc321bf77578: status processing -> ortho generated
2025-09-02 10:15:36,634 - INFO - finalize: moving code/odm_georeferencing -> odm_georeferencing
2025-09-02 10:15:36,893 - INFO - finalize: moving code/img_list.txt -> img_list.txt
2025-09-02 10:15:36,895 - INFO - finalize: moving code/images.json -> images.json
2025-09-02 10:15:37,452 - INFO - finalize: moving code/benchmark.txt -> benchmark.txt
2025-09-02 10:15:37,469 - INFO - finalize: moving code/opensfm -> opensfm
2025-09-02 10:15:37,507 - INFO - finalize: moving code/cameras.json -> cameras.json
2025-09-02 10:15:37,779 - INFO - finalize: moving code/odm_filterpoints -> odm_filterpoints
2025-09-02 10:15:37,801 - INFO - finalize: moving code/odm_meshing -> odm_meshing
2025-09-02 10:15:37,831 - INFO - finalize: moving code/odm_texturing -> odm_texturing
2025-09-02 10:15:37,852 - INFO - finalize: moving code/odm_texturing_25d -> odm_texturing_25d
2025-09-02 10:15:37,880 - INFO - finalize: moving code/odm_dem -> odm_dem
2025-09-02 10:15:37,902 - INFO - finalize: moving code/odm_orthophoto -> odm_orthophoto
2025-09-02 10:15:37,930 - INFO - finalize: moving code/odm_report -> odm_report
2025-09-02 10:15:38,148 - INFO - finalize: moving code/log.json -> log.json
2025-09-02 10:15:38,199 - INFO - finalize: moving code/options.json -> options.json
2025-09-02 10:15:38,200 - INFO - finalize: removing empty code dir
2025-09-02 10:15:57,249 - INFO - 982f4343-b244-4712-abe7-3edd650020cc: status processing -> ortho generated
2025-09-02 10:15:59,465 - ERROR - 77599c20-29b7-4158-900a-5694e7e31db8: file count mismatch (expected 868, found 854)
2025-09-02 10:16:01,573 - ERROR - 09800191-5e5b-4504-a7ed-a19640d33a24: file count mismatch (expected 448, found 427)
2025-09-02 10:16:02,209 - ERROR - 9a7cb4aa-68de-4331-befa-4901d5db9417: file count mismatch (expected 4284, found 4263)
2025-09-02 10:16:03,250 - INFO - finalize: moving code/odm_georeferencing -> odm_georeferencing
2025-09-02 10:16:03,251 - INFO - finalize: moving code/img_list.txt -> img_list.txt
2025-09-02 10:16:03,253 - INFO - finalize: moving code/images.json -> images.json
2025-09-02 10:16:03,264 - INFO - finalize: moving code/benchmark.txt -> benchmark.txt
2025-09-02 10:16:03,345 - INFO - finalize: moving code/opensfm -> opensfm
2025-09-02 10:16:03,481 - INFO - finalize: moving code/cameras.json -> cameras.json
2025-09-02 10:16:04,384 - INFO - finalize: moving code/odm_filterpoints -> odm_filterpoints
2025-09-02 10:16:04,386 - INFO - finalize: moving code/odm_meshing -> odm_meshing
2025-09-02 10:16:04,387 - INFO - finalize: moving code/odm_texturing -> odm_texturing
2025-09-02 10:16:04,389 - INFO - finalize: moving code/odm_texturing_25d -> odm_texturing_25d
2025-09-02 10:16:04,391 - INFO - finalize: moving code/odm_dem -> odm_dem
2025-09-02 10:16:04,392 - INFO - finalize: moving code/odm_orthophoto -> odm_orthophoto
2025-09-02 10:16:04,477 - INFO - finalize: moving code/odm_report -> odm_report
2025-09-02 10:16:04,484 - INFO - finalize: moving code/log.json -> log.json
2025-09-02 10:16:04,487 - INFO - finalize: moving code/options.json -> options.json
2025-09-02 10:16:04,499 - INFO - finalize: removing empty code dir
2025-09-02 10:16:32,337 - INFO - 0e5339c3-c02d-4f94-a0ac-1f84a87b6496: status processing -> ortho generated
2025-09-02 10:16:33,210 - INFO - finalize: moving code/odm_georeferencing -> odm_georeferencing
2025-09-02 10:16:33,265 - INFO - finalize: moving code/img_list.txt -> img_list.txt
2025-09-02 10:16:33,267 - INFO - finalize: moving code/images.json -> images.json
2025-09-02 10:16:33,277 - INFO - finalize: moving code/benchmark.txt -> benchmark.txt
2025-09-02 10:16:33,288 - INFO - finalize: moving code/opensfm -> opensfm
2025-09-02 10:16:33,325 - INFO - finalize: moving code/cameras.json -> cameras.json
2025-09-02 10:16:33,542 - INFO - finalize: moving code/odm_filterpoints -> odm_filterpoints
2025-09-02 10:16:33,872 - INFO - finalize: moving code/odm_meshing -> odm_meshing
2025-09-02 10:16:33,874 - INFO - finalize: moving code/odm_texturing -> odm_texturing
2025-09-02 10:16:33,875 - INFO - finalize: moving code/odm_texturing_25d -> odm_texturing_25d
2025-09-02 10:16:33,877 - INFO - finalize: moving code/odm_dem -> odm_dem
2025-09-02 10:16:33,888 - INFO - finalize: moving code/odm_orthophoto -> odm_orthophoto
2025-09-02 10:16:34,351 - INFO - finalize: moving code/odm_report -> odm_report
2025-09-02 10:16:34,352 - INFO - finalize: moving code/log.json -> log.json
2025-09-02 10:16:34,354 - INFO - finalize: moving code/options.json -> options.json
2025-09-02 10:16:34,355 - INFO - finalize: removing empty code dir
2025-09-02 10:17:09,971 - INFO - 26bbdafa-fc12-443c-9fe5-2f584565e023: status processing -> ortho generated
2025-09-02 10:17:10,562 - ERROR - 54ee29ef-482e-4c07-aa08-a496024ce886: file count mismatch (expected 2051, found 2044)
2025-09-02 10:17:13,493 - INFO - finalize: moving code/odm_georeferencing -> odm_georeferencing
2025-09-02 10:17:13,511 - INFO - finalize: moving code/img_list.txt -> img_list.txt
2025-09-02 10:17:13,513 - INFO - finalize: moving code/images.json -> images.json
2025-09-02 10:17:13,515 - INFO - finalize: moving code/benchmark.txt -> benchmark.txt
2025-09-02 10:17:13,516 - INFO - finalize: moving code/opensfm -> opensfm
2025-09-02 10:17:13,517 - INFO - finalize: moving code/cameras.json -> cameras.json
2025-09-02 10:17:13,528 - INFO - finalize: moving code/odm_filterpoints -> odm_filterpoints
2025-09-02 10:17:13,575 - INFO - finalize: moving code/odm_meshing -> odm_meshing
2025-09-02 10:17:13,589 - INFO - finalize: moving code/odm_texturing -> odm_texturing
2025-09-02 10:17:13,604 - INFO - finalize: moving code/odm_texturing_25d -> odm_texturing_25d
2025-09-02 10:17:13,648 - INFO - finalize: moving code/odm_dem -> odm_dem
2025-09-02 10:17:13,673 - INFO - finalize: moving code/odm_orthophoto -> odm_orthophoto
2025-09-02 10:17:13,690 - INFO - finalize: moving code/odm_report -> odm_report
2025-09-02 10:17:13,706 - INFO - finalize: moving code/log.json -> log.json
2025-09-02 10:17:13,708 - INFO - finalize: moving code/options.json -> options.json
2025-09-02 10:17:13,709 - INFO - finalize: removing empty code dir
2025-09-02 10:17:28,074 - INFO - db7f5403-0958-4e66-8400-679c25930f6e: status processing -> ortho generated
2025-09-02 10:17:29,086 - ERROR - f250bb09-84b4-4807-82b2-ba66e48f0506: file count mismatch (expected 196, found 154)
2025-09-02 10:17:30,532 - ERROR - 7902133d-e090-4493-bdda-2c73d3fe7ca6: file count mismatch (expected 3493, found 3472)
2025-09-02 10:17:39,599 - INFO - Reconciled 80 flights (station=central)
2025-09-03 11:11:22,014 - INFO - [dry-run] DB set d165e269-fdb0-4daa-9900-f9c68e10d775: {'stages.ortho_intel.state': 'succeeded', 'stages.ortho_intel.ended_at': datetime.datetime(2025, 9, 3, 15, 11, 22, 13971, tzinfo=datetime.timezone.utc), 'stages.ortho_intel.message': 'veg_indices raster present (vari_image.tif)'}
2025-09-03 11:11:22,014 - INFO - [dry-run] DB set d165e269-fdb0-4daa-9900-f9c68e10d775: status=processed
2025-09-03 11:11:22,014 - INFO - d165e269-fdb0-4daa-9900-f9c68e10d775: status processing -> processed
2025-09-03 11:11:22,064 - INFO - [dry-run] DB set ad84df0c-f93b-4a47-8399-eadcb5fa5890: {'stages.ortho_intel.state': 'succeeded', 'stages.ortho_intel.ended_at': datetime.datetime(2025, 9, 3, 15, 11, 22, 64612, tzinfo=datetime.timezone.utc), 'stages.ortho_intel.message': 'veg_indices raster present (vari_image.tif)'}
2025-09-03 11:11:22,064 - INFO - [dry-run] DB set ad84df0c-f93b-4a47-8399-eadcb5fa5890: status=processed
2025-09-03 11:11:22,065 - INFO - ad84df0c-f93b-4a47-8399-eadcb5fa5890: status ortho generated -> processed
2025-09-03 11:11:22,969 - ERROR - d8555f14-7217-463b-8029-93b78420eb51: file count mismatch (expected 397, found 405)
2025-09-03 11:11:22,970 - INFO - [dry-run] DB set d8555f14-7217-463b-8029-93b78420eb51: {'stages.odm.state': 'blocked', 'stages.odm.message': 'file count mismatch (expected 397, found 405)'}
2025-09-03 11:11:22,970 - INFO - [dry-run] DB set d8555f14-7217-463b-8029-93b78420eb51: status=file count mismatch
2025-09-03 11:11:23,707 - INFO - finalize: moving code/odm_georeferencing -> odm_georeferencing
2025-09-03 11:11:23,708 - INFO - finalize: moving code/img_list.txt -> img_list.txt
2025-09-03 11:11:23,708 - INFO - finalize: moving code/images.json -> images.json
2025-09-03 11:11:23,709 - INFO - finalize: moving code/benchmark.txt -> benchmark.txt
2025-09-03 11:11:23,710 - INFO - finalize: moving code/opensfm -> opensfm
2025-09-03 11:11:23,710 - INFO - finalize: moving code/cameras.json -> cameras.json
2025-09-03 11:11:23,710 - INFO - finalize: moving code/odm_filterpoints -> odm_filterpoints
2025-09-03 11:11:23,711 - INFO - finalize: moving code/odm_meshing -> odm_meshing
2025-09-03 11:11:23,711 - INFO - finalize: moving code/odm_texturing -> odm_texturing
2025-09-03 11:11:23,712 - INFO - finalize: moving code/odm_texturing_25d -> odm_texturing_25d
2025-09-03 11:11:23,712 - INFO - finalize: moving code/odm_dem -> odm_dem
2025-09-03 11:11:23,712 - INFO - finalize: moving code/odm_orthophoto -> odm_orthophoto
2025-09-03 11:11:23,713 - INFO - finalize: moving code/odm_report -> odm_report
2025-09-03 11:11:23,713 - INFO - finalize: moving code/log.json -> log.json
2025-09-03 11:11:23,714 - INFO - finalize: moving code/options.json -> options.json
2025-09-03 11:11:23,714 - INFO - [dry-run] DB set f5a776df-8b43-45cc-b237-aae16b5813ef: {'stages.odm.state': 'succeeded', 'stages.odm.ended_at': datetime.datetime(2025, 9, 3, 15, 11, 23, 714620, tzinfo=datetime.timezone.utc), 'stages.odm.message': 'log.json success=true (code/log.json)'}
2025-09-03 11:11:23,714 - INFO - [dry-run] DB set f5a776df-8b43-45cc-b237-aae16b5813ef: status=ortho generated
2025-09-03 11:11:23,714 - INFO - f5a776df-8b43-45cc-b237-aae16b5813ef: status processing -> ortho generated
2025-09-03 11:11:23,919 - ERROR - 77599c20-29b7-4158-900a-5694e7e31db8: file count mismatch (expected 868, found 854)
2025-09-03 11:11:23,920 - INFO - [dry-run] DB set 77599c20-29b7-4158-900a-5694e7e31db8: {'stages.odm.state': 'blocked', 'stages.odm.message': 'file count mismatch (expected 868, found 854)'}
2025-09-03 11:11:23,920 - INFO - [dry-run] DB set 77599c20-29b7-4158-900a-5694e7e31db8: status=file count mismatch
2025-09-03 11:11:24,188 - ERROR - 09800191-5e5b-4504-a7ed-a19640d33a24: file count mismatch (expected 448, found 427)
2025-09-03 11:11:24,189 - INFO - [dry-run] DB set 09800191-5e5b-4504-a7ed-a19640d33a24: {'stages.odm.state': 'blocked', 'stages.odm.message': 'file count mismatch (expected 448, found 427)'}
2025-09-03 11:11:24,189 - INFO - [dry-run] DB set 09800191-5e5b-4504-a7ed-a19640d33a24: status=file count mismatch
2025-09-03 11:11:24,368 - ERROR - 9a7cb4aa-68de-4331-befa-4901d5db9417: file count mismatch (expected 4284, found 4263)
2025-09-03 11:11:24,368 - INFO - [dry-run] DB set 9a7cb4aa-68de-4331-befa-4901d5db9417: {'stages.odm.state': 'blocked', 'stages.odm.message': 'file count mismatch (expected 4284, found 4263)'}
2025-09-03 11:11:24,368 - INFO - [dry-run] DB set 9a7cb4aa-68de-4331-befa-4901d5db9417: status=file count mismatch
2025-09-03 11:11:25,251 - ERROR - 54ee29ef-482e-4c07-aa08-a496024ce886: file count mismatch (expected 2051, found 2044)
2025-09-03 11:11:25,251 - INFO - [dry-run] DB set 54ee29ef-482e-4c07-aa08-a496024ce886: {'stages.odm.state': 'blocked', 'stages.odm.message': 'file count mismatch (expected 2051, found 2044)'}
2025-09-03 11:11:25,252 - INFO - [dry-run] DB set 54ee29ef-482e-4c07-aa08-a496024ce886: status=file count mismatch
2025-09-03 11:11:25,912 - INFO - [dry-run] DB set 258e78df-739e-4bde-97f2-72bdd5067e57: {'stages.odm.state': 'succeeded', 'stages.odm.ended_at': datetime.datetime(2025, 9, 3, 15, 11, 25, 912376, tzinfo=datetime.timezone.utc), 'stages.odm.message': 'log.json success=true (log.json)'}
2025-09-03 11:11:25,912 - INFO - [dry-run] DB set 258e78df-739e-4bde-97f2-72bdd5067e57: {'stages.ortho_intel.state': 'succeeded', 'stages.ortho_intel.ended_at': datetime.datetime(2025, 9, 3, 15, 11, 25, 912376, tzinfo=datetime.timezone.utc), 'stages.ortho_intel.message': 'veg_indices raster present (vari_image.tif)'}
2025-09-03 11:11:26,063 - ERROR - f250bb09-84b4-4807-82b2-ba66e48f0506: file count mismatch (expected 196, found 154)
2025-09-03 11:11:26,063 - INFO - [dry-run] DB set f250bb09-84b4-4807-82b2-ba66e48f0506: {'stages.odm.state': 'blocked', 'stages.odm.message': 'file count mismatch (expected 196, found 154)'}
2025-09-03 11:11:26,063 - INFO - [dry-run] DB set f250bb09-84b4-4807-82b2-ba66e48f0506: status=file count mismatch
2025-09-03 11:11:26,812 - ERROR - 7902133d-e090-4493-bdda-2c73d3fe7ca6: file count mismatch (expected 3493, found 3472)
2025-09-03 11:11:26,813 - INFO - [dry-run] DB set 7902133d-e090-4493-bdda-2c73d3fe7ca6: {'stages.odm.state': 'blocked', 'stages.odm.message': 'file count mismatch (expected 3493, found 3472)'}
2025-09-03 11:11:26,813 - INFO - [dry-run] DB set 7902133d-e090-4493-bdda-2c73d3fe7ca6: status=file count mismatch
2025-09-03 11:11:31,285 - INFO - Reconciled 80 flights (station=central)
2025-09-03 11:12:15,740 - INFO - d165e269-fdb0-4daa-9900-f9c68e10d775: status processing -> processed
2025-09-03 11:12:16,017 - INFO - ad84df0c-f93b-4a47-8399-eadcb5fa5890: status ortho generated -> processed
2025-09-03 11:12:16,037 - ERROR - d8555f14-7217-463b-8029-93b78420eb51: file count mismatch (expected 397, found 405)
2025-09-03 11:12:16,322 - INFO - finalize: moving code/odm_georeferencing -> odm_georeferencing
2025-09-03 11:12:16,323 - INFO - finalize: moving code/img_list.txt -> img_list.txt
2025-09-03 11:12:16,325 - INFO - finalize: moving code/images.json -> images.json
2025-09-03 11:12:16,326 - INFO - finalize: moving code/benchmark.txt -> benchmark.txt
2025-09-03 11:12:16,327 - INFO - finalize: moving code/opensfm -> opensfm
2025-09-03 11:12:16,328 - INFO - finalize: moving code/cameras.json -> cameras.json
2025-09-03 11:12:16,330 - INFO - finalize: moving code/odm_filterpoints -> odm_filterpoints
2025-09-03 11:12:16,351 - INFO - finalize: moving code/odm_meshing -> odm_meshing
2025-09-03 11:12:16,353 - INFO - finalize: moving code/odm_texturing -> odm_texturing
2025-09-03 11:12:16,355 - INFO - finalize: moving code/odm_texturing_25d -> odm_texturing_25d
2025-09-03 11:12:16,357 - INFO - finalize: moving code/odm_dem -> odm_dem
2025-09-03 11:12:16,358 - INFO - finalize: moving code/odm_orthophoto -> odm_orthophoto
2025-09-03 11:12:16,373 - INFO - finalize: moving code/odm_report -> odm_report
2025-09-03 11:12:16,375 - INFO - finalize: moving code/log.json -> log.json
2025-09-03 11:12:16,377 - INFO - finalize: moving code/options.json -> options.json
2025-09-03 11:12:16,379 - INFO - finalize: removing empty code dir
2025-09-03 11:12:18,001 - INFO - f5a776df-8b43-45cc-b237-aae16b5813ef: status processing -> ortho generated
2025-09-03 11:12:18,007 - ERROR - 77599c20-29b7-4158-900a-5694e7e31db8: file count mismatch (expected 868, found 854)
2025-09-03 11:12:18,266 - ERROR - 09800191-5e5b-4504-a7ed-a19640d33a24: file count mismatch (expected 448, found 427)
2025-09-03 11:12:18,527 - ERROR - 9a7cb4aa-68de-4331-befa-4901d5db9417: file count mismatch (expected 4284, found 4263)
2025-09-03 11:12:18,805 - ERROR - 54ee29ef-482e-4c07-aa08-a496024ce886: file count mismatch (expected 2051, found 2044)
2025-09-03 11:12:19,116 - ERROR - f250bb09-84b4-4807-82b2-ba66e48f0506: file count mismatch (expected 196, found 154)
2025-09-03 11:12:19,400 - ERROR - 7902133d-e090-4493-bdda-2c73d3fe7ca6: file count mismatch (expected 3493, found 3472)
2025-09-03 11:12:19,894 - INFO - Reconciled 80 flights (station=central)
